event-id,visible,timestamp,location-long,location-lat,comments,gps:dop,sensor-type,individual-taxon-canonical-name,tag-local-identifier,individual-local-identifier,study-name
20661265214,true,2013-06-02 00:34:00.000,16.64952,-18.97342,"Halali-Agab",-9999.0,"gps","Loxodonta africana","Etosha1","Etosha1","African elephant - Namibia (Kilian)"
20661265282,true,2013-06-02 04:34:00.000,16.6302,-18.9667,"Halali-Agab",-9999.0,"gps","Loxodonta africana","Etosha1","Etosha1","African elephant - Namibia (Kilian)"
20661265355,true,2013-06-02 08:34:00.000,16.63123,-18.95558,"Halali-Agab",-9999.0,"gps","Loxodonta africana","Etosha1","Etosha1","African elephant - Namibia (Kilian)"
20661265428,true,2013-06-02 12:34:00.000,16.63872,-18.95602,"Halali-Agab",-9999.0,"gps","Loxodonta africana","Etosha1","Etosha1","African elephant - Namibia (Kilian)"
20661265501,true,2013-06-02 16:35:00.000,16.64517,-18.96167,"Halali-Agab",-9999.0,"gps","Loxodonta africana","Etosha1","Etosha1","African elephant - Namibia (Kilian)"
20661265627,true,2013-06-02 23:26:00.000,16.65597,-18.94243,"Halali-Agab",-9999.0,"gps","Loxodonta africana","Etosha1","Etosha1","African elephant - Namibia (Kilian)"
20661265699,true,2013-06-03 03:26:00.000,16.65938,-18.94418,"Halali-Agab",-9999.0,"gps","Loxodonta africana","Etosha1","Etosha1","African elephant - Namibia (Kilian)"
20661265884,true,2013-06-03 13:56:00.000,16.65828,-18.94497,"Halali-Agab",-9999.0,"gps","Loxodonta africana","Etosha1","Etosha1","African elephant - Namibia (Kilian)"
20661265955,true,2013-06-03 17:57:00.000,16.66388,-18.96413,"Halali-Agab",-9999.0,"gps","Loxodonta africana","Etosha1","Etosha1","African elephant - Namibia (Kilian)"
20661266029,true,2013-06-03 21:56:00.000,16.63675,-18.95322,"Halali-Agab",-9999.0,"gps","Loxodonta africana","Etosha1","Etosha1","African elephant - Namibia (Kilian)"
20661266101,true,2013-06-04 01:55:00.000,16.63322,-18.95287,"Halali-Agab",-9999.0,"gps","Loxodonta africana","Etosha1","Etosha1","African elephant - Namibia (Kilian)"
20661266156,true,2013-06-04 05:55:00.000,16.63523,-18.95562,"Halali-Agab",-9999.0,"gps","Loxodonta africana","Etosha1","Etosha1","African elephant - Namibia (Kilian)"
20661266225,true,2013-06-04 09:55:00.000,16.65198,-18.95128,"Halali-Agab",-9999.0,"gps","Loxodonta africana","Etosha1","Etosha1","African elephant - Namibia (Kilian)"
20661266298,true,2013-06-04 13:55:00.000,16.65272,-18.95413,"Halali-Agab",-9999.0,"gps","Loxodonta africana","Etosha1","Etosha1","African elephant - Namibia (Kilian)"
20661266370,true,2013-06-04 17:56:00.000,16.65633,-18.96463,"Halali-Agab",-9999.0,"gps","Loxodonta africana","Etosha1","Etosha1","African elephant - Namibia (Kilian)"
20661266443,true,2013-06-04 21:56:00.000,16.65345,-18.94765,"Halali-Agab",-9999.0,"gps","Loxodonta africana","Etosha1","Etosha1","African elephant - Namibia (Kilian)"
20661266516,true,2013-06-05 01:57:00.000,16.6491,-18.94082,"Halali-Agab",-9999.0,"gps","Loxodonta africana","Etosha1","Etosha1","African elephant - Namibia (Kilian)"
20661266587,true,2013-06-05 05:56:00.000,16.64815,-18.94107,"Halali-Agab",-9999.0,"gps","Loxodonta africana","Etosha1","Etosha1","African elephant - Namibia (Kilian)"
20661266660,true,2013-06-05 09:55:00.000,16.6492,-18.95122,"Halali-Agab",-9999.0,"gps","Loxodonta africana","Etosha1","Etosha1","African elephant - Namibia (Kilian)"
20661266733,true,2013-06-05 13:55:00.000,16.6495,-18.95452,"Halali-Agab",-9999.0,"gps","Loxodonta africana","Etosha1","Etosha1","African elephant - Namibia (Kilian)"
20661266806,true,2013-06-05 17:55:00.000,16.66645,-18.95308,"Halali-Agab",-9999.0,"gps","Loxodonta africana","Etosha1","Etosha1","African elephant - Namibia (Kilian)"
20661266879,true,2013-06-05 21:56:00.000,16.66402,-18.94075,"Halali-Agab",-9999.0,"gps","Loxodonta africana","Etosha1","Etosha1","African elephant - Namibia (Kilian)"
20661267020,true,2013-06-06 05:56:00.000,16.66105,-18.94802,"Halali-Agab",-9999.0,"gps","Loxodonta africana","Etosha1","Etosha1","African elephant - Namibia (Kilian)"
20661267093,true,2013-06-06 09:55:00.000,16.6645,-18.9517,"Halali-Agab",-9999.0,"gps","Loxodonta africana","Etosha1","Etosha1","African elephant - Namibia (Kilian)"
20661267166,true,2013-06-06 13:55:00.000,16.66332,-18.95715,"Halali-Agab",-9999.0,"gps","Loxodonta africana","Etosha1","Etosha1","African elephant - Namibia (Kilian)"
20661267239,true,2013-06-06 17:55:00.000,16.65425,-18.97273,"Halali-Agab",-9999.0,"gps","Loxodonta africana","Etosha1","Etosha1","African elephant - Namibia (Kilian)"
20661267312,true,2013-06-06 21:55:00.000,16.63418,-18.94958,"Halali-Agab",-9999.0,"gps","Loxodonta africana","Etosha1","Etosha1","African elephant - Namibia (Kilian)"
20661267385,true,2013-06-07 01:56:00.000,16.63823,-18.94582,"Halali-Agab",-9999.0,"gps","Loxodonta africana","Etosha1","Etosha1","African elephant - Namibia (Kilian)"
20661267456,true,2013-06-07 05:56:00.000,16.644,-18.94882,"Halali-Agab",-9999.0,"gps","Loxodonta africana","Etosha1","Etosha1","African elephant - Namibia (Kilian)"
20661267529,true,2013-06-07 09:56:00.000,16.64933,-18.94967,"Halali-Agab",-9999.0,"gps","Loxodonta africana","Etosha1","Etosha1","African elephant - Namibia (Kilian)"
20661267602,true,2013-06-07 13:55:00.000,16.65007,-18.95248,"Halali-Agab",-9999.0,"gps","Loxodonta africana","Etosha1","Etosha1","African elephant - Namibia (Kilian)"
20661267675,true,2013-06-07 17:55:00.000,16.65782,-18.97378,"Halali-Agab",-9999.0,"gps","Loxodonta africana","Etosha1","Etosha1","African elephant - Namibia (Kilian)"
20661267748,true,2013-06-07 21:56:00.000,16.6505,-18.94027,"Halali-Agab",-9999.0,"gps","Loxodonta africana","Etosha1","Etosha1","African elephant - Namibia (Kilian)"
20661267820,true,2013-06-08 01:55:00.000,16.65738,-18.9386,"Halali-Agab",-9999.0,"gps","Loxodonta africana","Etosha1","Etosha1","African elephant - Namibia (Kilian)"
20661267891,true,2013-06-08 05:55:00.000,16.65658,-18.94235,"Halali-Agab",-9999.0,"gps","Loxodonta africana","Etosha1","Etosha1","African elephant - Namibia (Kilian)"
20661267963,true,2013-06-08 09:55:00.000,16.62773,-18.9599,"Halali-Agab",-9999.0,"gps","Loxodonta africana","Etosha1","Etosha1","African elephant - Namibia (Kilian)"
20661268037,true,2013-06-08 13:56:00.000,16.61997,-18.95737,"Halali-Agab",-9999.0,"gps","Loxodonta africana","Etosha1","Etosha1","African elephant - Namibia (Kilian)"
20661268109,true,2013-06-08 17:55:00.000,16.63647,-18.97532,"Halali-Agab",-9999.0,"gps","Loxodonta africana","Etosha1","Etosha1","African elephant - Namibia (Kilian)"
20661268228,true,2013-06-09 00:22:00.000,16.63043,-18.95952,"Halali-Agab",-9999.0,"gps","Loxodonta africana","Etosha1","Etosha1","African elephant - Namibia (Kilian)"
20661268301,true,2013-06-09 04:21:00.000,16.61963,-18.9575,"Halali-Agab",-9999.0,"gps","Loxodonta africana","Etosha1","Etosha1","African elephant - Namibia (Kilian)"
20661268372,true,2013-06-09 08:23:00.000,16.60578,-18.96485,"Halali-Agab",-9999.0,"gps","Loxodonta africana","Etosha1","Etosha1","African elephant - Namibia (Kilian)"
20661268443,true,2013-06-09 12:22:00.000,16.60048,-18.96778,"Halali-Agab",-9999.0,"gps","Loxodonta africana","Etosha1","Etosha1","African elephant - Namibia (Kilian)"
20661268588,true,2013-06-09 20:22:00.000,16.62652,-18.97752,"Halali-Agab",-9999.0,"gps","Loxodonta africana","Etosha1","Etosha1","African elephant - Namibia (Kilian)"
20661268662,true,2013-06-10 00:23:00.000,16.63598,-18.97528,"Halali-Agab",-9999.0,"gps","Loxodonta africana","Etosha1","Etosha1","African elephant - Namibia (Kilian)"
20661268733,true,2013-06-10 04:21:00.000,16.65303,-18.97455,"Halali-Agab",-9999.0,"gps","Loxodonta africana","Etosha1","Etosha1","African elephant - Namibia (Kilian)"
20661268805,true,2013-06-10 08:21:00.000,16.62983,-18.96608,"Halali-Agab",-9999.0,"gps","Loxodonta africana","Etosha1","Etosha1","African elephant - Namibia (Kilian)"
20661268877,true,2013-06-10 12:22:00.000,16.62682,-18.95647,"Halali-Agab",-9999.0,"gps","Loxodonta africana","Etosha1","Etosha1","African elephant - Namibia (Kilian)"
20661269020,true,2013-06-10 20:21:00.000,16.60103,-18.96467,"Halali-Agab",-9999.0,"gps","Loxodonta africana","Etosha1","Etosha1","African elephant - Namibia (Kilian)"
20661269163,true,2013-06-11 04:22:00.000,16.589,-18.96502,"Halali-Agab",-9999.0,"gps","Loxodonta africana","Etosha1","Etosha1","African elephant - Namibia (Kilian)"
20661269233,true,2013-06-11 08:21:00.000,16.58497,-18.96813,"Halali-Agab",-9999.0,"gps","Loxodonta africana","Etosha1","Etosha1","African elephant - Namibia (Kilian)"
20661269305,true,2013-06-11 12:21:00.000,16.58042,-18.97397,"Halali-Agab",-9999.0,"gps","Loxodonta africana","Etosha1","Etosha1","African elephant - Namibia (Kilian)"
20661269378,true,2013-06-11 16:22:00.000,16.55807,-18.99032,"Halali-Agab",-9999.0,"gps","Loxodonta africana","Etosha1","Etosha1","African elephant - Namibia (Kilian)"
20661269451,true,2013-06-11 20:22:00.000,16.56942,-18.9743,"Halali-Agab",-9999.0,"gps","Loxodonta africana","Etosha1","Etosha1","African elephant - Namibia (Kilian)"
20661269525,true,2013-06-12 00:22:00.000,16.57667,-18.96757,"Halali-Agab",-9999.0,"gps","Loxodonta africana","Etosha1","Etosha1","African elephant - Namibia (Kilian)"
20661269596,true,2013-06-12 04:22:00.000,16.57837,-18.9628,"Halali-Agab",-9999.0,"gps","Loxodonta africana","Etosha1","Etosha1","African elephant - Namibia (Kilian)"
20661269669,true,2013-06-12 08:21:00.000,16.57268,-18.95148,"Halali-Agab",-9999.0,"gps","Loxodonta africana","Etosha1","Etosha1","African elephant - Namibia (Kilian)"
20661269755,true,2013-06-12 13:08:00.000,16.55722,-18.93937,"Halali-Agab",-9999.0,"gps","Loxodonta africana","Etosha1","Etosha1","African elephant - Namibia (Kilian)"
20661269781,true,2013-06-12 14:18:00.000,16.55598,-18.93957,"Halali-Agab",-9999.0,"gps","Loxodonta africana","Etosha1","Etosha1","African elephant - Namibia (Kilian)"
20661269797,true,2013-06-12 14:47:00.000,16.55583,-18.9395,"Halali-Agab",-9999.0,"gps","Loxodonta africana","Etosha1","Etosha1","African elephant - Namibia (Kilian)"
20661269809,true,2013-06-12 15:16:00.000,16.55915,-18.93777,"Halali-Agab",-9999.0,"gps","Loxodonta africana","Etosha1","Etosha1","African elephant - Namibia (Kilian)"
20661269827,true,2013-06-12 15:46:00.000,16.56102,-18.93538,"Halali-Agab",-9999.0,"gps","Loxodonta africana","Etosha1","Etosha1","African elephant - Namibia (Kilian)"
20661269865,true,2013-06-12 17:02:00.000,16.56717,-18.93195,"Halali-Agab",-9999.0,"gps","Loxodonta africana","Etosha1","Etosha1","African elephant - Namibia (Kilian)"
20661269878,true,2013-06-12 17:31:00.000,16.56793,-18.93167,"Halali-Agab",-9999.0,"gps","Loxodonta africana","Etosha1","Etosha1","African elephant - Namibia (Kilian)"
20661269896,true,2013-06-12 18:02:00.000,16.56912,-18.9317,"Halali-Agab",-9999.0,"gps","Loxodonta africana","Etosha1","Etosha1","African elephant - Namibia (Kilian)"
20661269908,true,2013-06-12 18:31:00.000,16.56967,-18.93175,"Halali-Agab",-9999.0,"gps","Loxodonta africana","Etosha1","Etosha1","African elephant - Namibia (Kilian)"
20661269925,true,2013-06-12 19:01:00.000,16.57188,-18.93172,"Halali-Agab",-9999.0,"gps","Loxodonta africana","Etosha1","Etosha1","African elephant - Namibia (Kilian)"
20661269954,true,2013-06-12 20:01:00.000,16.57548,-18.93253,"Halali-Agab",-9999.0,"gps","Loxodonta africana","Etosha1","Etosha1","African elephant - Namibia (Kilian)"
20661269967,true,2013-06-12 20:31:00.000,16.57703,-18.93217,"Halali-Agab",-9999.0,"gps","Loxodonta africana","Etosha1","Etosha1","African elephant - Namibia (Kilian)"
20661269985,true,2013-06-12 21:02:00.000,16.577,-18.93227,"Halali-Agab",-9999.0,"gps","Loxodonta africana","Etosha1","Etosha1","African elephant - Namibia (Kilian)"
20661269998,true,2013-06-12 21:32:00.000,16.5768,-18.93217,"Halali-Agab",-9999.0,"gps","Loxodonta africana","Etosha1","Etosha1","African elephant - Namibia (Kilian)"
20661270015,true,2013-06-12 22:02:00.000,16.57697,-18.93208,"Halali-Agab",-9999.0,"gps","Loxodonta africana","Etosha1","Etosha1","African elephant - Namibia (Kilian)"
20661270027,true,2013-06-12 22:31:00.000,16.57673,-18.9322,"Halali-Agab",-9999.0,"gps","Loxodonta africana","Etosha1","Etosha1","African elephant - Namibia (Kilian)"
20661270056,true,2013-06-12 23:32:00.000,16.57675,-18.93237,"Halali-Agab",-9999.0,"gps","Loxodonta africana","Etosha1","Etosha1","African elephant - Namibia (Kilian)"
20661270073,true,2013-06-13 00:01:00.000,16.57678,-18.93295,"Halali-Agab",-9999.0,"gps","Loxodonta africana","Etosha1","Etosha1","African elephant - Namibia (Kilian)"
20661270086,true,2013-06-13 00:31:00.000,16.57687,-18.93412,"Halali-Agab",-9999.0,"gps","Loxodonta africana","Etosha1","Etosha1","African elephant - Namibia (Kilian)"
20661270104,true,2013-06-13 01:01:00.000,16.57652,-18.93478,"Halali-Agab",-9999.0,"gps","Loxodonta africana","Etosha1","Etosha1","African elephant - Namibia (Kilian)"
20661270117,true,2013-06-13 01:31:00.000,16.58305,-18.93373,"Halali-Agab",-9999.0,"gps","Loxodonta africana","Etosha1","Etosha1","African elephant - Namibia (Kilian)"
20661270134,true,2013-06-13 02:01:00.000,16.58535,-18.934,"Halali-Agab",-9999.0,"gps","Loxodonta africana","Etosha1","Etosha1","African elephant - Namibia (Kilian)"
20661270144,true,2013-06-13 02:32:00.000,16.58918,-18.93403,"Halali-Agab",-9999.0,"gps","Loxodonta africana","Etosha1","Etosha1","African elephant - Namibia (Kilian)"
20661270161,true,2013-06-13 03:01:00.000,16.5916,-18.93517,"Halali-Agab",-9999.0,"gps","Loxodonta africana","Etosha1","Etosha1","African elephant - Namibia (Kilian)"
20661270174,true,2013-06-13 03:32:00.000,16.59388,-18.93638,"Halali-Agab",-9999.0,"gps","Loxodonta africana","Etosha1","Etosha1","African elephant - Namibia (Kilian)"
20661270191,true,2013-06-13 04:01:00.000,16.59668,-18.93782,"Halali-Agab",-9999.0,"gps","Loxodonta africana","Etosha1","Etosha1","African elephant - Namibia (Kilian)"
20661270202,true,2013-06-13 04:33:00.000,16.59675,-18.93793,"Halali-Agab",-9999.0,"gps","Loxodonta africana","Etosha1","Etosha1","African elephant - Namibia (Kilian)"
20661270220,true,2013-06-13 05:03:00.000,16.59677,-18.93808,"Halali-Agab",-9999.0,"gps","Loxodonta africana","Etosha1","Etosha1","African elephant - Namibia (Kilian)"
20661270233,true,2013-06-13 05:32:00.000,16.59687,-18.93783,"Halali-Agab",-9999.0,"gps","Loxodonta africana","Etosha1","Etosha1","African elephant - Namibia (Kilian)"
20661270250,true,2013-06-13 06:02:00.000,16.59667,-18.93788,"Halali-Agab",-9999.0,"gps","Loxodonta africana","Etosha1","Etosha1","African elephant - Namibia (Kilian)"
20661270263,true,2013-06-13 06:31:00.000,16.59687,-18.93945,"Halali-Agab",-9999.0,"gps","Loxodonta africana","Etosha1","Etosha1","African elephant - Namibia (Kilian)"
20661270280,true,2013-06-13 07:01:00.000,16.59695,-18.94148,"Halali-Agab",-9999.0,"gps","Loxodonta africana","Etosha1","Etosha1","African elephant - Namibia (Kilian)"
20661270294,true,2013-06-13 07:33:00.000,16.59063,-18.94877,"Halali-Agab",-9999.0,"gps","Loxodonta africana","Etosha1","Etosha1","African elephant - Namibia (Kilian)"
20661270311,true,2013-06-13 08:01:00.000,16.58512,-18.94953,"Halali-Agab",-9999.0,"gps","Loxodonta africana","Etosha1","Etosha1","African elephant - Namibia (Kilian)"
20661270347,true,2013-06-13 09:20:00.000,16.57662,-18.95125,"Halali-Agab",-9999.0,"gps","Loxodonta africana","Etosha1","Etosha1","African elephant - Namibia (Kilian)"
20661270361,true,2013-06-13 09:49:00.000,16.57493,-18.95183,"Halali-Agab",-9999.0,"gps","Loxodonta africana","Etosha1","Etosha1","African elephant - Namibia (Kilian)"
20661270372,true,2013-06-13 10:18:00.000,16.57293,-18.95338,"Halali-Agab",-9999.0,"gps","Loxodonta africana","Etosha1","Etosha1","African elephant - Namibia (Kilian)"
20661270389,true,2013-06-13 10:49:00.000,16.57162,-18.95398,"Halali-Agab",-9999.0,"gps","Loxodonta africana","Etosha1","Etosha1","African elephant - Namibia (Kilian)"
20661270404,true,2013-06-13 11:20:00.000,16.5702,-18.95378,"Halali-Agab",-9999.0,"gps","Loxodonta africana","Etosha1","Etosha1","African elephant - Namibia (Kilian)"
20661270419,true,2013-06-13 11:49:00.000,16.56972,-18.95297,"Halali-Agab",-9999.0,"gps","Loxodonta africana","Etosha1","Etosha1","African elephant - Namibia (Kilian)"
20661270432,true,2013-06-13 12:20:00.000,16.56865,-18.95273,"Halali-Agab",-9999.0,"gps","Loxodonta africana","Etosha1","Etosha1","African elephant - Namibia (Kilian)"
20661270448,true,2013-06-13 12:49:00.000,16.5667,-18.95112,"Halali-Agab",-9999.0,"gps","Loxodonta africana","Etosha1","Etosha1","African elephant - Namibia (Kilian)"
20661270460,true,2013-06-13 13:19:00.000,16.56612,-18.95078,"Halali-Agab",-9999.0,"gps","Loxodonta africana","Etosha1","Etosha1","African elephant - Namibia (Kilian)"
20661270477,true,2013-06-13 13:49:00.000,16.56488,-18.95087,"Halali-Agab",-9999.0,"gps","Loxodonta africana","Etosha1","Etosha1","African elephant - Namibia (Kilian)"
20661270487,true,2013-06-13 14:19:00.000,16.56138,-18.9509,"Halali-Agab",-9999.0,"gps","Loxodonta africana","Etosha1","Etosha1","African elephant - Namibia (Kilian)"
20661270504,true,2013-06-13 14:50:00.000,16.56008,-18.95055,"Halali-Agab",-9999.0,"gps","Loxodonta africana","Etosha1","Etosha1","African elephant - Namibia (Kilian)"
20661270516,true,2013-06-13 15:19:00.000,16.55832,-18.94912,"Halali-Agab",-9999.0,"gps","Loxodonta africana","Etosha1","Etosha1","African elephant - Namibia (Kilian)"
20661270534,true,2013-06-13 15:50:00.000,16.55363,-18.94473,"Halali-Agab",-9999.0,"gps","Loxodonta africana","Etosha1","Etosha1","African elephant - Namibia (Kilian)"
20661270545,true,2013-06-13 16:19:00.000,16.54978,-18.9422,"Halali-Agab",-9999.0,"gps","Loxodonta africana","Etosha1","Etosha1","African elephant - Namibia (Kilian)"
20661270564,true,2013-06-13 16:49:00.000,16.54745,-18.9457,"Halali-Agab",-9999.0,"gps","Loxodonta africana","Etosha1","Etosha1","African elephant - Namibia (Kilian)"
20661270576,true,2013-06-13 17:19:00.000,16.54397,-18.9481,"Halali-Agab",-9999.0,"gps","Loxodonta africana","Etosha1","Etosha1","African elephant - Namibia (Kilian)"
20661270594,true,2013-06-13 17:49:00.000,16.54223,-18.94878,"Halali-Agab",-9999.0,"gps","Loxodonta africana","Etosha1","Etosha1","African elephant - Namibia (Kilian)"
20661270605,true,2013-06-13 18:19:00.000,16.53988,-18.94828,"Halali-Agab",-9999.0,"gps","Loxodonta africana","Etosha1","Etosha1","African elephant - Namibia (Kilian)"
20661270622,true,2013-06-13 18:49:00.000,16.53845,-18.9484,"Halali-Agab",-9999.0,"gps","Loxodonta africana","Etosha1","Etosha1","African elephant - Namibia (Kilian)"
20661270657,true,2013-06-13 20:01:00.000,16.53382,-18.9492,"Halali-Agab",-9999.0,"gps","Loxodonta africana","Etosha1","Etosha1","African elephant - Namibia (Kilian)"
20661270670,true,2013-06-13 20:29:00.000,16.53112,-18.94918,"Halali-Agab",-9999.0,"gps","Loxodonta africana","Etosha1","Etosha1","African elephant - Namibia (Kilian)"
20661270683,true,2013-06-13 20:59:00.000,16.5293,-18.95,"Halali-Agab",-9999.0,"gps","Loxodonta africana","Etosha1","Etosha1","African elephant - Namibia (Kilian)"
20661270701,true,2013-06-13 21:28:00.000,16.52607,-18.95015,"Halali-Agab",-9999.0,"gps","Loxodonta africana","Etosha1","Etosha1","African elephant - Namibia (Kilian)"
20661270712,true,2013-06-13 21:59:00.000,16.52447,-18.951,"Halali-Agab",-9999.0,"gps","Loxodonta africana","Etosha1","Etosha1","African elephant - Namibia (Kilian)"
20661270729,true,2013-06-13 22:30:00.000,16.52227,-18.95192,"Halali-Agab",-9999.0,"gps","Loxodonta africana","Etosha1","Etosha1","African elephant - Namibia (Kilian)"
20661270741,true,2013-06-13 22:59:00.000,16.51472,-18.9562,"Halali-Agab",-9999.0,"gps","Loxodonta africana","Etosha1","Etosha1","African elephant - Namibia (Kilian)"
20661270760,true,2013-06-13 23:29:00.000,16.50665,-18.95618,"Halali-Agab",-9999.0,"gps","Loxodonta africana","Etosha1","Etosha1","African elephant - Namibia (Kilian)"
20661270771,true,2013-06-13 23:59:00.000,16.50612,-18.95597,"Halali-Agab",-9999.0,"gps","Loxodonta africana","Etosha1","Etosha1","African elephant - Namibia (Kilian)"
20661270789,true,2013-06-14 00:29:00.000,16.50612,-18.95615,"Halali-Agab",-9999.0,"gps","Loxodonta africana","Etosha1","Etosha1","African elephant - Namibia (Kilian)"
20661270802,true,2013-06-14 00:59:00.000,16.50605,-18.95587,"Halali-Agab",-9999.0,"gps","Loxodonta africana","Etosha1","Etosha1","African elephant - Namibia (Kilian)"
20661270820,true,2013-06-14 01:29:00.000,16.506,-18.956,"Halali-Agab",-9999.0,"gps","Loxodonta africana","Etosha1","Etosha1","African elephant - Namibia (Kilian)"
20661270832,true,2013-06-14 01:59:00.000,16.50597,-18.95588,"Halali-Agab",-9999.0,"gps","Loxodonta africana","Etosha1","Etosha1","African elephant - Namibia (Kilian)"
20661270849,true,2013-06-14 02:29:00.000,16.50717,-18.95527,"Halali-Agab",-9999.0,"gps","Loxodonta africana","Etosha1","Etosha1","African elephant - Namibia (Kilian)"
20661270861,true,2013-06-14 02:58:00.000,16.50852,-18.95578,"Halali-Agab",-9999.0,"gps","Loxodonta africana","Etosha1","Etosha1","African elephant - Namibia (Kilian)"
20661270878,true,2013-06-14 03:29:00.000,16.5097,-18.95762,"Halali-Agab",-9999.0,"gps","Loxodonta africana","Etosha1","Etosha1","African elephant - Namibia (Kilian)"
20661270891,true,2013-06-14 03:58:00.000,16.51428,-18.96235,"Halali-Agab",-9999.0,"gps","Loxodonta africana","Etosha1","Etosha1","African elephant - Namibia (Kilian)"
20661270908,true,2013-06-14 04:29:00.000,16.51695,-18.9698,"Halali-Agab",-9999.0,"gps","Loxodonta africana","Etosha1","Etosha1","African elephant - Namibia (Kilian)"
20661270920,true,2013-06-14 04:59:00.000,16.51688,-18.97605,"Halali-Agab",-9999.0,"gps","Loxodonta africana","Etosha1","Etosha1","African elephant - Namibia (Kilian)"
20661270938,true,2013-06-14 05:29:00.000,16.51722,-18.97787,"Halali-Agab",-9999.0,"gps","Loxodonta africana","Etosha1","Etosha1","African elephant - Namibia (Kilian)"
20661270950,true,2013-06-14 05:59:00.000,16.51692,-18.9793,"Halali-Agab",-9999.0,"gps","Loxodonta africana","Etosha1","Etosha1","African elephant - Namibia (Kilian)"
20661270968,true,2013-06-14 06:28:00.000,16.51713,-18.97982,"Halali-Agab",-9999.0,"gps","Loxodonta africana","Etosha1","Etosha1","African elephant - Namibia (Kilian)"
20661270980,true,2013-06-14 06:59:00.000,16.5168,-18.98062,"Halali-Agab",-9999.0,"gps","Loxodonta africana","Etosha1","Etosha1","African elephant - Namibia (Kilian)"
20661270998,true,2013-06-14 07:29:00.000,16.51673,-18.98167,"Halali-Agab",-9999.0,"gps","Loxodonta africana","Etosha1","Etosha1","African elephant - Namibia (Kilian)"
20661271010,true,2013-06-14 07:59:00.000,16.5188,-18.98248,"Halali-Agab",-9999.0,"gps","Loxodonta africana","Etosha1","Etosha1","African elephant - Namibia (Kilian)"
20661271028,true,2013-06-14 08:29:00.000,16.52045,-18.9831,"Halali-Agab",-9999.0,"gps","Loxodonta africana","Etosha1","Etosha1","African elephant - Namibia (Kilian)"
20661271040,true,2013-06-14 08:59:00.000,16.52152,-18.98318,"Halali-Agab",-9999.0,"gps","Loxodonta africana","Etosha1","Etosha1","African elephant - Namibia (Kilian)"
20661271057,true,2013-06-14 09:29:00.000,16.52287,-18.9829,"Halali-Agab",-9999.0,"gps","Loxodonta africana","Etosha1","Etosha1","African elephant - Namibia (Kilian)"
20661271069,true,2013-06-14 09:59:00.000,16.5236,-18.98253,"Halali-Agab",-9999.0,"gps","Loxodonta africana","Etosha1","Etosha1","African elephant - Namibia (Kilian)"
20661271085,true,2013-06-14 10:29:00.000,16.52352,-18.98237,"Halali-Agab",-9999.0,"gps","Loxodonta africana","Etosha1","Etosha1","African elephant - Namibia (Kilian)"
20661271096,true,2013-06-14 10:59:00.000,16.52353,-18.98242,"Halali-Agab",-9999.0,"gps","Loxodonta africana","Etosha1","Etosha1","African elephant - Namibia (Kilian)"
20661271130,true,2013-06-14 12:12:00.000,16.52427,-18.98243,"Halali-Agab",-9999.0,"gps","Loxodonta africana","Etosha1","Etosha1","African elephant - Namibia (Kilian)"
20661271147,true,2013-06-14 12:41:00.000,16.5247,-18.98243,"Halali-Agab",-9999.0,"gps","Loxodonta africana","Etosha1","Etosha1","African elephant - Namibia (Kilian)"
20661271175,true,2013-06-14 13:40:00.000,16.52573,-18.98228,"Halali-Agab",-9999.0,"gps","Loxodonta africana","Etosha1","Etosha1","African elephant - Namibia (Kilian)"
20661271189,true,2013-06-14 14:11:00.000,16.52673,-18.98255,"Halali-Agab",-9999.0,"gps","Loxodonta africana","Etosha1","Etosha1","African elephant - Namibia (Kilian)"
20661271205,true,2013-06-14 14:41:00.000,16.52805,-18.98322,"Halali-Agab",-9999.0,"gps","Loxodonta africana","Etosha1","Etosha1","African elephant - Namibia (Kilian)"
20661271217,true,2013-06-14 15:11:00.000,16.5299,-18.98353,"Halali-Agab",-9999.0,"gps","Loxodonta africana","Etosha1","Etosha1","African elephant - Namibia (Kilian)"
20661271232,true,2013-06-14 15:41:00.000,16.53057,-18.98383,"Halali-Agab",-9999.0,"gps","Loxodonta africana","Etosha1","Etosha1","African elephant - Namibia (Kilian)"
20661271244,true,2013-06-14 16:10:00.000,16.53175,-18.98445,"Halali-Agab",-9999.0,"gps","Loxodonta africana","Etosha1","Etosha1","African elephant - Namibia (Kilian)"
20661271261,true,2013-06-14 16:41:00.000,16.53347,-18.98505,"Halali-Agab",-9999.0,"gps","Loxodonta africana","Etosha1","Etosha1","African elephant - Namibia (Kilian)"
20661271275,true,2013-06-14 17:10:00.000,16.535,-18.98498,"Halali-Agab",-9999.0,"gps","Loxodonta africana","Etosha1","Etosha1","African elephant - Namibia (Kilian)"
20661271292,true,2013-06-14 17:41:00.000,16.5378,-18.98487,"Halali-Agab",-9999.0,"gps","Loxodonta africana","Etosha1","Etosha1","African elephant - Namibia (Kilian)"
20661271305,true,2013-06-14 18:10:00.000,16.54037,-18.98462,"Halali-Agab",-9999.0,"gps","Loxodonta africana","Etosha1","Etosha1","African elephant - Namibia (Kilian)"
20661271320,true,2013-06-14 18:40:00.000,16.54303,-18.98452,"Halali-Agab",-9999.0,"gps","Loxodonta africana","Etosha1","Etosha1","African elephant - Namibia (Kilian)"
20661271335,true,2013-06-14 19:10:00.000,16.5446,-18.98367,"Halali-Agab",-9999.0,"gps","Loxodonta africana","Etosha1","Etosha1","African elephant - Namibia (Kilian)"
20661271350,true,2013-06-14 19:40:00.000,16.54603,-18.98095,"Halali-Agab",-9999.0,"gps","Loxodonta africana","Etosha1","Etosha1","African elephant - Namibia (Kilian)"
20661271365,true,2013-06-14 20:11:00.000,16.54783,-18.98018,"Halali-Agab",-9999.0,"gps","Loxodonta africana","Etosha1","Etosha1","African elephant - Namibia (Kilian)"
20661271381,true,2013-06-14 20:40:00.000,16.5515,-18.9819,"Halali-Agab",-9999.0,"gps","Loxodonta africana","Etosha1","Etosha1","African elephant - Namibia (Kilian)"
20661271395,true,2013-06-14 21:10:00.000,16.55342,-18.98317,"Halali-Agab",-9999.0,"gps","Loxodonta africana","Etosha1","Etosha1","African elephant - Namibia (Kilian)"
20661271411,true,2013-06-14 21:40:00.000,16.55385,-18.98392,"Halali-Agab",-9999.0,"gps","Loxodonta africana","Etosha1","Etosha1","African elephant - Namibia (Kilian)"
20661271426,true,2013-06-14 22:10:00.000,16.55395,-18.98423,"Halali-Agab",-9999.0,"gps","Loxodonta africana","Etosha1","Etosha1","African elephant - Namibia (Kilian)"
20661271444,true,2013-06-14 22:41:00.000,16.55728,-18.98935,"Halali-Agab",-9999.0,"gps","Loxodonta africana","Etosha1","Etosha1","African elephant - Namibia (Kilian)"
20661271457,true,2013-06-14 23:11:00.000,16.55745,-18.98967,"Halali-Agab",-9999.0,"gps","Loxodonta africana","Etosha1","Etosha1","African elephant - Namibia (Kilian)"
20661271473,true,2013-06-14 23:40:00.000,16.55738,-18.99105,"Halali-Agab",-9999.0,"gps","Loxodonta africana","Etosha1","Etosha1","African elephant - Namibia (Kilian)"
20661271486,true,2013-06-15 00:10:00.000,16.55982,-18.99107,"Halali-Agab",-9999.0,"gps","Loxodonta africana","Etosha1","Etosha1","African elephant - Namibia (Kilian)"
20661271502,true,2013-06-15 00:40:00.000,16.56873,-18.99532,"Halali-Agab",-9999.0,"gps","Loxodonta africana","Etosha1","Etosha1","African elephant - Namibia (Kilian)"
20661271517,true,2013-06-15 01:11:00.000,16.5769,-18.99718,"Halali-Agab",-9999.0,"gps","Loxodonta africana","Etosha1","Etosha1","African elephant - Namibia (Kilian)"
20661271532,true,2013-06-15 01:40:00.000,16.58142,-18.99765,"Halali-Agab",-9999.0,"gps","Loxodonta africana","Etosha1","Etosha1","African elephant - Namibia (Kilian)"
20661271543,true,2013-06-15 02:11:00.000,16.58163,-19.00108,"Halali-Agab",-9999.0,"gps","Loxodonta africana","Etosha1","Etosha1","African elephant - Namibia (Kilian)"
20661271560,true,2013-06-15 02:40:00.000,16.5817,-19.00195,"Halali-Agab",-9999.0,"gps","Loxodonta africana","Etosha1","Etosha1","African elephant - Namibia (Kilian)"
20661271575,true,2013-06-15 03:10:00.000,16.5824,-19.00278,"Halali-Agab",-9999.0,"gps","Loxodonta africana","Etosha1","Etosha1","African elephant - Namibia (Kilian)"
20661271593,true,2013-06-15 03:41:00.000,16.58235,-19.0033,"Halali-Agab",-9999.0,"gps","Loxodonta africana","Etosha1","Etosha1","African elephant - Namibia (Kilian)"
20661271605,true,2013-06-15 04:11:00.000,16.58257,-19.0033,"Halali-Agab",-9999.0,"gps","Loxodonta africana","Etosha1","Etosha1","African elephant - Namibia (Kilian)"
20661271622,true,2013-06-15 04:41:00.000,16.58187,-19.0034,"Halali-Agab",-9999.0,"gps","Loxodonta africana","Etosha1","Etosha1","African elephant - Namibia (Kilian)"
20661271635,true,2013-06-15 05:11:00.000,16.5824,-19.00325,"Halali-Agab",-9999.0,"gps","Loxodonta africana","Etosha1","Etosha1","African elephant - Namibia (Kilian)"
20661271653,true,2013-06-15 05:41:00.000,16.58212,-19.00338,"Halali-Agab",-9999.0,"gps","Loxodonta africana","Etosha1","Etosha1","African elephant - Namibia (Kilian)"
20661271665,true,2013-06-15 06:10:00.000,16.58195,-19.0039,"Halali-Agab",-9999.0,"gps","Loxodonta africana","Etosha1","Etosha1","African elephant - Namibia (Kilian)"
20661271683,true,2013-06-15 06:41:00.000,16.5812,-19.00537,"Halali-Agab",-9999.0,"gps","Loxodonta africana","Etosha1","Etosha1","African elephant - Namibia (Kilian)"
20661271696,true,2013-06-15 07:10:00.000,16.58047,-19.00597,"Halali-Agab",-9999.0,"gps","Loxodonta africana","Etosha1","Etosha1","African elephant - Namibia (Kilian)"
20661271712,true,2013-06-15 07:40:00.000,16.5798,-19.00613,"Halali-Agab",-9999.0,"gps","Loxodonta africana","Etosha1","Etosha1","African elephant - Namibia (Kilian)"
20661271726,true,2013-06-15 08:11:00.000,16.57918,-19.0061,"Halali-Agab",-9999.0,"gps","Loxodonta africana","Etosha1","Etosha1","African elephant - Namibia (Kilian)"
20661271744,true,2013-06-15 08:41:00.000,16.57843,-19.00582,"Halali-Agab",-9999.0,"gps","Loxodonta africana","Etosha1","Etosha1","African elephant - Namibia (Kilian)"
20661271757,true,2013-06-15 09:10:00.000,16.57867,-19.00467,"Halali-Agab",-9999.0,"gps","Loxodonta africana","Etosha1","Etosha1","African elephant - Namibia (Kilian)"
20661271775,true,2013-06-15 09:41:00.000,16.57877,-19.00433,"Halali-Agab",-9999.0,"gps","Loxodonta africana","Etosha1","Etosha1","African elephant - Namibia (Kilian)"
20661271787,true,2013-06-15 10:10:00.000,16.57873,-19.00428,"Halali-Agab",-9999.0,"gps","Loxodonta africana","Etosha1","Etosha1","African elephant - Namibia (Kilian)"
20661271881,true,2013-06-15 13:22:00.000,16.5746,-18.9995,"Halali-Agab",-9999.0,"gps","Loxodonta africana","Etosha1","Etosha1","African elephant - Namibia (Kilian)"
20661271893,true,2013-06-15 13:52:00.000,16.57395,-18.99772,"Halali-Agab",-9999.0,"gps","Loxodonta africana","Etosha1","Etosha1","African elephant - Namibia (Kilian)"
20661271909,true,2013-06-15 14:22:00.000,16.57353,-18.99693,"Halali-Agab",-9999.0,"gps","Loxodonta africana","Etosha1","Etosha1","African elephant - Namibia (Kilian)"
20661271919,true,2013-06-15 14:51:00.000,16.57167,-18.9952,"Halali-Agab",-9999.0,"gps","Loxodonta africana","Etosha1","Etosha1","African elephant - Namibia (Kilian)"
20661271937,true,2013-06-15 15:21:00.000,16.57147,-18.99482,"Halali-Agab",-9999.0,"gps","Loxodonta africana","Etosha1","Etosha1","African elephant - Namibia (Kilian)"
20661271949,true,2013-06-15 15:51:00.000,16.57092,-18.99432,"Halali-Agab",-9999.0,"gps","Loxodonta africana","Etosha1","Etosha1","African elephant - Namibia (Kilian)"
20661271966,true,2013-06-15 16:21:00.000,16.57042,-18.99368,"Halali-Agab",-9999.0,"gps","Loxodonta africana","Etosha1","Etosha1","African elephant - Namibia (Kilian)"
20661271980,true,2013-06-15 16:51:00.000,16.56998,-18.9931,"Halali-Agab",-9999.0,"gps","Loxodonta africana","Etosha1","Etosha1","African elephant - Namibia (Kilian)"
20661271997,true,2013-06-15 17:21:00.000,16.56837,-18.99208,"Halali-Agab",-9999.0,"gps","Loxodonta africana","Etosha1","Etosha1","African elephant - Namibia (Kilian)"
20661272010,true,2013-06-15 17:51:00.000,16.5671,-18.99163,"Halali-Agab",-9999.0,"gps","Loxodonta africana","Etosha1","Etosha1","African elephant - Namibia (Kilian)"
20661272028,true,2013-06-15 18:21:00.000,16.56452,-18.99233,"Halali-Agab",-9999.0,"gps","Loxodonta africana","Etosha1","Etosha1","African elephant - Namibia (Kilian)"
20661272041,true,2013-06-15 18:51:00.000,16.55773,-18.99102,"Halali-Agab",-9999.0,"gps","Loxodonta africana","Etosha1","Etosha1","African elephant - Namibia (Kilian)"
20661272059,true,2013-06-15 19:21:00.000,16.55862,-18.98993,"Halali-Agab",-9999.0,"gps","Loxodonta africana","Etosha1","Etosha1","African elephant - Namibia (Kilian)"
20661272072,true,2013-06-15 19:51:00.000,16.56542,-18.9892,"Halali-Agab",-9999.0,"gps","Loxodonta africana","Etosha1","Etosha1","African elephant - Namibia (Kilian)"
20661272089,true,2013-06-15 20:21:00.000,16.5732,-18.98842,"Halali-Agab",-9999.0,"gps","Loxodonta africana","Etosha1","Etosha1","African elephant - Namibia (Kilian)"
20661272103,true,2013-06-15 20:51:00.000,16.57515,-18.98808,"Halali-Agab",-9999.0,"gps","Loxodonta africana","Etosha1","Etosha1","African elephant - Namibia (Kilian)"
20661272122,true,2013-06-15 21:22:00.000,16.57652,-18.98868,"Halali-Agab",-9999.0,"gps","Loxodonta africana","Etosha1","Etosha1","African elephant - Namibia (Kilian)"
20661272133,true,2013-06-15 21:51:00.000,16.5797,-18.98895,"Halali-Agab",-9999.0,"gps","Loxodonta africana","Etosha1","Etosha1","African elephant - Namibia (Kilian)"
20661272150,true,2013-06-15 22:21:00.000,16.58635,-18.98922,"Halali-Agab",-9999.0,"gps","Loxodonta africana","Etosha1","Etosha1","African elephant - Namibia (Kilian)"
20661272163,true,2013-06-15 22:51:00.000,16.5901,-18.98898,"Halali-Agab",-9999.0,"gps","Loxodonta africana","Etosha1","Etosha1","African elephant - Namibia (Kilian)"
20661272184,true,2013-06-15 23:22:00.000,16.59185,-18.98853,"Halali-Agab",-9999.0,"gps","Loxodonta africana","Etosha1","Etosha1","African elephant - Namibia (Kilian)"
20661272195,true,2013-06-15 23:51:00.000,16.59367,-18.98867,"Halali-Agab",-9999.0,"gps","Loxodonta africana","Etosha1","Etosha1","African elephant - Namibia (Kilian)"
20661272212,true,2013-06-16 00:21:00.000,16.59762,-18.98937,"Halali-Agab",-9999.0,"gps","Loxodonta africana","Etosha1","Etosha1","African elephant - Namibia (Kilian)"
20661272226,true,2013-06-16 00:51:00.000,16.59785,-18.98948,"Halali-Agab",-9999.0,"gps","Loxodonta africana","Etosha1","Etosha1","African elephant - Namibia (Kilian)"
20661272243,true,2013-06-16 01:21:00.000,16.59817,-18.98965,"Halali-Agab",-9999.0,"gps","Loxodonta africana","Etosha1","Etosha1","African elephant - Namibia (Kilian)"
20661272257,true,2013-06-16 01:51:00.000,16.59912,-18.98965,"Halali-Agab",-9999.0,"gps","Loxodonta africana","Etosha1","Etosha1","African elephant - Namibia (Kilian)"
20661272273,true,2013-06-16 02:21:00.000,16.6031,-18.98918,"Halali-Agab",-9999.0,"gps","Loxodonta africana","Etosha1","Etosha1","African elephant - Namibia (Kilian)"
20661272286,true,2013-06-16 02:52:00.000,16.60418,-18.98857,"Halali-Agab",-9999.0,"gps","Loxodonta africana","Etosha1","Etosha1","African elephant - Namibia (Kilian)"
20661272303,true,2013-06-16 03:23:00.000,16.60432,-18.9886,"Halali-Agab",-9999.0,"gps","Loxodonta africana","Etosha1","Etosha1","African elephant - Namibia (Kilian)"
20661272332,true,2013-06-16 04:22:00.000,16.60413,-18.98868,"Halali-Agab",-9999.0,"gps","Loxodonta africana","Etosha1","Etosha1","African elephant - Namibia (Kilian)"
20661272345,true,2013-06-16 04:51:00.000,16.6039,-18.98857,"Halali-Agab",-9999.0,"gps","Loxodonta africana","Etosha1","Etosha1","African elephant - Namibia (Kilian)"
20661272361,true,2013-06-16 05:21:00.000,16.60435,-18.98862,"Halali-Agab",-9999.0,"gps","Loxodonta africana","Etosha1","Etosha1","African elephant - Namibia (Kilian)"
20661272374,true,2013-06-16 05:51:00.000,16.60588,-18.9888,"Halali-Agab",-9999.0,"gps","Loxodonta africana","Etosha1","Etosha1","African elephant - Namibia (Kilian)"
20661272391,true,2013-06-16 06:21:00.000,16.60847,-18.98847,"Halali-Agab",-9999.0,"gps","Loxodonta africana","Etosha1","Etosha1","African elephant - Namibia (Kilian)"
20661272404,true,2013-06-16 06:51:00.000,16.61053,-18.9896,"Halali-Agab",-9999.0,"gps","Loxodonta africana","Etosha1","Etosha1","African elephant - Namibia (Kilian)"
20661272422,true,2013-06-16 07:21:00.000,16.6118,-18.99107,"Halali-Agab",-9999.0,"gps","Loxodonta africana","Etosha1","Etosha1","African elephant - Namibia (Kilian)"
20661272436,true,2013-06-16 07:52:00.000,16.61228,-18.9937,"Halali-Agab",-9999.0,"gps","Loxodonta africana","Etosha1","Etosha1","African elephant - Namibia (Kilian)"
20661272452,true,2013-06-16 08:21:00.000,16.61412,-18.9963,"Halali-Agab",-9999.0,"gps","Loxodonta africana","Etosha1","Etosha1","African elephant - Namibia (Kilian)"
20661272466,true,2013-06-16 08:51:00.000,16.61478,-18.99662,"Halali-Agab",-9999.0,"gps","Loxodonta africana","Etosha1","Etosha1","African elephant - Namibia (Kilian)"
20661272484,true,2013-06-16 09:21:00.000,16.61665,-18.9948,"Halali-Agab",-9999.0,"gps","Loxodonta africana","Etosha1","Etosha1","African elephant - Namibia (Kilian)"
20661272497,true,2013-06-16 09:51:00.000,16.61892,-18.99265,"Halali-Agab",-9999.0,"gps","Loxodonta africana","Etosha1","Etosha1","African elephant - Namibia (Kilian)"
20661272514,true,2013-06-16 10:21:00.000,16.61987,-18.99012,"Halali-Agab",-9999.0,"gps","Loxodonta africana","Etosha1","Etosha1","African elephant - Namibia (Kilian)"
20661272526,true,2013-06-16 10:51:00.000,16.6199,-18.98907,"Halali-Agab",-9999.0,"gps","Loxodonta africana","Etosha1","Etosha1","African elephant - Namibia (Kilian)"
20661272555,true,2013-06-16 11:51:00.000,16.6198,-18.98863,"Halali-Agab",-9999.0,"gps","Loxodonta africana","Etosha1","Etosha1","African elephant - Namibia (Kilian)"
20661272571,true,2013-06-16 12:21:00.000,16.62008,-18.98865,"Halali-Agab",-9999.0,"gps","Loxodonta africana","Etosha1","Etosha1","African elephant - Namibia (Kilian)"
20661272585,true,2013-06-16 12:51:00.000,16.62007,-18.98852,"Halali-Agab",-9999.0,"gps","Loxodonta africana","Etosha1","Etosha1","African elephant - Namibia (Kilian)"
20661272602,true,2013-06-16 13:21:00.000,16.61972,-18.98818,"Halali-Agab",-9999.0,"gps","Loxodonta africana","Etosha1","Etosha1","African elephant - Namibia (Kilian)"
20661272633,true,2013-06-16 14:34:00.000,16.6208,-18.98567,"Halali-Agab",-9999.0,"gps","Loxodonta africana","Etosha1","Etosha1","African elephant - Namibia (Kilian)"
20661272650,true,2013-06-16 15:04:00.000,16.62352,-18.98357,"Halali-Agab",-9999.0,"gps","Loxodonta africana","Etosha1","Etosha1","African elephant - Namibia (Kilian)"
20661272662,true,2013-06-16 15:34:00.000,16.6269,-18.98288,"Halali-Agab",-9999.0,"gps","Loxodonta africana","Etosha1","Etosha1","African elephant - Namibia (Kilian)"
20661272679,true,2013-06-16 16:03:00.000,16.63042,-18.98245,"Halali-Agab",-9999.0,"gps","Loxodonta africana","Etosha1","Etosha1","African elephant - Namibia (Kilian)"
20661272692,true,2013-06-16 16:32:00.000,16.6358,-18.9814,"Halali-Agab",-9999.0,"gps","Loxodonta africana","Etosha1","Etosha1","African elephant - Namibia (Kilian)"
20661272710,true,2013-06-16 17:03:00.000,16.63737,-18.98055,"Halali-Agab",-9999.0,"gps","Loxodonta africana","Etosha1","Etosha1","African elephant - Namibia (Kilian)"
20661272723,true,2013-06-16 17:33:00.000,16.64532,-18.98055,"Halali-Agab",-9999.0,"gps","Loxodonta africana","Etosha1","Etosha1","African elephant - Namibia (Kilian)"
20661272741,true,2013-06-16 18:03:00.000,16.65212,-18.97797,"Halali-Agab",-9999.0,"gps","Loxodonta africana","Etosha1","Etosha1","African elephant - Namibia (Kilian)"
20661272753,true,2013-06-16 18:32:00.000,16.65593,-18.97437,"Halali-Agab",-9999.0,"gps","Loxodonta africana","Etosha1","Etosha1","African elephant - Namibia (Kilian)"
20661272770,true,2013-06-16 19:03:00.000,16.65617,-18.97067,"Halali-Agab",-9999.0,"gps","Loxodonta africana","Etosha1","Etosha1","African elephant - Namibia (Kilian)"
20661272784,true,2013-06-16 19:32:00.000,16.65328,-18.96213,"Halali-Agab",-9999.0,"gps","Loxodonta africana","Etosha1","Etosha1","African elephant - Namibia (Kilian)"
20661272801,true,2013-06-16 20:04:00.000,16.65088,-18.95943,"Halali-Agab",-9999.0,"gps","Loxodonta africana","Etosha1","Etosha1","African elephant - Namibia (Kilian)"
20661272814,true,2013-06-16 20:33:00.000,16.64753,-18.9553,"Halali-Agab",-9999.0,"gps","Loxodonta africana","Etosha1","Etosha1","African elephant - Namibia (Kilian)"
20661272832,true,2013-06-16 21:03:00.000,16.64373,-18.95102,"Halali-Agab",-9999.0,"gps","Loxodonta africana","Etosha1","Etosha1","African elephant - Namibia (Kilian)"
20661272843,true,2013-06-16 21:33:00.000,16.64145,-18.94855,"Halali-Agab",-9999.0,"gps","Loxodonta africana","Etosha1","Etosha1","African elephant - Namibia (Kilian)"
20661272860,true,2013-06-16 22:03:00.000,16.64002,-18.94593,"Halali-Agab",-9999.0,"gps","Loxodonta africana","Etosha1","Etosha1","African elephant - Namibia (Kilian)"
20661272873,true,2013-06-16 22:33:00.000,16.64025,-18.94518,"Halali-Agab",-9999.0,"gps","Loxodonta africana","Etosha1","Etosha1","African elephant - Namibia (Kilian)"
20661272890,true,2013-06-16 23:02:00.000,16.63983,-18.94465,"Halali-Agab",-9999.0,"gps","Loxodonta africana","Etosha1","Etosha1","African elephant - Namibia (Kilian)"
20661272904,true,2013-06-16 23:33:00.000,16.63892,-18.94392,"Halali-Agab",-9999.0,"gps","Loxodonta africana","Etosha1","Etosha1","African elephant - Namibia (Kilian)"
20661272921,true,2013-06-17 00:02:00.000,16.63895,-18.94362,"Halali-Agab",-9999.0,"gps","Loxodonta africana","Etosha1","Etosha1","African elephant - Namibia (Kilian)"
20661272933,true,2013-06-17 00:33:00.000,16.63943,-18.94297,"Halali-Agab",-9999.0,"gps","Loxodonta africana","Etosha1","Etosha1","African elephant - Namibia (Kilian)"
20661272951,true,2013-06-17 01:03:00.000,16.63977,-18.94287,"Halali-Agab",-9999.0,"gps","Loxodonta africana","Etosha1","Etosha1","African elephant - Namibia (Kilian)"
20661272964,true,2013-06-17 01:33:00.000,16.64042,-18.94198,"Halali-Agab",-9999.0,"gps","Loxodonta africana","Etosha1","Etosha1","African elephant - Namibia (Kilian)"
20661272981,true,2013-06-17 02:03:00.000,16.64082,-18.94178,"Halali-Agab",-9999.0,"gps","Loxodonta africana","Etosha1","Etosha1","African elephant - Namibia (Kilian)"
20661272993,true,2013-06-17 02:32:00.000,16.64063,-18.94185,"Halali-Agab",-9999.0,"gps","Loxodonta africana","Etosha1","Etosha1","African elephant - Namibia (Kilian)"
20661273010,true,2013-06-17 03:03:00.000,16.64078,-18.94185,"Halali-Agab",-9999.0,"gps","Loxodonta africana","Etosha1","Etosha1","African elephant - Namibia (Kilian)"
20661273024,true,2013-06-17 03:33:00.000,16.64077,-18.94185,"Halali-Agab",-9999.0,"gps","Loxodonta africana","Etosha1","Etosha1","African elephant - Namibia (Kilian)"
20661273040,true,2013-06-17 04:03:00.000,16.64058,-18.94222,"Halali-Agab",-9999.0,"gps","Loxodonta africana","Etosha1","Etosha1","African elephant - Namibia (Kilian)"
20661273053,true,2013-06-17 04:33:00.000,16.64048,-18.94212,"Halali-Agab",-9999.0,"gps","Loxodonta africana","Etosha1","Etosha1","African elephant - Namibia (Kilian)"
20661273071,true,2013-06-17 05:03:00.000,16.64072,-18.9424,"Halali-Agab",-9999.0,"gps","Loxodonta africana","Etosha1","Etosha1","African elephant - Namibia (Kilian)"
20661273083,true,2013-06-17 05:33:00.000,16.64173,-18.94335,"Halali-Agab",-9999.0,"gps","Loxodonta africana","Etosha1","Etosha1","African elephant - Namibia (Kilian)"
20661273110,true,2013-06-17 06:26:00.000,16.6486,-18.9489,"Halali-Agab",-9999.0,"gps","Loxodonta africana","Etosha1","Etosha1","African elephant - Namibia (Kilian)"
20661273122,true,2013-06-17 06:55:00.000,16.64882,-18.94915,"Halali-Agab",-9999.0,"gps","Loxodonta africana","Etosha1","Etosha1","African elephant - Namibia (Kilian)"
20661273141,true,2013-06-17 07:24:00.000,16.64945,-18.9499,"Halali-Agab",-9999.0,"gps","Loxodonta africana","Etosha1","Etosha1","African elephant - Namibia (Kilian)"
20661273153,true,2013-06-17 07:55:00.000,16.64958,-18.95123,"Halali-Agab",-9999.0,"gps","Loxodonta africana","Etosha1","Etosha1","African elephant - Namibia (Kilian)"
20661273169,true,2013-06-17 08:24:00.000,16.64958,-18.95127,"Halali-Agab",-9999.0,"gps","Loxodonta africana","Etosha1","Etosha1","African elephant - Namibia (Kilian)"
20661273181,true,2013-06-17 08:55:00.000,16.64955,-18.95135,"Halali-Agab",-9999.0,"gps","Loxodonta africana","Etosha1","Etosha1","African elephant - Namibia (Kilian)"
20661273199,true,2013-06-17 09:25:00.000,16.6496,-18.95142,"Halali-Agab",-9999.0,"gps","Loxodonta africana","Etosha1","Etosha1","African elephant - Namibia (Kilian)"
20661273211,true,2013-06-17 09:55:00.000,16.64985,-18.95235,"Halali-Agab",-9999.0,"gps","Loxodonta africana","Etosha1","Etosha1","African elephant - Namibia (Kilian)"
20661273229,true,2013-06-17 10:24:00.000,16.64967,-18.95255,"Halali-Agab",-9999.0,"gps","Loxodonta africana","Etosha1","Etosha1","African elephant - Namibia (Kilian)"
20661273241,true,2013-06-17 10:56:00.000,16.6504,-18.95353,"Halali-Agab",-9999.0,"gps","Loxodonta africana","Etosha1","Etosha1","African elephant - Namibia (Kilian)"
20661273259,true,2013-06-17 11:25:00.000,16.6504,-18.95288,"Halali-Agab",-9999.0,"gps","Loxodonta africana","Etosha1","Etosha1","African elephant - Namibia (Kilian)"
20661273270,true,2013-06-17 11:54:00.000,16.65062,-18.95268,"Halali-Agab",-9999.0,"gps","Loxodonta africana","Etosha1","Etosha1","African elephant - Namibia (Kilian)"
20661273287,true,2013-06-17 12:24:00.000,16.6506,-18.95282,"Halali-Agab",-9999.0,"gps","Loxodonta africana","Etosha1","Etosha1","African elephant - Namibia (Kilian)"
20661273300,true,2013-06-17 12:56:00.000,16.65173,-18.95475,"Halali-Agab",-9999.0,"gps","Loxodonta africana","Etosha1","Etosha1","African elephant - Namibia (Kilian)"
20661273317,true,2013-06-17 13:25:00.000,16.652,-18.9574,"Halali-Agab",-9999.0,"gps","Loxodonta africana","Etosha1","Etosha1","African elephant - Namibia (Kilian)"
20661273329,true,2013-06-17 13:56:00.000,16.65193,-18.9587,"Halali-Agab",-9999.0,"gps","Loxodonta africana","Etosha1","Etosha1","African elephant - Namibia (Kilian)"
20661273346,true,2013-06-17 14:24:00.000,16.65212,-18.9593,"Halali-Agab",-9999.0,"gps","Loxodonta africana","Etosha1","Etosha1","African elephant - Namibia (Kilian)"
20661273358,true,2013-06-17 14:54:00.000,16.6516,-18.96077,"Halali-Agab",-9999.0,"gps","Loxodonta africana","Etosha1","Etosha1","African elephant - Namibia (Kilian)"
20661273387,true,2013-06-17 15:56:00.000,16.65048,-18.9656,"Halali-Agab",-9999.0,"gps","Loxodonta africana","Etosha1","Etosha1","African elephant - Namibia (Kilian)"
20661273405,true,2013-06-17 16:28:00.000,16.65163,-18.9683,"Halali-Agab",-9999.0,"gps","Loxodonta africana","Etosha1","Etosha1","African elephant - Namibia (Kilian)"
20661273418,true,2013-06-17 16:55:00.000,16.65638,-18.97447,"Halali-Agab",-9999.0,"gps","Loxodonta africana","Etosha1","Etosha1","African elephant - Namibia (Kilian)"
20661273435,true,2013-06-17 17:24:00.000,16.65135,-18.97013,"Halali-Agab",-9999.0,"gps","Loxodonta africana","Etosha1","Etosha1","African elephant - Namibia (Kilian)"
20661273447,true,2013-06-17 17:54:00.000,16.64873,-18.9674,"Halali-Agab",-9999.0,"gps","Loxodonta africana","Etosha1","Etosha1","African elephant - Namibia (Kilian)"
20661273464,true,2013-06-17 18:25:00.000,16.64425,-18.96393,"Halali-Agab",-9999.0,"gps","Loxodonta africana","Etosha1","Etosha1","African elephant - Namibia (Kilian)"
20661273476,true,2013-06-17 18:55:00.000,16.63808,-18.95882,"Halali-Agab",-9999.0,"gps","Loxodonta africana","Etosha1","Etosha1","African elephant - Namibia (Kilian)"
20661273495,true,2013-06-17 19:24:00.000,16.63517,-18.95677,"Halali-Agab",-9999.0,"gps","Loxodonta africana","Etosha1","Etosha1","African elephant - Namibia (Kilian)"
20661273507,true,2013-06-17 19:55:00.000,16.63352,-18.95513,"Halali-Agab",-9999.0,"gps","Loxodonta africana","Etosha1","Etosha1","African elephant - Namibia (Kilian)"
20661273525,true,2013-06-17 20:26:00.000,16.6331,-18.95333,"Halali-Agab",-9999.0,"gps","Loxodonta africana","Etosha1","Etosha1","African elephant - Namibia (Kilian)"
20661273538,true,2013-06-17 20:54:00.000,16.63323,-18.95227,"Halali-Agab",-9999.0,"gps","Loxodonta africana","Etosha1","Etosha1","African elephant - Namibia (Kilian)"
20661273556,true,2013-06-17 21:24:00.000,16.63422,-18.95148,"Halali-Agab",-9999.0,"gps","Loxodonta africana","Etosha1","Etosha1","African elephant - Namibia (Kilian)"
20661273567,true,2013-06-17 21:55:00.000,16.63432,-18.95173,"Halali-Agab",-9999.0,"gps","Loxodonta africana","Etosha1","Etosha1","African elephant - Namibia (Kilian)"
20661273585,true,2013-06-17 22:24:00.000,16.63443,-18.95163,"Halali-Agab",-9999.0,"gps","Loxodonta africana","Etosha1","Etosha1","African elephant - Namibia (Kilian)"
20661273597,true,2013-06-17 22:55:00.000,16.63532,-18.95097,"Halali-Agab",-9999.0,"gps","Loxodonta africana","Etosha1","Etosha1","African elephant - Namibia (Kilian)"
20661273616,true,2013-06-17 23:24:00.000,16.63613,-18.95002,"Halali-Agab",-9999.0,"gps","Loxodonta africana","Etosha1","Etosha1","African elephant - Namibia (Kilian)"
20661273628,true,2013-06-17 23:54:00.000,16.63655,-18.94822,"Halali-Agab",-9999.0,"gps","Loxodonta africana","Etosha1","Etosha1","African elephant - Namibia (Kilian)"
20661273646,true,2013-06-18 00:24:00.000,16.63652,-18.94708,"Halali-Agab",-9999.0,"gps","Loxodonta africana","Etosha1","Etosha1","African elephant - Namibia (Kilian)"
20661273658,true,2013-06-18 00:55:00.000,16.63697,-18.9464,"Halali-Agab",-9999.0,"gps","Loxodonta africana","Etosha1","Etosha1","African elephant - Namibia (Kilian)"
20661273676,true,2013-06-18 01:24:00.000,16.63695,-18.94608,"Halali-Agab",-9999.0,"gps","Loxodonta africana","Etosha1","Etosha1","African elephant - Namibia (Kilian)"
20661273688,true,2013-06-18 01:53:00.000,16.63548,-18.94518,"Halali-Agab",-9999.0,"gps","Loxodonta africana","Etosha1","Etosha1","African elephant - Namibia (Kilian)"
20661273706,true,2013-06-18 02:24:00.000,16.63567,-18.9451,"Halali-Agab",-9999.0,"gps","Loxodonta africana","Etosha1","Etosha1","African elephant - Namibia (Kilian)"
20661273734,true,2013-06-18 03:34:00.000,16.63577,-18.94525,"Halali-Agab",-9999.0,"gps","Loxodonta africana","Etosha1","Etosha1","African elephant - Namibia (Kilian)"
20661273751,true,2013-06-18 04:04:00.000,16.63585,-18.94525,"Halali-Agab",-9999.0,"gps","Loxodonta africana","Etosha1","Etosha1","African elephant - Namibia (Kilian)"
20661273783,true,2013-06-18 05:19:00.000,16.63608,-18.94535,"Halali-Agab",-9999.0,"gps","Loxodonta africana","Etosha1","Etosha1","African elephant - Namibia (Kilian)"
20661273801,true,2013-06-18 05:48:00.000,16.63747,-18.9461,"Halali-Agab",-9999.0,"gps","Loxodonta africana","Etosha1","Etosha1","African elephant - Namibia (Kilian)"
20661273813,true,2013-06-18 06:17:00.000,16.63907,-18.94698,"Halali-Agab",-9999.0,"gps","Loxodonta africana","Etosha1","Etosha1","African elephant - Namibia (Kilian)"
20661273831,true,2013-06-18 06:48:00.000,16.64765,-18.94892,"Halali-Agab",-9999.0,"gps","Loxodonta africana","Etosha1","Etosha1","African elephant - Namibia (Kilian)"
20661273844,true,2013-06-18 07:18:00.000,16.64837,-18.94942,"Halali-Agab",-9999.0,"gps","Loxodonta africana","Etosha1","Etosha1","African elephant - Namibia (Kilian)"
20661273881,true,2013-06-18 08:31:00.000,16.65323,-18.94682,"Halali-Agab",-9999.0,"gps","Loxodonta africana","Etosha1","Etosha1","African elephant - Namibia (Kilian)"
20661273894,true,2013-06-18 08:59:00.000,16.6514,-18.95025,"Halali-Agab",-9999.0,"gps","Loxodonta africana","Etosha1","Etosha1","African elephant - Namibia (Kilian)"
20661273912,true,2013-06-18 09:28:00.000,16.65153,-18.95065,"Halali-Agab",-9999.0,"gps","Loxodonta africana","Etosha1","Etosha1","African elephant - Namibia (Kilian)"
20661273924,true,2013-06-18 09:58:00.000,16.65177,-18.95138,"Halali-Agab",-9999.0,"gps","Loxodonta africana","Etosha1","Etosha1","African elephant - Namibia (Kilian)"
20661273942,true,2013-06-18 10:28:00.000,16.65148,-18.95113,"Halali-Agab",-9999.0,"gps","Loxodonta africana","Etosha1","Etosha1","African elephant - Namibia (Kilian)"
20661273954,true,2013-06-18 10:58:00.000,16.65175,-18.95167,"Halali-Agab",-9999.0,"gps","Loxodonta africana","Etosha1","Etosha1","African elephant - Namibia (Kilian)"
20661273972,true,2013-06-18 11:28:00.000,16.65162,-18.95178,"Halali-Agab",-9999.0,"gps","Loxodonta africana","Etosha1","Etosha1","African elephant - Namibia (Kilian)"
20661273984,true,2013-06-18 11:58:00.000,16.65118,-18.95158,"Halali-Agab",-9999.0,"gps","Loxodonta africana","Etosha1","Etosha1","African elephant - Namibia (Kilian)"
20661274001,true,2013-06-18 12:28:00.000,16.65262,-18.95322,"Halali-Agab",-9999.0,"gps","Loxodonta africana","Etosha1","Etosha1","African elephant - Namibia (Kilian)"
20661274032,true,2013-06-18 13:28:00.000,16.65432,-18.9566,"Halali-Agab",-9999.0,"gps","Loxodonta africana","Etosha1","Etosha1","African elephant - Namibia (Kilian)"
20661274044,true,2013-06-18 13:57:00.000,16.6536,-18.95732,"Halali-Agab",-9999.0,"gps","Loxodonta africana","Etosha1","Etosha1","African elephant - Namibia (Kilian)"
20661274062,true,2013-06-18 14:28:00.000,16.65403,-18.9583,"Halali-Agab",-9999.0,"gps","Loxodonta africana","Etosha1","Etosha1","African elephant - Namibia (Kilian)"
20661274074,true,2013-06-18 14:58:00.000,16.65482,-18.9586,"Halali-Agab",-9999.0,"gps","Loxodonta africana","Etosha1","Etosha1","African elephant - Namibia (Kilian)"
20661274093,true,2013-06-18 15:27:00.000,16.65535,-18.959,"Halali-Agab",-9999.0,"gps","Loxodonta africana","Etosha1","Etosha1","African elephant - Namibia (Kilian)"
20661274105,true,2013-06-18 15:57:00.000,16.65515,-18.95967,"Halali-Agab",-9999.0,"gps","Loxodonta africana","Etosha1","Etosha1","African elephant - Namibia (Kilian)"
20661274131,true,2013-06-18 16:46:00.000,16.66183,-18.95615,"Halali-Agab",-9999.0,"gps","Loxodonta africana","Etosha1","Etosha1","African elephant - Namibia (Kilian)"
20661274141,true,2013-06-18 17:15:00.000,16.65973,-18.96367,"Halali-Agab",-9999.0,"gps","Loxodonta africana","Etosha1","Etosha1","African elephant - Namibia (Kilian)"
20661274157,true,2013-06-18 17:43:00.000,16.65707,-18.9726,"Halali-Agab",-9999.0,"gps","Loxodonta africana","Etosha1","Etosha1","African elephant - Namibia (Kilian)"
20661274168,true,2013-06-18 18:14:00.000,16.65452,-18.97625,"Halali-Agab",-9999.0,"gps","Loxodonta africana","Etosha1","Etosha1","African elephant - Namibia (Kilian)"
20661274186,true,2013-06-18 18:45:00.000,16.6507,-18.98577,"Halali-Agab",-9999.0,"gps","Loxodonta africana","Etosha1","Etosha1","African elephant - Namibia (Kilian)"
20661274199,true,2013-06-18 19:13:00.000,16.64885,-18.98887,"Halali-Agab",-9999.0,"gps","Loxodonta africana","Etosha1","Etosha1","African elephant - Namibia (Kilian)"
20661274217,true,2013-06-18 19:43:00.000,16.64528,-18.99718,"Halali-Agab",-9999.0,"gps","Loxodonta africana","Etosha1","Etosha1","African elephant - Namibia (Kilian)"
20661274229,true,2013-06-18 20:13:00.000,16.64208,-19.00203,"Halali-Agab",-9999.0,"gps","Loxodonta africana","Etosha1","Etosha1","African elephant - Namibia (Kilian)"
20661274248,true,2013-06-18 20:43:00.000,16.63803,-19.00325,"Halali-Agab",-9999.0,"gps","Loxodonta africana","Etosha1","Etosha1","African elephant - Namibia (Kilian)"
20661274260,true,2013-06-18 21:14:00.000,16.63413,-19.00268,"Halali-Agab",-9999.0,"gps","Loxodonta africana","Etosha1","Etosha1","African elephant - Namibia (Kilian)"
20661274278,true,2013-06-18 21:43:00.000,16.63317,-19.00262,"Halali-Agab",-9999.0,"gps","Loxodonta africana","Etosha1","Etosha1","African elephant - Namibia (Kilian)"
20661274290,true,2013-06-18 22:13:00.000,16.63297,-19.00287,"Halali-Agab",-9999.0,"gps","Loxodonta africana","Etosha1","Etosha1","African elephant - Namibia (Kilian)"
20661274308,true,2013-06-18 22:43:00.000,16.63297,-19.00278,"Halali-Agab",-9999.0,"gps","Loxodonta africana","Etosha1","Etosha1","African elephant - Namibia (Kilian)"
20661274318,true,2013-06-18 23:14:00.000,16.63297,-19.00115,"Halali-Agab",-9999.0,"gps","Loxodonta africana","Etosha1","Etosha1","African elephant - Namibia (Kilian)"
20661274326,true,2013-06-18 23:44:00.000,16.63242,-18.99965,"Halali-Agab",-9999.0,"gps","Loxodonta africana","Etosha1","Etosha1","African elephant - Namibia (Kilian)"
20661274333,true,2013-06-19 00:13:00.000,16.6329,-18.99963,"Halali-Agab",-9999.0,"gps","Loxodonta africana","Etosha1","Etosha1","African elephant - Namibia (Kilian)"
20661274342,true,2013-06-19 00:44:00.000,16.63697,-18.99928,"Halali-Agab",-9999.0,"gps","Loxodonta africana","Etosha1","Etosha1","African elephant - Namibia (Kilian)"
20661274349,true,2013-06-19 01:13:00.000,16.63917,-18.99935,"Halali-Agab",-9999.0,"gps","Loxodonta africana","Etosha1","Etosha1","African elephant - Namibia (Kilian)"
20661274357,true,2013-06-19 01:44:00.000,16.63965,-18.999,"Halali-Agab",-9999.0,"gps","Loxodonta africana","Etosha1","Etosha1","African elephant - Namibia (Kilian)"
20661274364,true,2013-06-19 02:14:00.000,16.6401,-19.00005,"Halali-Agab",-9999.0,"gps","Loxodonta africana","Etosha1","Etosha1","African elephant - Namibia (Kilian)"
20661274371,true,2013-06-19 02:43:00.000,16.64,-19.00037,"Halali-Agab",-9999.0,"gps","Loxodonta africana","Etosha1","Etosha1","African elephant - Namibia (Kilian)"
20661274378,true,2013-06-19 03:14:00.000,16.6394,-19.00082,"Halali-Agab",-9999.0,"gps","Loxodonta africana","Etosha1","Etosha1","African elephant - Namibia (Kilian)"
20661274386,true,2013-06-19 03:44:00.000,16.63938,-19.00075,"Halali-Agab",-9999.0,"gps","Loxodonta africana","Etosha1","Etosha1","African elephant - Namibia (Kilian)"
20661274412,true,2013-06-19 05:42:00.000,16.63788,-19.00082,"Halali-Agab",-9999.0,"gps","Loxodonta africana","Etosha1","Etosha1","African elephant - Namibia (Kilian)"
20661274420,true,2013-06-19 06:11:00.000,16.63582,-19.00065,"Halali-Agab",-9999.0,"gps","Loxodonta africana","Etosha1","Etosha1","African elephant - Namibia (Kilian)"
20661274432,true,2013-06-19 06:41:00.000,16.63155,-19.00172,"Halali-Agab",-9999.0,"gps","Loxodonta africana","Etosha1","Etosha1","African elephant - Namibia (Kilian)"
20661274441,true,2013-06-19 07:11:00.000,16.62982,-19.00162,"Halali-Agab",-9999.0,"gps","Loxodonta africana","Etosha1","Etosha1","African elephant - Namibia (Kilian)"
20661274453,true,2013-06-19 07:42:00.000,16.62937,-19.0014,"Halali-Agab",-9999.0,"gps","Loxodonta africana","Etosha1","Etosha1","African elephant - Namibia (Kilian)"
20661274462,true,2013-06-19 08:12:00.000,16.62822,-19.0003,"Halali-Agab",-9999.0,"gps","Loxodonta africana","Etosha1","Etosha1","African elephant - Namibia (Kilian)"
20661274490,true,2013-06-19 09:31:00.000,16.62803,-18.99972,"Halali-Agab",-9999.0,"gps","Loxodonta africana","Etosha1","Etosha1","African elephant - Namibia (Kilian)"
20661274503,true,2013-06-19 10:00:00.000,16.62802,-18.99955,"Halali-Agab",-9999.0,"gps","Loxodonta africana","Etosha1","Etosha1","African elephant - Namibia (Kilian)"
20661274516,true,2013-06-19 10:29:00.000,16.62842,-18.99867,"Halali-Agab",-9999.0,"gps","Loxodonta africana","Etosha1","Etosha1","African elephant - Namibia (Kilian)"
20661274530,true,2013-06-19 11:01:00.000,16.62865,-18.99772,"Halali-Agab",-9999.0,"gps","Loxodonta africana","Etosha1","Etosha1","African elephant - Namibia (Kilian)"
20661274542,true,2013-06-19 11:30:00.000,16.62875,-18.99762,"Halali-Agab",-9999.0,"gps","Loxodonta africana","Etosha1","Etosha1","African elephant - Namibia (Kilian)"
20661274555,true,2013-06-19 11:59:00.000,16.6288,-18.99763,"Halali-Agab",-9999.0,"gps","Loxodonta africana","Etosha1","Etosha1","African elephant - Namibia (Kilian)"
20661274573,true,2013-06-19 12:31:00.000,16.62892,-18.99743,"Halali-Agab",-9999.0,"gps","Loxodonta africana","Etosha1","Etosha1","African elephant - Namibia (Kilian)"
20661274589,true,2013-06-19 13:00:00.000,16.62927,-18.9962,"Halali-Agab",-9999.0,"gps","Loxodonta africana","Etosha1","Etosha1","African elephant - Namibia (Kilian)"
20661274604,true,2013-06-19 13:30:00.000,16.62963,-18.99585,"Halali-Agab",-9999.0,"gps","Loxodonta africana","Etosha1","Etosha1","African elephant - Namibia (Kilian)"
20661274619,true,2013-06-19 14:00:00.000,16.6295,-18.99482,"Halali-Agab",-9999.0,"gps","Loxodonta africana","Etosha1","Etosha1","African elephant - Namibia (Kilian)"
20661274633,true,2013-06-19 14:30:00.000,16.63013,-18.99478,"Halali-Agab",-9999.0,"gps","Loxodonta africana","Etosha1","Etosha1","African elephant - Namibia (Kilian)"
20661274648,true,2013-06-19 15:00:00.000,16.62993,-18.99377,"Halali-Agab",-9999.0,"gps","Loxodonta africana","Etosha1","Etosha1","African elephant - Namibia (Kilian)"
20661274663,true,2013-06-19 15:30:00.000,16.63128,-18.99347,"Halali-Agab",-9999.0,"gps","Loxodonta africana","Etosha1","Etosha1","African elephant - Namibia (Kilian)"
20661274678,true,2013-06-19 16:00:00.000,16.63248,-18.99385,"Halali-Agab",-9999.0,"gps","Loxodonta africana","Etosha1","Etosha1","African elephant - Namibia (Kilian)"
20661274693,true,2013-06-19 16:30:00.000,16.6332,-18.99393,"Halali-Agab",-9999.0,"gps","Loxodonta africana","Etosha1","Etosha1","African elephant - Namibia (Kilian)"
20661274706,true,2013-06-19 16:59:00.000,16.6346,-18.99412,"Halali-Agab",-9999.0,"gps","Loxodonta africana","Etosha1","Etosha1","African elephant - Namibia (Kilian)"
20661274724,true,2013-06-19 17:29:00.000,16.6353,-18.99283,"Halali-Agab",-9999.0,"gps","Loxodonta africana","Etosha1","Etosha1","African elephant - Namibia (Kilian)"
20661274740,true,2013-06-19 18:00:00.000,16.635,-18.98942,"Halali-Agab",-9999.0,"gps","Loxodonta africana","Etosha1","Etosha1","African elephant - Namibia (Kilian)"
20661274754,true,2013-06-19 18:30:00.000,16.63862,-18.98583,"Halali-Agab",-9999.0,"gps","Loxodonta africana","Etosha1","Etosha1","African elephant - Namibia (Kilian)"
20661274766,true,2013-06-19 18:59:00.000,16.64035,-18.98382,"Halali-Agab",-9999.0,"gps","Loxodonta africana","Etosha1","Etosha1","African elephant - Namibia (Kilian)"
20661274784,true,2013-06-19 19:29:00.000,16.64113,-18.98322,"Halali-Agab",-9999.0,"gps","Loxodonta africana","Etosha1","Etosha1","African elephant - Namibia (Kilian)"
20661274800,true,2013-06-19 20:00:00.000,16.64417,-18.98197,"Halali-Agab",-9999.0,"gps","Loxodonta africana","Etosha1","Etosha1","African elephant - Namibia (Kilian)"
20661274815,true,2013-06-19 20:32:00.000,16.64898,-18.97953,"Halali-Agab",-9999.0,"gps","Loxodonta africana","Etosha1","Etosha1","African elephant - Namibia (Kilian)"
20661274828,true,2013-06-19 20:59:00.000,16.65565,-18.9748,"Halali-Agab",-9999.0,"gps","Loxodonta africana","Etosha1","Etosha1","African elephant - Namibia (Kilian)"
20661274845,true,2013-06-19 21:30:00.000,16.6524,-18.97092,"Halali-Agab",-9999.0,"gps","Loxodonta africana","Etosha1","Etosha1","African elephant - Namibia (Kilian)"
20661274857,true,2013-06-19 21:59:00.000,16.64833,-18.96707,"Halali-Agab",-9999.0,"gps","Loxodonta africana","Etosha1","Etosha1","African elephant - Namibia (Kilian)"
20661274875,true,2013-06-19 22:29:00.000,16.645,-18.96365,"Halali-Agab",-9999.0,"gps","Loxodonta africana","Etosha1","Etosha1","African elephant - Namibia (Kilian)"
20661274892,true,2013-06-19 23:01:00.000,16.643,-18.96092,"Halali-Agab",-9999.0,"gps","Loxodonta africana","Etosha1","Etosha1","African elephant - Namibia (Kilian)"
20661274905,true,2013-06-19 23:30:00.000,16.6391,-18.9557,"Halali-Agab",-9999.0,"gps","Loxodonta africana","Etosha1","Etosha1","African elephant - Namibia (Kilian)"
20661274921,true,2013-06-20 00:00:00.000,16.63797,-18.95443,"Halali-Agab",-9999.0,"gps","Loxodonta africana","Etosha1","Etosha1","African elephant - Namibia (Kilian)"
20661274936,true,2013-06-20 00:29:00.000,16.6366,-18.95257,"Halali-Agab",-9999.0,"gps","Loxodonta africana","Etosha1","Etosha1","African elephant - Namibia (Kilian)"
20661274949,true,2013-06-20 00:59:00.000,16.63617,-18.95027,"Halali-Agab",-9999.0,"gps","Loxodonta africana","Etosha1","Etosha1","African elephant - Namibia (Kilian)"
20661274966,true,2013-06-20 01:30:00.000,16.63642,-18.94718,"Halali-Agab",-9999.0,"gps","Loxodonta africana","Etosha1","Etosha1","African elephant - Namibia (Kilian)"
20661275001,true,2013-06-20 02:42:00.000,16.63807,-18.94417,"Halali-Agab",-9999.0,"gps","Loxodonta africana","Etosha1","Etosha1","African elephant - Namibia (Kilian)"
20661275012,true,2013-06-20 03:11:00.000,16.63828,-18.94405,"Halali-Agab",-9999.0,"gps","Loxodonta africana","Etosha1","Etosha1","African elephant - Namibia (Kilian)"
20661275029,true,2013-06-20 03:41:00.000,16.63945,-18.9425,"Halali-Agab",-9999.0,"gps","Loxodonta africana","Etosha1","Etosha1","African elephant - Namibia (Kilian)"
20661275041,true,2013-06-20 04:13:00.000,16.63983,-18.94242,"Halali-Agab",-9999.0,"gps","Loxodonta africana","Etosha1","Etosha1","African elephant - Namibia (Kilian)"
20661275055,true,2013-06-20 04:41:00.000,16.63968,-18.94252,"Halali-Agab",-9999.0,"gps","Loxodonta africana","Etosha1","Etosha1","African elephant - Namibia (Kilian)"
20661275066,true,2013-06-20 05:11:00.000,16.63952,-18.94252,"Halali-Agab",-9999.0,"gps","Loxodonta africana","Etosha1","Etosha1","African elephant - Namibia (Kilian)"
20661275082,true,2013-06-20 05:41:00.000,16.6396,-18.94255,"Halali-Agab",-9999.0,"gps","Loxodonta africana","Etosha1","Etosha1","African elephant - Namibia (Kilian)"
20661275110,true,2013-06-20 06:42:00.000,16.65107,-18.94807,"Halali-Agab",-9999.0,"gps","Loxodonta africana","Etosha1","Etosha1","African elephant - Namibia (Kilian)"
20661275121,true,2013-06-20 07:12:00.000,16.65282,-18.94907,"Halali-Agab",-9999.0,"gps","Loxodonta africana","Etosha1","Etosha1","African elephant - Namibia (Kilian)"
20661275138,true,2013-06-20 07:42:00.000,16.65523,-18.94913,"Halali-Agab",-9999.0,"gps","Loxodonta africana","Etosha1","Etosha1","African elephant - Namibia (Kilian)"
20661275150,true,2013-06-20 08:11:00.000,16.65838,-18.94945,"Halali-Agab",-9999.0,"gps","Loxodonta africana","Etosha1","Etosha1","African elephant - Namibia (Kilian)"
20661275167,true,2013-06-20 08:41:00.000,16.66253,-18.94965,"Halali-Agab",-9999.0,"gps","Loxodonta africana","Etosha1","Etosha1","African elephant - Namibia (Kilian)"
20661275186,true,2013-06-20 09:23:00.000,16.66622,-18.95167,"Halali-Agab",-9999.0,"gps","Loxodonta africana","Etosha1","Etosha1","African elephant - Namibia (Kilian)"
20661275199,true,2013-06-20 09:52:00.000,16.66585,-18.95218,"Halali-Agab",-9999.0,"gps","Loxodonta africana","Etosha1","Etosha1","African elephant - Namibia (Kilian)"
20661275216,true,2013-06-20 10:21:00.000,16.66587,-18.95243,"Halali-Agab",-9999.0,"gps","Loxodonta africana","Etosha1","Etosha1","African elephant - Namibia (Kilian)"
20661275246,true,2013-06-20 11:21:00.000,16.66572,-18.95262,"Halali-Agab",-9999.0,"gps","Loxodonta africana","Etosha1","Etosha1","African elephant - Namibia (Kilian)"
20661275259,true,2013-06-20 11:51:00.000,16.66565,-18.95277,"Halali-Agab",-9999.0,"gps","Loxodonta africana","Etosha1","Etosha1","African elephant - Namibia (Kilian)"
20661275275,true,2013-06-20 12:21:00.000,16.66592,-18.95342,"Halali-Agab",-9999.0,"gps","Loxodonta africana","Etosha1","Etosha1","African elephant - Namibia (Kilian)"
20661275289,true,2013-06-20 12:52:00.000,16.6671,-18.95545,"Halali-Agab",-9999.0,"gps","Loxodonta africana","Etosha1","Etosha1","African elephant - Namibia (Kilian)"
20661275304,true,2013-06-20 13:22:00.000,16.66712,-18.9596,"Halali-Agab",-9999.0,"gps","Loxodonta africana","Etosha1","Etosha1","African elephant - Namibia (Kilian)"
20661275316,true,2013-06-20 13:51:00.000,16.66655,-18.95998,"Halali-Agab",-9999.0,"gps","Loxodonta africana","Etosha1","Etosha1","African elephant - Namibia (Kilian)"
20661275333,true,2013-06-20 14:21:00.000,16.66612,-18.96013,"Halali-Agab",-9999.0,"gps","Loxodonta africana","Etosha1","Etosha1","African elephant - Namibia (Kilian)"
20661275346,true,2013-06-20 14:51:00.000,16.66607,-18.96015,"Halali-Agab",-9999.0,"gps","Loxodonta africana","Etosha1","Etosha1","African elephant - Namibia (Kilian)"
20661275363,true,2013-06-20 15:21:00.000,16.6657,-18.95988,"Halali-Agab",-9999.0,"gps","Loxodonta africana","Etosha1","Etosha1","African elephant - Namibia (Kilian)"
20661275377,true,2013-06-20 15:51:00.000,16.66477,-18.9615,"Halali-Agab",-9999.0,"gps","Loxodonta africana","Etosha1","Etosha1","African elephant - Namibia (Kilian)"
20661275394,true,2013-06-20 16:21:00.000,16.66467,-18.96215,"Halali-Agab",-9999.0,"gps","Loxodonta africana","Etosha1","Etosha1","African elephant - Namibia (Kilian)"
20661275408,true,2013-06-20 16:52:00.000,16.66357,-18.96377,"Halali-Agab",-9999.0,"gps","Loxodonta africana","Etosha1","Etosha1","African elephant - Namibia (Kilian)"
20661275424,true,2013-06-20 17:21:00.000,16.66268,-18.96567,"Halali-Agab",-9999.0,"gps","Loxodonta africana","Etosha1","Etosha1","African elephant - Namibia (Kilian)"
20661275437,true,2013-06-20 17:51:00.000,16.66035,-18.96873,"Halali-Agab",-9999.0,"gps","Loxodonta africana","Etosha1","Etosha1","African elephant - Namibia (Kilian)"
20661275454,true,2013-06-20 18:21:00.000,16.65617,-18.97465,"Halali-Agab",-9999.0,"gps","Loxodonta africana","Etosha1","Etosha1","African elephant - Namibia (Kilian)"
20661275467,true,2013-06-20 18:51:00.000,16.65388,-18.97467,"Halali-Agab",-9999.0,"gps","Loxodonta africana","Etosha1","Etosha1","African elephant - Namibia (Kilian)"
20661275484,true,2013-06-20 19:21:00.000,16.64373,-18.97633,"Halali-Agab",-9999.0,"gps","Loxodonta africana","Etosha1","Etosha1","African elephant - Namibia (Kilian)"
20661275498,true,2013-06-20 19:51:00.000,16.6362,-18.97948,"Halali-Agab",-9999.0,"gps","Loxodonta africana","Etosha1","Etosha1","African elephant - Namibia (Kilian)"
20661275514,true,2013-06-20 20:21:00.000,16.63397,-18.98062,"Halali-Agab",-9999.0,"gps","Loxodonta africana","Etosha1","Etosha1","African elephant - Namibia (Kilian)"
20661275528,true,2013-06-20 20:51:00.000,16.62828,-18.98118,"Halali-Agab",-9999.0,"gps","Loxodonta africana","Etosha1","Etosha1","African elephant - Namibia (Kilian)"
20661275545,true,2013-06-20 21:21:00.000,16.62403,-18.98092,"Halali-Agab",-9999.0,"gps","Loxodonta africana","Etosha1","Etosha1","African elephant - Namibia (Kilian)"
20661275558,true,2013-06-20 21:51:00.000,16.62173,-18.98337,"Halali-Agab",-9999.0,"gps","Loxodonta africana","Etosha1","Etosha1","African elephant - Namibia (Kilian)"
20661275575,true,2013-06-20 22:21:00.000,16.61992,-18.98703,"Halali-Agab",-9999.0,"gps","Loxodonta africana","Etosha1","Etosha1","African elephant - Namibia (Kilian)"
20661275588,true,2013-06-20 22:51:00.000,16.61907,-18.9895,"Halali-Agab",-9999.0,"gps","Loxodonta africana","Etosha1","Etosha1","African elephant - Namibia (Kilian)"
20661275605,true,2013-06-20 23:21:00.000,16.61842,-18.9922,"Halali-Agab",-9999.0,"gps","Loxodonta africana","Etosha1","Etosha1","African elephant - Namibia (Kilian)"
20661275619,true,2013-06-20 23:51:00.000,16.61703,-18.99662,"Halali-Agab",-9999.0,"gps","Loxodonta africana","Etosha1","Etosha1","African elephant - Namibia (Kilian)"
20661275636,true,2013-06-21 00:21:00.000,16.61523,-19.00083,"Halali-Agab",-9999.0,"gps","Loxodonta africana","Etosha1","Etosha1","African elephant - Namibia (Kilian)"
20661275650,true,2013-06-21 00:51:00.000,16.61432,-19.00203,"Halali-Agab",-9999.0,"gps","Loxodonta africana","Etosha1","Etosha1","African elephant - Namibia (Kilian)"
20661275667,true,2013-06-21 01:22:00.000,16.61362,-19.00263,"Halali-Agab",-9999.0,"gps","Loxodonta africana","Etosha1","Etosha1","African elephant - Namibia (Kilian)"
20661275680,true,2013-06-21 01:51:00.000,16.61362,-19.00433,"Halali-Agab",-9999.0,"gps","Loxodonta africana","Etosha1","Etosha1","African elephant - Namibia (Kilian)"
20661275696,true,2013-06-21 02:21:00.000,16.61373,-19.00462,"Halali-Agab",-9999.0,"gps","Loxodonta africana","Etosha1","Etosha1","African elephant - Namibia (Kilian)"
20661275709,true,2013-06-21 02:51:00.000,16.61368,-19.00485,"Halali-Agab",-9999.0,"gps","Loxodonta africana","Etosha1","Etosha1","African elephant - Namibia (Kilian)"
20661275726,true,2013-06-21 03:21:00.000,16.61378,-19.0047,"Halali-Agab",-9999.0,"gps","Loxodonta africana","Etosha1","Etosha1","African elephant - Namibia (Kilian)"
20661275739,true,2013-06-21 03:51:00.000,16.61377,-19.00462,"Halali-Agab",-9999.0,"gps","Loxodonta africana","Etosha1","Etosha1","African elephant - Namibia (Kilian)"
20661275754,true,2013-06-21 04:21:00.000,16.61377,-19.00465,"Halali-Agab",-9999.0,"gps","Loxodonta africana","Etosha1","Etosha1","African elephant - Namibia (Kilian)"
20661275766,true,2013-06-21 04:51:00.000,16.61367,-19.0047,"Halali-Agab",-9999.0,"gps","Loxodonta africana","Etosha1","Etosha1","African elephant - Namibia (Kilian)"
20661275783,true,2013-06-21 05:21:00.000,16.61358,-19.0047,"Halali-Agab",-9999.0,"gps","Loxodonta africana","Etosha1","Etosha1","African elephant - Namibia (Kilian)"
20661275796,true,2013-06-21 05:51:00.000,16.61298,-19.00518,"Halali-Agab",-9999.0,"gps","Loxodonta africana","Etosha1","Etosha1","African elephant - Namibia (Kilian)"
20661275813,true,2013-06-21 06:21:00.000,16.61143,-19.00572,"Halali-Agab",-9999.0,"gps","Loxodonta africana","Etosha1","Etosha1","African elephant - Namibia (Kilian)"
20661275826,true,2013-06-21 06:52:00.000,16.6135,-19.00768,"Halali-Agab",-9999.0,"gps","Loxodonta africana","Etosha1","Etosha1","African elephant - Namibia (Kilian)"
20661275843,true,2013-06-21 07:21:00.000,16.61428,-19.00685,"Halali-Agab",-9999.0,"gps","Loxodonta africana","Etosha1","Etosha1","African elephant - Namibia (Kilian)"
20661275858,true,2013-06-21 07:51:00.000,16.61442,-19.00692,"Halali-Agab",-9999.0,"gps","Loxodonta africana","Etosha1","Etosha1","African elephant - Namibia (Kilian)"
20661275875,true,2013-06-21 08:21:00.000,16.6143,-19.00713,"Halali-Agab",-9999.0,"gps","Loxodonta africana","Etosha1","Etosha1","African elephant - Namibia (Kilian)"
20661275889,true,2013-06-21 08:52:00.000,16.6146,-19.00672,"Halali-Agab",-9999.0,"gps","Loxodonta africana","Etosha1","Etosha1","African elephant - Namibia (Kilian)"
20661275906,true,2013-06-21 09:21:00.000,16.61467,-19.00675,"Halali-Agab",-9999.0,"gps","Loxodonta africana","Etosha1","Etosha1","African elephant - Namibia (Kilian)"
20661275919,true,2013-06-21 09:51:00.000,16.61485,-19.0059,"Halali-Agab",-9999.0,"gps","Loxodonta africana","Etosha1","Etosha1","African elephant - Namibia (Kilian)"
20661275936,true,2013-06-21 10:21:00.000,16.61632,-19.00373,"Halali-Agab",-9999.0,"gps","Loxodonta africana","Etosha1","Etosha1","African elephant - Namibia (Kilian)"
20661275948,true,2013-06-21 10:51:00.000,16.61737,-19.0011,"Halali-Agab",-9999.0,"gps","Loxodonta africana","Etosha1","Etosha1","African elephant - Namibia (Kilian)"
20661275965,true,2013-06-21 11:21:00.000,16.61768,-19.00038,"Halali-Agab",-9999.0,"gps","Loxodonta africana","Etosha1","Etosha1","African elephant - Namibia (Kilian)"
20661275978,true,2013-06-21 11:51:00.000,16.61817,-18.99892,"Halali-Agab",-9999.0,"gps","Loxodonta africana","Etosha1","Etosha1","African elephant - Namibia (Kilian)"
20661275996,true,2013-06-21 12:21:00.000,16.61935,-18.9971,"Halali-Agab",-9999.0,"gps","Loxodonta africana","Etosha1","Etosha1","African elephant - Namibia (Kilian)"
20661276010,true,2013-06-21 12:52:00.000,16.61988,-18.99528,"Halali-Agab",-9999.0,"gps","Loxodonta africana","Etosha1","Etosha1","African elephant - Namibia (Kilian)"
20661276027,true,2013-06-21 13:21:00.000,16.62082,-18.99295,"Halali-Agab",-9999.0,"gps","Loxodonta africana","Etosha1","Etosha1","African elephant - Namibia (Kilian)"
20661276040,true,2013-06-21 13:51:00.000,16.62157,-18.99285,"Halali-Agab",-9999.0,"gps","Loxodonta africana","Etosha1","Etosha1","African elephant - Namibia (Kilian)"
20661276057,true,2013-06-21 14:22:00.000,16.62138,-18.99292,"Halali-Agab",-9999.0,"gps","Loxodonta africana","Etosha1","Etosha1","African elephant - Namibia (Kilian)"
20661276069,true,2013-06-21 14:51:00.000,16.62135,-18.99117,"Halali-Agab",-9999.0,"gps","Loxodonta africana","Etosha1","Etosha1","African elephant - Namibia (Kilian)"
20661276085,true,2013-06-21 15:21:00.000,16.62123,-18.9898,"Halali-Agab",-9999.0,"gps","Loxodonta africana","Etosha1","Etosha1","African elephant - Namibia (Kilian)"
20661276098,true,2013-06-21 15:51:00.000,16.62203,-18.9885,"Halali-Agab",-9999.0,"gps","Loxodonta africana","Etosha1","Etosha1","African elephant - Namibia (Kilian)"
20661276115,true,2013-06-21 16:22:00.000,16.62387,-18.98702,"Halali-Agab",-9999.0,"gps","Loxodonta africana","Etosha1","Etosha1","African elephant - Namibia (Kilian)"
20661276129,true,2013-06-21 16:52:00.000,16.62583,-18.98535,"Halali-Agab",-9999.0,"gps","Loxodonta africana","Etosha1","Etosha1","African elephant - Namibia (Kilian)"
20661276146,true,2013-06-21 17:21:00.000,16.62835,-18.98355,"Halali-Agab",-9999.0,"gps","Loxodonta africana","Etosha1","Etosha1","African elephant - Namibia (Kilian)"
20661276159,true,2013-06-21 17:52:00.000,16.62947,-18.98137,"Halali-Agab",-9999.0,"gps","Loxodonta africana","Etosha1","Etosha1","African elephant - Namibia (Kilian)"
20661276176,true,2013-06-21 18:21:00.000,16.63167,-18.97788,"Halali-Agab",-9999.0,"gps","Loxodonta africana","Etosha1","Etosha1","African elephant - Namibia (Kilian)"
20661276189,true,2013-06-21 18:51:00.000,16.63277,-18.97737,"Halali-Agab",-9999.0,"gps","Loxodonta africana","Etosha1","Etosha1","African elephant - Namibia (Kilian)"
20661276206,true,2013-06-21 19:21:00.000,16.63387,-18.97642,"Halali-Agab",-9999.0,"gps","Loxodonta africana","Etosha1","Etosha1","African elephant - Namibia (Kilian)"
20661276220,true,2013-06-21 19:51:00.000,16.63493,-18.97625,"Halali-Agab",-9999.0,"gps","Loxodonta africana","Etosha1","Etosha1","African elephant - Namibia (Kilian)"
20661276237,true,2013-06-21 20:21:00.000,16.63625,-18.97612,"Halali-Agab",-9999.0,"gps","Loxodonta africana","Etosha1","Etosha1","African elephant - Namibia (Kilian)"
20661276251,true,2013-06-21 20:51:00.000,16.63758,-18.97527,"Halali-Agab",-9999.0,"gps","Loxodonta africana","Etosha1","Etosha1","African elephant - Namibia (Kilian)"
20661276268,true,2013-06-21 21:21:00.000,16.64198,-18.97363,"Halali-Agab",-9999.0,"gps","Loxodonta africana","Etosha1","Etosha1","African elephant - Namibia (Kilian)"
20661276280,true,2013-06-21 21:51:00.000,16.64462,-18.97248,"Halali-Agab",-9999.0,"gps","Loxodonta africana","Etosha1","Etosha1","African elephant - Namibia (Kilian)"
20661276297,true,2013-06-21 22:21:00.000,16.64617,-18.97148,"Halali-Agab",-9999.0,"gps","Loxodonta africana","Etosha1","Etosha1","African elephant - Namibia (Kilian)"
20661276323,true,2013-06-21 23:21:00.000,16.6474,-18.9717,"Halali-Agab",-9999.0,"gps","Loxodonta africana","Etosha1","Etosha1","African elephant - Namibia (Kilian)"
20661276334,true,2013-06-21 23:51:00.000,16.64993,-18.97312,"Halali-Agab",-9999.0,"gps","Loxodonta africana","Etosha1","Etosha1","African elephant - Namibia (Kilian)"
20661276351,true,2013-06-22 00:21:00.000,16.65307,-18.97402,"Halali-Agab",-9999.0,"gps","Loxodonta africana","Etosha1","Etosha1","African elephant - Namibia (Kilian)"
20661276365,true,2013-06-22 00:51:00.000,16.65553,-18.9746,"Halali-Agab",-9999.0,"gps","Loxodonta africana","Etosha1","Etosha1","African elephant - Namibia (Kilian)"
20661276382,true,2013-06-22 01:21:00.000,16.64492,-18.97568,"Halali-Agab",-9999.0,"gps","Loxodonta africana","Etosha1","Etosha1","African elephant - Namibia (Kilian)"
20661276395,true,2013-06-22 01:51:00.000,16.6347,-18.98137,"Halali-Agab",-9999.0,"gps","Loxodonta africana","Etosha1","Etosha1","African elephant - Namibia (Kilian)"
20661276412,true,2013-06-22 02:22:00.000,16.6287,-18.98715,"Halali-Agab",-9999.0,"gps","Loxodonta africana","Etosha1","Etosha1","African elephant - Namibia (Kilian)"
20661276451,true,2013-06-22 03:44:00.000,16.62182,-18.99417,"Halali-Agab",-9999.0,"gps","Loxodonta africana","Etosha1","Etosha1","African elephant - Namibia (Kilian)"
20661276463,true,2013-06-22 04:13:00.000,16.62163,-18.99545,"Halali-Agab",-9999.0,"gps","Loxodonta africana","Etosha1","Etosha1","African elephant - Namibia (Kilian)"
20661276480,true,2013-06-22 04:43:00.000,16.62197,-18.99567,"Halali-Agab",-9999.0,"gps","Loxodonta africana","Etosha1","Etosha1","African elephant - Namibia (Kilian)"
20661276491,true,2013-06-22 05:13:00.000,16.62252,-18.99583,"Halali-Agab",-9999.0,"gps","Loxodonta africana","Etosha1","Etosha1","African elephant - Namibia (Kilian)"
20661276509,true,2013-06-22 05:44:00.000,16.62212,-18.99627,"Halali-Agab",-9999.0,"gps","Loxodonta africana","Etosha1","Etosha1","African elephant - Namibia (Kilian)"
20661276521,true,2013-06-22 06:13:00.000,16.62202,-18.99633,"Halali-Agab",-9999.0,"gps","Loxodonta africana","Etosha1","Etosha1","African elephant - Namibia (Kilian)"
20661276539,true,2013-06-22 06:43:00.000,16.62175,-18.99597,"Halali-Agab",-9999.0,"gps","Loxodonta africana","Etosha1","Etosha1","African elephant - Namibia (Kilian)"
20661276551,true,2013-06-22 07:13:00.000,16.62105,-18.99535,"Halali-Agab",-9999.0,"gps","Loxodonta africana","Etosha1","Etosha1","African elephant - Namibia (Kilian)"
20661276570,true,2013-06-22 07:43:00.000,16.61942,-18.9948,"Halali-Agab",-9999.0,"gps","Loxodonta africana","Etosha1","Etosha1","African elephant - Namibia (Kilian)"
20661276582,true,2013-06-22 08:13:00.000,16.6193,-18.99375,"Halali-Agab",-9999.0,"gps","Loxodonta africana","Etosha1","Etosha1","African elephant - Namibia (Kilian)"
20661276601,true,2013-06-22 08:43:00.000,16.61897,-18.99273,"Halali-Agab",-9999.0,"gps","Loxodonta africana","Etosha1","Etosha1","African elephant - Namibia (Kilian)"
20661276613,true,2013-06-22 09:14:00.000,16.61775,-18.9921,"Halali-Agab",-9999.0,"gps","Loxodonta africana","Etosha1","Etosha1","African elephant - Namibia (Kilian)"
20661276631,true,2013-06-22 09:44:00.000,16.61603,-18.99202,"Halali-Agab",-9999.0,"gps","Loxodonta africana","Etosha1","Etosha1","African elephant - Namibia (Kilian)"
20661276643,true,2013-06-22 10:13:00.000,16.6155,-18.99088,"Halali-Agab",-9999.0,"gps","Loxodonta africana","Etosha1","Etosha1","African elephant - Namibia (Kilian)"
20661276661,true,2013-06-22 10:45:00.000,16.61712,-18.98912,"Halali-Agab",-9999.0,"gps","Loxodonta africana","Etosha1","Etosha1","African elephant - Namibia (Kilian)"
20661276673,true,2013-06-22 11:13:00.000,16.6173,-18.98892,"Halali-Agab",-9999.0,"gps","Loxodonta africana","Etosha1","Etosha1","African elephant - Namibia (Kilian)"
20661276692,true,2013-06-22 11:43:00.000,16.61743,-18.98837,"Halali-Agab",-9999.0,"gps","Loxodonta africana","Etosha1","Etosha1","African elephant - Namibia (Kilian)"
20661276703,true,2013-06-22 12:13:00.000,16.61728,-18.98793,"Halali-Agab",-9999.0,"gps","Loxodonta africana","Etosha1","Etosha1","African elephant - Namibia (Kilian)"
20661276722,true,2013-06-22 12:44:00.000,16.61627,-18.9874,"Halali-Agab",-9999.0,"gps","Loxodonta africana","Etosha1","Etosha1","African elephant - Namibia (Kilian)"
20661276733,true,2013-06-22 13:13:00.000,16.6163,-18.98733,"Halali-Agab",-9999.0,"gps","Loxodonta africana","Etosha1","Etosha1","African elephant - Namibia (Kilian)"
20661276773,true,2013-06-22 14:36:00.000,16.6125,-18.99188,"Halali-Agab",-9999.0,"gps","Loxodonta africana","Etosha1","Etosha1","African elephant - Namibia (Kilian)"
20661276789,true,2013-06-22 15:04:00.000,16.61483,-18.98653,"Halali-Agab",-9999.0,"gps","Loxodonta africana","Etosha1","Etosha1","African elephant - Namibia (Kilian)"
20661276801,true,2013-06-22 15:34:00.000,16.61535,-18.98507,"Halali-Agab",-9999.0,"gps","Loxodonta africana","Etosha1","Etosha1","African elephant - Namibia (Kilian)"
20661276819,true,2013-06-22 16:05:00.000,16.61857,-18.98463,"Halali-Agab",-9999.0,"gps","Loxodonta africana","Etosha1","Etosha1","African elephant - Namibia (Kilian)"
20661276831,true,2013-06-22 16:34:00.000,16.62113,-18.98432,"Halali-Agab",-9999.0,"gps","Loxodonta africana","Etosha1","Etosha1","African elephant - Namibia (Kilian)"
20661276851,true,2013-06-22 17:04:00.000,16.62433,-18.98415,"Halali-Agab",-9999.0,"gps","Loxodonta africana","Etosha1","Etosha1","African elephant - Namibia (Kilian)"
20661276864,true,2013-06-22 17:34:00.000,16.62712,-18.98335,"Halali-Agab",-9999.0,"gps","Loxodonta africana","Etosha1","Etosha1","African elephant - Namibia (Kilian)"
20661276881,true,2013-06-22 18:04:00.000,16.62998,-18.98227,"Halali-Agab",-9999.0,"gps","Loxodonta africana","Etosha1","Etosha1","African elephant - Namibia (Kilian)"
20661276894,true,2013-06-22 18:34:00.000,16.63472,-18.98082,"Halali-Agab",-9999.0,"gps","Loxodonta africana","Etosha1","Etosha1","African elephant - Namibia (Kilian)"
20661276911,true,2013-06-22 19:04:00.000,16.63538,-18.98093,"Halali-Agab",-9999.0,"gps","Loxodonta africana","Etosha1","Etosha1","African elephant - Namibia (Kilian)"
20661276924,true,2013-06-22 19:34:00.000,16.63618,-18.98035,"Halali-Agab",-9999.0,"gps","Loxodonta africana","Etosha1","Etosha1","African elephant - Namibia (Kilian)"
20661276942,true,2013-06-22 20:04:00.000,16.6376,-18.97987,"Halali-Agab",-9999.0,"gps","Loxodonta africana","Etosha1","Etosha1","African elephant - Namibia (Kilian)"
20661276955,true,2013-06-22 20:34:00.000,16.64,-18.98058,"Halali-Agab",-9999.0,"gps","Loxodonta africana","Etosha1","Etosha1","African elephant - Namibia (Kilian)"
20661276973,true,2013-06-22 21:04:00.000,16.64205,-18.98142,"Halali-Agab",-9999.0,"gps","Loxodonta africana","Etosha1","Etosha1","African elephant - Namibia (Kilian)"
20661276985,true,2013-06-22 21:34:00.000,16.6485,-18.97982,"Halali-Agab",-9999.0,"gps","Loxodonta africana","Etosha1","Etosha1","African elephant - Namibia (Kilian)"
20661277001,true,2013-06-22 22:04:00.000,16.65423,-18.97615,"Halali-Agab",-9999.0,"gps","Loxodonta africana","Etosha1","Etosha1","African elephant - Namibia (Kilian)"
20661277014,true,2013-06-22 22:34:00.000,16.65567,-18.97453,"Halali-Agab",-9999.0,"gps","Loxodonta africana","Etosha1","Etosha1","African elephant - Namibia (Kilian)"
20661277032,true,2013-06-22 23:04:00.000,16.65162,-18.97145,"Halali-Agab",-9999.0,"gps","Loxodonta africana","Etosha1","Etosha1","African elephant - Namibia (Kilian)"
20661277044,true,2013-06-22 23:34:00.000,16.64925,-18.9704,"Halali-Agab",-9999.0,"gps","Loxodonta africana","Etosha1","Etosha1","African elephant - Namibia (Kilian)"
20661277061,true,2013-06-23 00:04:00.000,16.64472,-18.9674,"Halali-Agab",-9999.0,"gps","Loxodonta africana","Etosha1","Etosha1","African elephant - Namibia (Kilian)"
20661277073,true,2013-06-23 00:34:00.000,16.63973,-18.96648,"Halali-Agab",-9999.0,"gps","Loxodonta africana","Etosha1","Etosha1","African elephant - Namibia (Kilian)"
20661277090,true,2013-06-23 01:04:00.000,16.6327,-18.96252,"Halali-Agab",-9999.0,"gps","Loxodonta africana","Etosha1","Etosha1","African elephant - Namibia (Kilian)"
20661277102,true,2013-06-23 01:34:00.000,16.62678,-18.96157,"Halali-Agab",-9999.0,"gps","Loxodonta africana","Etosha1","Etosha1","African elephant - Namibia (Kilian)"
20661277117,true,2013-06-23 02:04:00.000,16.62377,-18.96032,"Halali-Agab",-9999.0,"gps","Loxodonta africana","Etosha1","Etosha1","African elephant - Namibia (Kilian)"
20661277129,true,2013-06-23 02:33:00.000,16.62067,-18.95918,"Halali-Agab",-9999.0,"gps","Loxodonta africana","Etosha1","Etosha1","African elephant - Namibia (Kilian)"
20661277147,true,2013-06-23 03:04:00.000,16.62002,-18.95895,"Halali-Agab",-9999.0,"gps","Loxodonta africana","Etosha1","Etosha1","African elephant - Namibia (Kilian)"
20661277160,true,2013-06-23 03:34:00.000,16.61992,-18.9587,"Halali-Agab",-9999.0,"gps","Loxodonta africana","Etosha1","Etosha1","African elephant - Namibia (Kilian)"
20661277177,true,2013-06-23 04:04:00.000,16.61938,-18.9584,"Halali-Agab",-9999.0,"gps","Loxodonta africana","Etosha1","Etosha1","African elephant - Namibia (Kilian)"
20661277189,true,2013-06-23 04:34:00.000,16.61868,-18.95873,"Halali-Agab",-9999.0,"gps","Loxodonta africana","Etosha1","Etosha1","African elephant - Namibia (Kilian)"
20661277206,true,2013-06-23 05:05:00.000,16.61868,-18.95887,"Halali-Agab",-9999.0,"gps","Loxodonta africana","Etosha1","Etosha1","African elephant - Namibia (Kilian)"
20661277219,true,2013-06-23 05:35:00.000,16.61862,-18.95887,"Halali-Agab",-9999.0,"gps","Loxodonta africana","Etosha1","Etosha1","African elephant - Namibia (Kilian)"
20661277246,true,2013-06-23 06:34:00.000,16.61733,-18.95967,"Halali-Agab",-9999.0,"gps","Loxodonta africana","Etosha1","Etosha1","African elephant - Namibia (Kilian)"
20661277263,true,2013-06-23 07:04:00.000,16.6068,-18.96225,"Halali-Agab",-9999.0,"gps","Loxodonta africana","Etosha1","Etosha1","African elephant - Namibia (Kilian)"
20661277275,true,2013-06-23 07:34:00.000,16.6048,-18.96425,"Halali-Agab",-9999.0,"gps","Loxodonta africana","Etosha1","Etosha1","African elephant - Namibia (Kilian)"
20661277294,true,2013-06-23 08:04:00.000,16.60253,-18.96647,"Halali-Agab",-9999.0,"gps","Loxodonta africana","Etosha1","Etosha1","African elephant - Namibia (Kilian)"
20661277307,true,2013-06-23 08:34:00.000,16.60212,-18.96762,"Halali-Agab",-9999.0,"gps","Loxodonta africana","Etosha1","Etosha1","African elephant - Namibia (Kilian)"
20661277324,true,2013-06-23 09:04:00.000,16.59652,-18.96693,"Halali-Agab",-9999.0,"gps","Loxodonta africana","Etosha1","Etosha1","African elephant - Namibia (Kilian)"
20661277336,true,2013-06-23 09:34:00.000,16.59728,-18.96752,"Halali-Agab",-9999.0,"gps","Loxodonta africana","Etosha1","Etosha1","African elephant - Namibia (Kilian)"
20661277353,true,2013-06-23 10:03:00.000,16.59398,-18.96958,"Halali-Agab",-9999.0,"gps","Loxodonta africana","Etosha1","Etosha1","African elephant - Namibia (Kilian)"
20661277367,true,2013-06-23 10:34:00.000,16.5939,-18.97165,"Halali-Agab",-9999.0,"gps","Loxodonta africana","Etosha1","Etosha1","African elephant - Namibia (Kilian)"
20661277381,true,2013-06-23 11:03:00.000,16.59473,-18.97238,"Halali-Agab",-9999.0,"gps","Loxodonta africana","Etosha1","Etosha1","African elephant - Namibia (Kilian)"
20661277391,true,2013-06-23 11:34:00.000,16.59438,-18.97235,"Halali-Agab",-9999.0,"gps","Loxodonta africana","Etosha1","Etosha1","African elephant - Namibia (Kilian)"
20661277406,true,2013-06-23 12:04:00.000,16.59427,-18.97253,"Halali-Agab",-9999.0,"gps","Loxodonta africana","Etosha1","Etosha1","African elephant - Namibia (Kilian)"
20661277416,true,2013-06-23 12:34:00.000,16.59425,-18.97312,"Halali-Agab",-9999.0,"gps","Loxodonta africana","Etosha1","Etosha1","African elephant - Namibia (Kilian)"
20661277429,true,2013-06-23 13:04:00.000,16.59362,-18.97343,"Halali-Agab",-9999.0,"gps","Loxodonta africana","Etosha1","Etosha1","African elephant - Namibia (Kilian)"
20661277441,true,2013-06-23 13:35:00.000,16.59313,-18.97355,"Halali-Agab",-9999.0,"gps","Loxodonta africana","Etosha1","Etosha1","African elephant - Namibia (Kilian)"
20661277453,true,2013-06-23 14:04:00.000,16.59258,-18.97345,"Halali-Agab",-9999.0,"gps","Loxodonta africana","Etosha1","Etosha1","African elephant - Namibia (Kilian)"
20661277464,true,2013-06-23 14:34:00.000,16.59205,-18.97332,"Halali-Agab",-9999.0,"gps","Loxodonta africana","Etosha1","Etosha1","African elephant - Namibia (Kilian)"
20661277477,true,2013-06-23 15:04:00.000,16.58993,-18.97448,"Halali-Agab",-9999.0,"gps","Loxodonta africana","Etosha1","Etosha1","African elephant - Namibia (Kilian)"
20661277488,true,2013-06-23 15:34:00.000,16.58807,-18.97563,"Halali-Agab",-9999.0,"gps","Loxodonta africana","Etosha1","Etosha1","African elephant - Namibia (Kilian)"
20661277502,true,2013-06-23 16:04:00.000,16.58683,-18.97605,"Halali-Agab",-9999.0,"gps","Loxodonta africana","Etosha1","Etosha1","African elephant - Namibia (Kilian)"
20661277513,true,2013-06-23 16:34:00.000,16.5858,-18.97638,"Halali-Agab",-9999.0,"gps","Loxodonta africana","Etosha1","Etosha1","African elephant - Namibia (Kilian)"
20661277527,true,2013-06-23 17:04:00.000,16.58485,-18.97717,"Halali-Agab",-9999.0,"gps","Loxodonta africana","Etosha1","Etosha1","African elephant - Namibia (Kilian)"
20661277538,true,2013-06-23 17:34:00.000,16.58448,-18.97777,"Halali-Agab",-9999.0,"gps","Loxodonta africana","Etosha1","Etosha1","African elephant - Namibia (Kilian)"
20661277550,true,2013-06-23 18:05:00.000,16.58437,-18.97855,"Halali-Agab",-9999.0,"gps","Loxodonta africana","Etosha1","Etosha1","African elephant - Namibia (Kilian)"
20661277559,true,2013-06-23 18:34:00.000,16.57817,-18.98127,"Halali-Agab",-9999.0,"gps","Loxodonta africana","Etosha1","Etosha1","African elephant - Namibia (Kilian)"
20661277573,true,2013-06-23 19:05:00.000,16.57565,-18.9822,"Halali-Agab",-9999.0,"gps","Loxodonta africana","Etosha1","Etosha1","African elephant - Namibia (Kilian)"
20661277582,true,2013-06-23 19:34:00.000,16.5719,-18.98362,"Halali-Agab",-9999.0,"gps","Loxodonta africana","Etosha1","Etosha1","African elephant - Namibia (Kilian)"
20661277596,true,2013-06-23 20:04:00.000,16.57145,-18.98332,"Halali-Agab",-9999.0,"gps","Loxodonta africana","Etosha1","Etosha1","African elephant - Namibia (Kilian)"
20661277607,true,2013-06-23 20:33:00.000,16.57125,-18.98303,"Halali-Agab",-9999.0,"gps","Loxodonta africana","Etosha1","Etosha1","African elephant - Namibia (Kilian)"
20661277620,true,2013-06-23 21:04:00.000,16.57027,-18.9835,"Halali-Agab",-9999.0,"gps","Loxodonta africana","Etosha1","Etosha1","African elephant - Namibia (Kilian)"
20661277630,true,2013-06-23 21:34:00.000,16.56775,-18.98427,"Halali-Agab",-9999.0,"gps","Loxodonta africana","Etosha1","Etosha1","African elephant - Namibia (Kilian)"
20661277642,true,2013-06-23 22:04:00.000,16.56583,-18.98487,"Halali-Agab",-9999.0,"gps","Loxodonta africana","Etosha1","Etosha1","African elephant - Namibia (Kilian)"
20661277654,true,2013-06-23 22:34:00.000,16.56205,-18.98622,"Halali-Agab",-9999.0,"gps","Loxodonta africana","Etosha1","Etosha1","African elephant - Namibia (Kilian)"
20661277665,true,2013-06-23 23:04:00.000,16.55803,-18.99063,"Halali-Agab",-9999.0,"gps","Loxodonta africana","Etosha1","Etosha1","African elephant - Namibia (Kilian)"
20661277675,true,2013-06-23 23:34:00.000,16.55802,-18.99025,"Halali-Agab",-9999.0,"gps","Loxodonta africana","Etosha1","Etosha1","African elephant - Namibia (Kilian)"
20661277688,true,2013-06-24 00:04:00.000,16.55552,-18.9865,"Halali-Agab",-9999.0,"gps","Loxodonta africana","Etosha1","Etosha1","African elephant - Namibia (Kilian)"
20661277698,true,2013-06-24 00:34:00.000,16.54813,-18.97982,"Halali-Agab",-9999.0,"gps","Loxodonta africana","Etosha1","Etosha1","African elephant - Namibia (Kilian)"
20661277709,true,2013-06-24 01:04:00.000,16.54297,-18.97937,"Halali-Agab",-9999.0,"gps","Loxodonta africana","Etosha1","Etosha1","African elephant - Namibia (Kilian)"
20661277720,true,2013-06-24 01:34:00.000,16.53998,-18.98017,"Halali-Agab",-9999.0,"gps","Loxodonta africana","Etosha1","Etosha1","African elephant - Namibia (Kilian)"
20661277731,true,2013-06-24 02:04:00.000,16.5353,-18.98213,"Halali-Agab",-9999.0,"gps","Loxodonta africana","Etosha1","Etosha1","African elephant - Namibia (Kilian)"
20661277741,true,2013-06-24 02:34:00.000,16.53373,-18.98255,"Halali-Agab",-9999.0,"gps","Loxodonta africana","Etosha1","Etosha1","African elephant - Namibia (Kilian)"
20661277752,true,2013-06-24 03:04:00.000,16.53317,-18.98332,"Halali-Agab",-9999.0,"gps","Loxodonta africana","Etosha1","Etosha1","African elephant - Namibia (Kilian)"
20661277774,true,2013-06-24 04:14:00.000,16.53163,-18.98423,"Halali-Agab",-9999.0,"gps","Loxodonta africana","Etosha1","Etosha1","African elephant - Namibia (Kilian)"
20661277786,true,2013-06-24 04:43:00.000,16.5313,-18.98402,"Halali-Agab",-9999.0,"gps","Loxodonta africana","Etosha1","Etosha1","African elephant - Namibia (Kilian)"
20661277801,true,2013-06-24 05:26:00.000,16.53155,-18.98402,"Halali-Agab",-9999.0,"gps","Loxodonta africana","Etosha1","Etosha1","African elephant - Namibia (Kilian)"
20661277809,true,2013-06-24 05:54:00.000,16.53145,-18.98403,"Halali-Agab",-9999.0,"gps","Loxodonta africana","Etosha1","Etosha1","African elephant - Namibia (Kilian)"
20661277821,true,2013-06-24 06:24:00.000,16.5313,-18.98433,"Halali-Agab",-9999.0,"gps","Loxodonta africana","Etosha1","Etosha1","African elephant - Namibia (Kilian)"
20661277830,true,2013-06-24 06:54:00.000,16.53052,-18.98528,"Halali-Agab",-9999.0,"gps","Loxodonta africana","Etosha1","Etosha1","African elephant - Namibia (Kilian)"
20661277844,true,2013-06-24 07:24:00.000,16.52795,-18.98472,"Halali-Agab",-9999.0,"gps","Loxodonta africana","Etosha1","Etosha1","African elephant - Namibia (Kilian)"
20661277856,true,2013-06-24 07:54:00.000,16.52777,-18.98445,"Halali-Agab",-9999.0,"gps","Loxodonta africana","Etosha1","Etosha1","African elephant - Namibia (Kilian)"
20661277873,true,2013-06-24 08:25:00.000,16.52568,-18.98155,"Halali-Agab",-9999.0,"gps","Loxodonta africana","Etosha1","Etosha1","African elephant - Namibia (Kilian)"
20661277901,true,2013-06-24 09:37:00.000,16.52558,-18.97977,"Halali-Agab",-9999.0,"gps","Loxodonta africana","Etosha1","Etosha1","African elephant - Namibia (Kilian)"
20661277916,true,2013-06-24 10:06:00.000,16.52598,-18.97782,"Halali-Agab",-9999.0,"gps","Loxodonta africana","Etosha1","Etosha1","African elephant - Namibia (Kilian)"
20661277928,true,2013-06-24 10:37:00.000,16.52625,-18.97518,"Halali-Agab",-9999.0,"gps","Loxodonta africana","Etosha1","Etosha1","African elephant - Namibia (Kilian)"
20661277943,true,2013-06-24 11:06:00.000,16.52615,-18.97478,"Halali-Agab",-9999.0,"gps","Loxodonta africana","Etosha1","Etosha1","African elephant - Namibia (Kilian)"
20661277974,true,2013-06-24 12:14:00.000,16.52575,-18.9729,"Halali-Agab",-9999.0,"gps","Loxodonta africana","Etosha1","Etosha1","African elephant - Namibia (Kilian)"
20661277993,true,2013-06-24 12:43:00.000,16.52403,-18.97152,"Halali-Agab",-9999.0,"gps","Loxodonta africana","Etosha1","Etosha1","African elephant - Namibia (Kilian)"
20661278003,true,2013-06-24 13:12:00.000,16.52278,-18.97027,"Halali-Agab",-9999.0,"gps","Loxodonta africana","Etosha1","Etosha1","African elephant - Namibia (Kilian)"
20661278021,true,2013-06-24 13:42:00.000,16.52282,-18.97013,"Halali-Agab",-9999.0,"gps","Loxodonta africana","Etosha1","Etosha1","African elephant - Namibia (Kilian)"
20661278053,true,2013-06-24 14:54:00.000,16.51512,-18.96068,"Halali-Agab",-9999.0,"gps","Loxodonta africana","Etosha1","Etosha1","African elephant - Namibia (Kilian)"
20661278089,true,2013-06-24 16:02:00.000,16.50818,-18.95688,"Halali-Agab",-9999.0,"gps","Loxodonta africana","Etosha1","Etosha1","African elephant - Namibia (Kilian)"
20661278102,true,2013-06-24 16:33:00.000,16.50685,-18.9563,"Halali-Agab",-9999.0,"gps","Loxodonta africana","Etosha1","Etosha1","African elephant - Namibia (Kilian)"
20661278120,true,2013-06-24 17:03:00.000,16.50605,-18.95632,"Halali-Agab",-9999.0,"gps","Loxodonta africana","Etosha1","Etosha1","African elephant - Namibia (Kilian)"
20661278133,true,2013-06-24 17:32:00.000,16.50612,-18.95595,"Halali-Agab",-9999.0,"gps","Loxodonta africana","Etosha1","Etosha1","African elephant - Namibia (Kilian)"
20661278150,true,2013-06-24 18:02:00.000,16.50617,-18.9559,"Halali-Agab",-9999.0,"gps","Loxodonta africana","Etosha1","Etosha1","African elephant - Namibia (Kilian)"
20661278163,true,2013-06-24 18:32:00.000,16.50678,-18.95387,"Halali-Agab",-9999.0,"gps","Loxodonta africana","Etosha1","Etosha1","African elephant - Namibia (Kilian)"
20661278180,true,2013-06-24 19:02:00.000,16.50747,-18.9513,"Halali-Agab",-9999.0,"gps","Loxodonta africana","Etosha1","Etosha1","African elephant - Namibia (Kilian)"
20661278192,true,2013-06-24 19:32:00.000,16.50748,-18.94978,"Halali-Agab",-9999.0,"gps","Loxodonta africana","Etosha1","Etosha1","African elephant - Namibia (Kilian)"
20661278209,true,2013-06-24 20:02:00.000,16.50785,-18.94733,"Halali-Agab",-9999.0,"gps","Loxodonta africana","Etosha1","Etosha1","African elephant - Namibia (Kilian)"
20661278221,true,2013-06-24 20:32:00.000,16.50768,-18.94625,"Halali-Agab",-9999.0,"gps","Loxodonta africana","Etosha1","Etosha1","African elephant - Namibia (Kilian)"
20661278239,true,2013-06-24 21:02:00.000,16.50825,-18.94267,"Halali-Agab",-9999.0,"gps","Loxodonta africana","Etosha1","Etosha1","African elephant - Namibia (Kilian)"
20661278252,true,2013-06-24 21:32:00.000,16.5078,-18.94005,"Halali-Agab",-9999.0,"gps","Loxodonta africana","Etosha1","Etosha1","African elephant - Namibia (Kilian)"
20661278270,true,2013-06-24 22:02:00.000,16.50678,-18.93478,"Halali-Agab",-9999.0,"gps","Loxodonta africana","Etosha1","Etosha1","African elephant - Namibia (Kilian)"
20661278282,true,2013-06-24 22:32:00.000,16.50822,-18.9345,"Halali-Agab",-9999.0,"gps","Loxodonta africana","Etosha1","Etosha1","African elephant - Namibia (Kilian)"
20661278299,true,2013-06-24 23:02:00.000,16.50987,-18.93408,"Halali-Agab",-9999.0,"gps","Loxodonta africana","Etosha1","Etosha1","African elephant - Namibia (Kilian)"
20661278313,true,2013-06-24 23:32:00.000,16.5112,-18.93413,"Halali-Agab",-9999.0,"gps","Loxodonta africana","Etosha1","Etosha1","African elephant - Namibia (Kilian)"
20661278331,true,2013-06-25 00:03:00.000,16.51158,-18.93462,"Halali-Agab",-9999.0,"gps","Loxodonta africana","Etosha1","Etosha1","African elephant - Namibia (Kilian)"
20661278342,true,2013-06-25 00:32:00.000,16.51165,-18.93498,"Halali-Agab",-9999.0,"gps","Loxodonta africana","Etosha1","Etosha1","African elephant - Namibia (Kilian)"
20661278360,true,2013-06-25 01:02:00.000,16.51152,-18.93473,"Halali-Agab",-9999.0,"gps","Loxodonta africana","Etosha1","Etosha1","African elephant - Namibia (Kilian)"
20661278374,true,2013-06-25 01:33:00.000,16.51173,-18.93458,"Halali-Agab",-9999.0,"gps","Loxodonta africana","Etosha1","Etosha1","African elephant - Namibia (Kilian)"
20661278402,true,2013-06-25 02:32:00.000,16.5116,-18.93472,"Halali-Agab",-9999.0,"gps","Loxodonta africana","Etosha1","Etosha1","African elephant - Namibia (Kilian)"
20661278420,true,2013-06-25 03:03:00.000,16.51182,-18.93462,"Halali-Agab",-9999.0,"gps","Loxodonta africana","Etosha1","Etosha1","African elephant - Namibia (Kilian)"
20661278433,true,2013-06-25 03:32:00.000,16.51177,-18.93453,"Halali-Agab",-9999.0,"gps","Loxodonta africana","Etosha1","Etosha1","African elephant - Namibia (Kilian)"
20661278449,true,2013-06-25 04:02:00.000,16.51335,-18.93552,"Halali-Agab",-9999.0,"gps","Loxodonta africana","Etosha1","Etosha1","African elephant - Namibia (Kilian)"
20661278462,true,2013-06-25 04:32:00.000,16.51592,-18.93635,"Halali-Agab",-9999.0,"gps","Loxodonta africana","Etosha1","Etosha1","African elephant - Namibia (Kilian)"
20661278480,true,2013-06-25 05:02:00.000,16.51762,-18.93695,"Halali-Agab",-9999.0,"gps","Loxodonta africana","Etosha1","Etosha1","African elephant - Namibia (Kilian)"
20661278493,true,2013-06-25 05:32:00.000,16.51863,-18.937,"Halali-Agab",-9999.0,"gps","Loxodonta africana","Etosha1","Etosha1","African elephant - Namibia (Kilian)"
20661278510,true,2013-06-25 06:02:00.000,16.52013,-18.93687,"Halali-Agab",-9999.0,"gps","Loxodonta africana","Etosha1","Etosha1","African elephant - Namibia (Kilian)"
20661278523,true,2013-06-25 06:32:00.000,16.52372,-18.93807,"Halali-Agab",-9999.0,"gps","Loxodonta africana","Etosha1","Etosha1","African elephant - Namibia (Kilian)"
20661278540,true,2013-06-25 07:04:00.000,16.52795,-18.93868,"Halali-Agab",-9999.0,"gps","Loxodonta africana","Etosha1","Etosha1","African elephant - Namibia (Kilian)"
20661278552,true,2013-06-25 07:32:00.000,16.53032,-18.9386,"Halali-Agab",-9999.0,"gps","Loxodonta africana","Etosha1","Etosha1","African elephant - Namibia (Kilian)"
20661278570,true,2013-06-25 08:03:00.000,16.53167,-18.94012,"Halali-Agab",-9999.0,"gps","Loxodonta africana","Etosha1","Etosha1","African elephant - Namibia (Kilian)"
20661278582,true,2013-06-25 08:33:00.000,16.532,-18.94107,"Halali-Agab",-9999.0,"gps","Loxodonta africana","Etosha1","Etosha1","African elephant - Namibia (Kilian)"
20661278598,true,2013-06-25 09:02:00.000,16.53255,-18.94115,"Halali-Agab",-9999.0,"gps","Loxodonta africana","Etosha1","Etosha1","African elephant - Namibia (Kilian)"
20661278611,true,2013-06-25 09:32:00.000,16.53437,-18.93808,"Halali-Agab",-9999.0,"gps","Loxodonta africana","Etosha1","Etosha1","African elephant - Namibia (Kilian)"
20661278649,true,2013-06-25 10:43:00.000,16.54193,-18.93967,"Halali-Agab",-9999.0,"gps","Loxodonta africana","Etosha1","Etosha1","African elephant - Namibia (Kilian)"
20661278660,true,2013-06-25 11:11:00.000,16.54457,-18.94155,"Halali-Agab",-9999.0,"gps","Loxodonta africana","Etosha1","Etosha1","African elephant - Namibia (Kilian)"
20661278679,true,2013-06-25 11:42:00.000,16.54948,-18.94305,"Halali-Agab",-9999.0,"gps","Loxodonta africana","Etosha1","Etosha1","African elephant - Namibia (Kilian)"
20661278691,true,2013-06-25 12:11:00.000,16.55452,-18.94497,"Halali-Agab",-9999.0,"gps","Loxodonta africana","Etosha1","Etosha1","African elephant - Namibia (Kilian)"
20661278710,true,2013-06-25 12:42:00.000,16.5556,-18.94638,"Halali-Agab",-9999.0,"gps","Loxodonta africana","Etosha1","Etosha1","African elephant - Namibia (Kilian)"
20661278722,true,2013-06-25 13:12:00.000,16.55667,-18.94727,"Halali-Agab",-9999.0,"gps","Loxodonta africana","Etosha1","Etosha1","African elephant - Namibia (Kilian)"
20661278740,true,2013-06-25 13:42:00.000,16.55707,-18.94783,"Halali-Agab",-9999.0,"gps","Loxodonta africana","Etosha1","Etosha1","African elephant - Namibia (Kilian)"
20661278752,true,2013-06-25 14:12:00.000,16.55697,-18.94805,"Halali-Agab",-9999.0,"gps","Loxodonta africana","Etosha1","Etosha1","African elephant - Namibia (Kilian)"
20661278769,true,2013-06-25 14:42:00.000,16.5571,-18.94822,"Halali-Agab",-9999.0,"gps","Loxodonta africana","Etosha1","Etosha1","African elephant - Namibia (Kilian)"
20661278782,true,2013-06-25 15:12:00.000,16.55698,-18.94958,"Halali-Agab",-9999.0,"gps","Loxodonta africana","Etosha1","Etosha1","African elephant - Namibia (Kilian)"
20661278800,true,2013-06-25 15:42:00.000,16.55767,-18.95138,"Halali-Agab",-9999.0,"gps","Loxodonta africana","Etosha1","Etosha1","African elephant - Namibia (Kilian)"
20661278812,true,2013-06-25 16:12:00.000,16.55762,-18.95243,"Halali-Agab",-9999.0,"gps","Loxodonta africana","Etosha1","Etosha1","African elephant - Namibia (Kilian)"
20661278830,true,2013-06-25 16:42:00.000,16.55747,-18.95367,"Halali-Agab",-9999.0,"gps","Loxodonta africana","Etosha1","Etosha1","African elephant - Namibia (Kilian)"
20661278843,true,2013-06-25 17:12:00.000,16.5576,-18.95535,"Halali-Agab",-9999.0,"gps","Loxodonta africana","Etosha1","Etosha1","African elephant - Namibia (Kilian)"
20661278860,true,2013-06-25 17:42:00.000,16.55865,-18.95507,"Halali-Agab",-9999.0,"gps","Loxodonta africana","Etosha1","Etosha1","African elephant - Namibia (Kilian)"
20661278873,true,2013-06-25 18:11:00.000,16.55928,-18.95552,"Halali-Agab",-9999.0,"gps","Loxodonta africana","Etosha1","Etosha1","African elephant - Namibia (Kilian)"
20661278890,true,2013-06-25 18:42:00.000,16.55998,-18.95498,"Halali-Agab",-9999.0,"gps","Loxodonta africana","Etosha1","Etosha1","African elephant - Namibia (Kilian)"
20661278903,true,2013-06-25 19:12:00.000,16.56033,-18.95493,"Halali-Agab",-9999.0,"gps","Loxodonta africana","Etosha1","Etosha1","African elephant - Namibia (Kilian)"
20661278921,true,2013-06-25 19:42:00.000,16.56213,-18.95397,"Halali-Agab",-9999.0,"gps","Loxodonta africana","Etosha1","Etosha1","African elephant - Namibia (Kilian)"
20661278934,true,2013-06-25 20:12:00.000,16.56643,-18.95288,"Halali-Agab",-9999.0,"gps","Loxodonta africana","Etosha1","Etosha1","African elephant - Namibia (Kilian)"
20661278953,true,2013-06-25 20:43:00.000,16.56817,-18.95155,"Halali-Agab",-9999.0,"gps","Loxodonta africana","Etosha1","Etosha1","African elephant - Namibia (Kilian)"
20661278964,true,2013-06-25 21:13:00.000,16.56967,-18.95095,"Halali-Agab",-9999.0,"gps","Loxodonta africana","Etosha1","Etosha1","African elephant - Namibia (Kilian)"
20661278981,true,2013-06-25 21:41:00.000,16.57072,-18.94992,"Halali-Agab",-9999.0,"gps","Loxodonta africana","Etosha1","Etosha1","African elephant - Namibia (Kilian)"
20661278994,true,2013-06-25 22:11:00.000,16.57092,-18.9493,"Halali-Agab",-9999.0,"gps","Loxodonta africana","Etosha1","Etosha1","African elephant - Namibia (Kilian)"
20661279011,true,2013-06-25 22:42:00.000,16.57133,-18.94875,"Halali-Agab",-9999.0,"gps","Loxodonta africana","Etosha1","Etosha1","African elephant - Namibia (Kilian)"
20661279024,true,2013-06-25 23:11:00.000,16.57237,-18.94808,"Halali-Agab",-9999.0,"gps","Loxodonta africana","Etosha1","Etosha1","African elephant - Namibia (Kilian)"
20661279042,true,2013-06-25 23:41:00.000,16.5727,-18.9481,"Halali-Agab",-9999.0,"gps","Loxodonta africana","Etosha1","Etosha1","African elephant - Namibia (Kilian)"
20661279055,true,2013-06-26 00:12:00.000,16.57315,-18.94802,"Halali-Agab",-9999.0,"gps","Loxodonta africana","Etosha1","Etosha1","African elephant - Namibia (Kilian)"
20661279073,true,2013-06-26 00:42:00.000,16.57767,-18.94745,"Halali-Agab",-9999.0,"gps","Loxodonta africana","Etosha1","Etosha1","African elephant - Namibia (Kilian)"
20661279085,true,2013-06-26 01:12:00.000,16.57923,-18.94717,"Halali-Agab",-9999.0,"gps","Loxodonta africana","Etosha1","Etosha1","African elephant - Namibia (Kilian)"
20661279103,true,2013-06-26 01:43:00.000,16.5792,-18.94705,"Halali-Agab",-9999.0,"gps","Loxodonta africana","Etosha1","Etosha1","African elephant - Namibia (Kilian)"
20661279115,true,2013-06-26 02:12:00.000,16.57915,-18.94708,"Halali-Agab",-9999.0,"gps","Loxodonta africana","Etosha1","Etosha1","African elephant - Namibia (Kilian)"
20661279133,true,2013-06-26 02:42:00.000,16.5792,-18.94723,"Halali-Agab",-9999.0,"gps","Loxodonta africana","Etosha1","Etosha1","African elephant - Namibia (Kilian)"
20661279145,true,2013-06-26 03:12:00.000,16.57907,-18.9467,"Halali-Agab",-9999.0,"gps","Loxodonta africana","Etosha1","Etosha1","African elephant - Namibia (Kilian)"
20661279162,true,2013-06-26 03:42:00.000,16.57915,-18.94682,"Halali-Agab",-9999.0,"gps","Loxodonta africana","Etosha1","Etosha1","African elephant - Namibia (Kilian)"
20661279175,true,2013-06-26 04:14:00.000,16.57905,-18.94678,"Halali-Agab",-9999.0,"gps","Loxodonta africana","Etosha1","Etosha1","African elephant - Namibia (Kilian)"
20661279192,true,2013-06-26 04:41:00.000,16.57937,-18.94723,"Halali-Agab",-9999.0,"gps","Loxodonta africana","Etosha1","Etosha1","African elephant - Namibia (Kilian)"
20661279203,true,2013-06-26 05:12:00.000,16.57942,-18.94862,"Halali-Agab",-9999.0,"gps","Loxodonta africana","Etosha1","Etosha1","African elephant - Namibia (Kilian)"
20661279221,true,2013-06-26 05:42:00.000,16.57878,-18.94953,"Halali-Agab",-9999.0,"gps","Loxodonta africana","Etosha1","Etosha1","African elephant - Namibia (Kilian)"
20661279232,true,2013-06-26 06:12:00.000,16.57947,-18.95163,"Halali-Agab",-9999.0,"gps","Loxodonta africana","Etosha1","Etosha1","African elephant - Namibia (Kilian)"
20661279250,true,2013-06-26 06:42:00.000,16.58137,-18.9545,"Halali-Agab",-9999.0,"gps","Loxodonta africana","Etosha1","Etosha1","African elephant - Namibia (Kilian)"
20661279262,true,2013-06-26 07:12:00.000,16.58118,-18.95668,"Halali-Agab",-9999.0,"gps","Loxodonta africana","Etosha1","Etosha1","African elephant - Namibia (Kilian)"
20661279280,true,2013-06-26 07:41:00.000,16.5825,-18.9574,"Halali-Agab",-9999.0,"gps","Loxodonta africana","Etosha1","Etosha1","African elephant - Namibia (Kilian)"
20661279293,true,2013-06-26 08:12:00.000,16.58677,-18.95447,"Halali-Agab",-9999.0,"gps","Loxodonta africana","Etosha1","Etosha1","African elephant - Namibia (Kilian)"
20661279310,true,2013-06-26 08:41:00.000,16.59065,-18.95383,"Halali-Agab",-9999.0,"gps","Loxodonta africana","Etosha1","Etosha1","African elephant - Namibia (Kilian)"
20661279324,true,2013-06-26 09:11:00.000,16.5955,-18.9531,"Halali-Agab",-9999.0,"gps","Loxodonta africana","Etosha1","Etosha1","African elephant - Namibia (Kilian)"
20661279341,true,2013-06-26 09:41:00.000,16.59943,-18.95113,"Halali-Agab",-9999.0,"gps","Loxodonta africana","Etosha1","Etosha1","African elephant - Namibia (Kilian)"
20661279354,true,2013-06-26 10:12:00.000,16.60725,-18.95,"Halali-Agab",-9999.0,"gps","Loxodonta africana","Etosha1","Etosha1","African elephant - Namibia (Kilian)"
20661279371,true,2013-06-26 10:42:00.000,16.61745,-18.94975,"Halali-Agab",-9999.0,"gps","Loxodonta africana","Etosha1","Etosha1","African elephant - Namibia (Kilian)"
20661279403,true,2013-06-26 11:58:00.000,16.62165,-18.95085,"Halali-Agab",-9999.0,"gps","Loxodonta africana","Etosha1","Etosha1","African elephant - Namibia (Kilian)"
20661279420,true,2013-06-26 12:27:00.000,16.62432,-18.95107,"Halali-Agab",-9999.0,"gps","Loxodonta africana","Etosha1","Etosha1","African elephant - Namibia (Kilian)"
20661279432,true,2013-06-26 12:57:00.000,16.62582,-18.95257,"Halali-Agab",-9999.0,"gps","Loxodonta africana","Etosha1","Etosha1","African elephant - Namibia (Kilian)"
20661279450,true,2013-06-26 13:28:00.000,16.62755,-18.95415,"Halali-Agab",-9999.0,"gps","Loxodonta africana","Etosha1","Etosha1","African elephant - Namibia (Kilian)"
20661279462,true,2013-06-26 13:57:00.000,16.62837,-18.95557,"Halali-Agab",-9999.0,"gps","Loxodonta africana","Etosha1","Etosha1","African elephant - Namibia (Kilian)"
20661279480,true,2013-06-26 14:27:00.000,16.62955,-18.95667,"Halali-Agab",-9999.0,"gps","Loxodonta africana","Etosha1","Etosha1","African elephant - Namibia (Kilian)"
20661279492,true,2013-06-26 14:57:00.000,16.63185,-18.95835,"Halali-Agab",-9999.0,"gps","Loxodonta africana","Etosha1","Etosha1","African elephant - Namibia (Kilian)"
20661279509,true,2013-06-26 15:27:00.000,16.63472,-18.9608,"Halali-Agab",-9999.0,"gps","Loxodonta africana","Etosha1","Etosha1","African elephant - Namibia (Kilian)"
20661279521,true,2013-06-26 15:58:00.000,16.63612,-18.96112,"Halali-Agab",-9999.0,"gps","Loxodonta africana","Etosha1","Etosha1","African elephant - Namibia (Kilian)"
20661279539,true,2013-06-26 16:28:00.000,16.63797,-18.96117,"Halali-Agab",-9999.0,"gps","Loxodonta africana","Etosha1","Etosha1","African elephant - Namibia (Kilian)"
20661279552,true,2013-06-26 16:57:00.000,16.64125,-18.96227,"Halali-Agab",-9999.0,"gps","Loxodonta africana","Etosha1","Etosha1","African elephant - Namibia (Kilian)"
20661279570,true,2013-06-26 17:28:00.000,16.64465,-18.96423,"Halali-Agab",-9999.0,"gps","Loxodonta africana","Etosha1","Etosha1","African elephant - Namibia (Kilian)"
20661279581,true,2013-06-26 17:58:00.000,16.64942,-18.9682,"Halali-Agab",-9999.0,"gps","Loxodonta africana","Etosha1","Etosha1","African elephant - Namibia (Kilian)"
20661279598,true,2013-06-26 18:28:00.000,16.65288,-18.97138,"Halali-Agab",-9999.0,"gps","Loxodonta africana","Etosha1","Etosha1","African elephant - Namibia (Kilian)"
20661279611,true,2013-06-26 18:58:00.000,16.65597,-18.97448,"Halali-Agab",-9999.0,"gps","Loxodonta africana","Etosha1","Etosha1","African elephant - Namibia (Kilian)"
20661279628,true,2013-06-26 19:27:00.000,16.65598,-18.96872,"Halali-Agab",-9999.0,"gps","Loxodonta africana","Etosha1","Etosha1","African elephant - Namibia (Kilian)"
20661279642,true,2013-06-26 19:58:00.000,16.65642,-18.96393,"Halali-Agab",-9999.0,"gps","Loxodonta africana","Etosha1","Etosha1","African elephant - Namibia (Kilian)"
20661279659,true,2013-06-26 20:28:00.000,16.65715,-18.96202,"Halali-Agab",-9999.0,"gps","Loxodonta africana","Etosha1","Etosha1","African elephant - Namibia (Kilian)"
20661279673,true,2013-06-26 20:57:00.000,16.66007,-18.95913,"Halali-Agab",-9999.0,"gps","Loxodonta africana","Etosha1","Etosha1","African elephant - Namibia (Kilian)"
20661279690,true,2013-06-26 21:27:00.000,16.66352,-18.95653,"Halali-Agab",-9999.0,"gps","Loxodonta africana","Etosha1","Etosha1","African elephant - Namibia (Kilian)"
20661279702,true,2013-06-26 21:57:00.000,16.66588,-18.95542,"Halali-Agab",-9999.0,"gps","Loxodonta africana","Etosha1","Etosha1","African elephant - Namibia (Kilian)"
20661279719,true,2013-06-26 22:27:00.000,16.66783,-18.95403,"Halali-Agab",-9999.0,"gps","Loxodonta africana","Etosha1","Etosha1","African elephant - Namibia (Kilian)"
20661279732,true,2013-06-26 22:58:00.000,16.66838,-18.95377,"Halali-Agab",-9999.0,"gps","Loxodonta africana","Etosha1","Etosha1","African elephant - Namibia (Kilian)"
20661279749,true,2013-06-26 23:27:00.000,16.66988,-18.95378,"Halali-Agab",-9999.0,"gps","Loxodonta africana","Etosha1","Etosha1","African elephant - Namibia (Kilian)"
20661279763,true,2013-06-26 23:57:00.000,16.6709,-18.95433,"Halali-Agab",-9999.0,"gps","Loxodonta africana","Etosha1","Etosha1","African elephant - Namibia (Kilian)"
20661279780,true,2013-06-27 00:27:00.000,16.67088,-18.95467,"Halali-Agab",-9999.0,"gps","Loxodonta africana","Etosha1","Etosha1","African elephant - Namibia (Kilian)"
20661279794,true,2013-06-27 00:58:00.000,16.67067,-18.95542,"Halali-Agab",-9999.0,"gps","Loxodonta africana","Etosha1","Etosha1","African elephant - Namibia (Kilian)"
20661279811,true,2013-06-27 01:27:00.000,16.67088,-18.95568,"Halali-Agab",-9999.0,"gps","Loxodonta africana","Etosha1","Etosha1","African elephant - Namibia (Kilian)"
20661279823,true,2013-06-27 01:58:00.000,16.67102,-18.9555,"Halali-Agab",-9999.0,"gps","Loxodonta africana","Etosha1","Etosha1","African elephant - Namibia (Kilian)"
20661279840,true,2013-06-27 02:27:00.000,16.67095,-18.95555,"Halali-Agab",-9999.0,"gps","Loxodonta africana","Etosha1","Etosha1","African elephant - Namibia (Kilian)"
20661279852,true,2013-06-27 02:57:00.000,16.67097,-18.95552,"Halali-Agab",-9999.0,"gps","Loxodonta africana","Etosha1","Etosha1","African elephant - Namibia (Kilian)"
20661279868,true,2013-06-27 03:28:00.000,16.6716,-18.95592,"Halali-Agab",-9999.0,"gps","Loxodonta africana","Etosha1","Etosha1","African elephant - Namibia (Kilian)"
20661279884,true,2013-06-27 04:00:00.000,16.67167,-18.95592,"Halali-Agab",-9999.0,"gps","Loxodonta africana","Etosha1","Etosha1","African elephant - Namibia (Kilian)"
20661279899,true,2013-06-27 04:28:00.000,16.6716,-18.95608,"Halali-Agab",-9999.0,"gps","Loxodonta africana","Etosha1","Etosha1","African elephant - Namibia (Kilian)"
20661279913,true,2013-06-27 04:57:00.000,16.6716,-18.95618,"Halali-Agab",-9999.0,"gps","Loxodonta africana","Etosha1","Etosha1","African elephant - Namibia (Kilian)"
20661279942,true,2013-06-27 05:58:00.000,16.6715,-18.95608,"Halali-Agab",-9999.0,"gps","Loxodonta africana","Etosha1","Etosha1","African elephant - Namibia (Kilian)"
20661279959,true,2013-06-27 06:27:00.000,16.67225,-18.95637,"Halali-Agab",-9999.0,"gps","Loxodonta africana","Etosha1","Etosha1","African elephant - Namibia (Kilian)"
20661279972,true,2013-06-27 06:57:00.000,16.6724,-18.95657,"Halali-Agab",-9999.0,"gps","Loxodonta africana","Etosha1","Etosha1","African elephant - Namibia (Kilian)"
20661279989,true,2013-06-27 07:27:00.000,16.67268,-18.95667,"Halali-Agab",-9999.0,"gps","Loxodonta africana","Etosha1","Etosha1","African elephant - Namibia (Kilian)"
20661280003,true,2013-06-27 07:57:00.000,16.67205,-18.95472,"Halali-Agab",-9999.0,"gps","Loxodonta africana","Etosha1","Etosha1","African elephant - Namibia (Kilian)"
20661280020,true,2013-06-27 08:27:00.000,16.6707,-18.95277,"Halali-Agab",-9999.0,"gps","Loxodonta africana","Etosha1","Etosha1","African elephant - Namibia (Kilian)"
20661280033,true,2013-06-27 08:57:00.000,16.66865,-18.95125,"Halali-Agab",-9999.0,"gps","Loxodonta africana","Etosha1","Etosha1","African elephant - Namibia (Kilian)"
20661280050,true,2013-06-27 09:28:00.000,16.6659,-18.95077,"Halali-Agab",-9999.0,"gps","Loxodonta africana","Etosha1","Etosha1","African elephant - Namibia (Kilian)"
20661280063,true,2013-06-27 09:58:00.000,16.66478,-18.951,"Halali-Agab",-9999.0,"gps","Loxodonta africana","Etosha1","Etosha1","African elephant - Namibia (Kilian)"
20661280080,true,2013-06-27 10:28:00.000,16.66395,-18.95128,"Halali-Agab",-9999.0,"gps","Loxodonta africana","Etosha1","Etosha1","African elephant - Namibia (Kilian)"
20661280093,true,2013-06-27 10:58:00.000,16.66387,-18.95138,"Halali-Agab",-9999.0,"gps","Loxodonta africana","Etosha1","Etosha1","African elephant - Namibia (Kilian)"
20661280111,true,2013-06-27 11:27:00.000,16.66343,-18.95148,"Halali-Agab",-9999.0,"gps","Loxodonta africana","Etosha1","Etosha1","African elephant - Namibia (Kilian)"
20661280125,true,2013-06-27 11:57:00.000,16.66317,-18.95113,"Halali-Agab",-9999.0,"gps","Loxodonta africana","Etosha1","Etosha1","African elephant - Namibia (Kilian)"
20661280142,true,2013-06-27 12:28:00.000,16.66303,-18.95093,"Halali-Agab",-9999.0,"gps","Loxodonta africana","Etosha1","Etosha1","African elephant - Namibia (Kilian)"
20661280156,true,2013-06-27 12:58:00.000,16.66298,-18.95093,"Halali-Agab",-9999.0,"gps","Loxodonta africana","Etosha1","Etosha1","African elephant - Namibia (Kilian)"
20661280173,true,2013-06-27 13:28:00.000,16.6631,-18.95085,"Halali-Agab",-9999.0,"gps","Loxodonta africana","Etosha1","Etosha1","African elephant - Namibia (Kilian)"
20661280186,true,2013-06-27 13:58:00.000,16.66343,-18.95052,"Halali-Agab",-9999.0,"gps","Loxodonta africana","Etosha1","Etosha1","African elephant - Namibia (Kilian)"
20661280203,true,2013-06-27 14:27:00.000,16.66537,-18.94875,"Halali-Agab",-9999.0,"gps","Loxodonta africana","Etosha1","Etosha1","African elephant - Namibia (Kilian)"
20661280215,true,2013-06-27 14:57:00.000,16.666,-18.94822,"Halali-Agab",-9999.0,"gps","Loxodonta africana","Etosha1","Etosha1","African elephant - Namibia (Kilian)"
20661280232,true,2013-06-27 15:27:00.000,16.66745,-18.94507,"Halali-Agab",-9999.0,"gps","Loxodonta africana","Etosha1","Etosha1","African elephant - Namibia (Kilian)"
20661280246,true,2013-06-27 15:58:00.000,16.6692,-18.94448,"Halali-Agab",-9999.0,"gps","Loxodonta africana","Etosha1","Etosha1","African elephant - Namibia (Kilian)"
20661280263,true,2013-06-27 16:27:00.000,16.67162,-18.94498,"Halali-Agab",-9999.0,"gps","Loxodonta africana","Etosha1","Etosha1","African elephant - Namibia (Kilian)"
20661280276,true,2013-06-27 16:57:00.000,16.67315,-18.94587,"Halali-Agab",-9999.0,"gps","Loxodonta africana","Etosha1","Etosha1","African elephant - Namibia (Kilian)"
20661280293,true,2013-06-27 17:27:00.000,16.67415,-18.94627,"Halali-Agab",-9999.0,"gps","Loxodonta africana","Etosha1","Etosha1","African elephant - Namibia (Kilian)"
20661280306,true,2013-06-27 17:57:00.000,16.67528,-18.94723,"Halali-Agab",-9999.0,"gps","Loxodonta africana","Etosha1","Etosha1","African elephant - Namibia (Kilian)"
20661280322,true,2013-06-27 18:27:00.000,16.67685,-18.94728,"Halali-Agab",-9999.0,"gps","Loxodonta africana","Etosha1","Etosha1","African elephant - Namibia (Kilian)"
20661280335,true,2013-06-27 18:58:00.000,16.67893,-18.94808,"Halali-Agab",-9999.0,"gps","Loxodonta africana","Etosha1","Etosha1","African elephant - Namibia (Kilian)"
20661280372,true,2013-06-27 20:11:00.000,16.68348,-18.94938,"Halali-Agab",-9999.0,"gps","Loxodonta africana","Etosha1","Etosha1","African elephant - Namibia (Kilian)"
20661280387,true,2013-06-27 20:40:00.000,16.68467,-18.94973,"Halali-Agab",-9999.0,"gps","Loxodonta africana","Etosha1","Etosha1","African elephant - Namibia (Kilian)"
20661280410,true,2013-06-27 21:24:00.000,16.6881,-18.95017,"Halali-Agab",-9999.0,"gps","Loxodonta africana","Etosha1","Etosha1","African elephant - Namibia (Kilian)"
20661280423,true,2013-06-27 21:52:00.000,16.68897,-18.95008,"Halali-Agab",-9999.0,"gps","Loxodonta africana","Etosha1","Etosha1","African elephant - Namibia (Kilian)"
20661280440,true,2013-06-27 22:23:00.000,16.68968,-18.94942,"Halali-Agab",-9999.0,"gps","Loxodonta africana","Etosha1","Etosha1","African elephant - Namibia (Kilian)"
20661280453,true,2013-06-27 22:53:00.000,16.69172,-18.94832,"Halali-Agab",-9999.0,"gps","Loxodonta africana","Etosha1","Etosha1","African elephant - Namibia (Kilian)"
20661280470,true,2013-06-27 23:22:00.000,16.69557,-18.9467,"Halali-Agab",-9999.0,"gps","Loxodonta africana","Etosha1","Etosha1","African elephant - Namibia (Kilian)"
20661280484,true,2013-06-27 23:53:00.000,16.69318,-18.94607,"Halali-Agab",-9999.0,"gps","Loxodonta africana","Etosha1","Etosha1","African elephant - Namibia (Kilian)"
20661280521,true,2013-06-28 01:06:00.000,16.67712,-18.95668,"Halali-Agab",-9999.0,"gps","Loxodonta africana","Etosha1","Etosha1","African elephant - Namibia (Kilian)"
20661280531,true,2013-06-28 01:34:00.000,16.67498,-18.95517,"Halali-Agab",-9999.0,"gps","Loxodonta africana","Etosha1","Etosha1","African elephant - Namibia (Kilian)"
20661280549,true,2013-06-28 02:04:00.000,16.67398,-18.95478,"Halali-Agab",-9999.0,"gps","Loxodonta africana","Etosha1","Etosha1","African elephant - Namibia (Kilian)"
20661280563,true,2013-06-28 02:36:00.000,16.67398,-18.95538,"Halali-Agab",-9999.0,"gps","Loxodonta africana","Etosha1","Etosha1","African elephant - Namibia (Kilian)"
20661280590,true,2013-06-28 03:34:00.000,16.67388,-18.95538,"Halali-Agab",-9999.0,"gps","Loxodonta africana","Etosha1","Etosha1","African elephant - Namibia (Kilian)"
20661280656,true,2013-06-28 05:47:00.000,16.6714,-18.95563,"Halali-Agab",-9999.0,"gps","Loxodonta africana","Etosha1","Etosha1","African elephant - Namibia (Kilian)"
20661280665,true,2013-06-28 06:16:00.000,16.669,-18.9556,"Halali-Agab",-9999.0,"gps","Loxodonta africana","Etosha1","Etosha1","African elephant - Namibia (Kilian)"
20661280682,true,2013-06-28 06:46:00.000,16.66557,-18.95348,"Halali-Agab",-9999.0,"gps","Loxodonta africana","Etosha1","Etosha1","African elephant - Namibia (Kilian)"
20661280694,true,2013-06-28 07:16:00.000,16.66158,-18.95278,"Halali-Agab",-9999.0,"gps","Loxodonta africana","Etosha1","Etosha1","African elephant - Namibia (Kilian)"
20661280714,true,2013-06-28 07:47:00.000,16.66087,-18.95427,"Halali-Agab",-9999.0,"gps","Loxodonta africana","Etosha1","Etosha1","African elephant - Namibia (Kilian)"
20661280727,true,2013-06-28 08:18:00.000,16.65952,-18.95747,"Halali-Agab",-9999.0,"gps","Loxodonta africana","Etosha1","Etosha1","African elephant - Namibia (Kilian)"
20661280744,true,2013-06-28 08:46:00.000,16.65892,-18.95902,"Halali-Agab",-9999.0,"gps","Loxodonta africana","Etosha1","Etosha1","African elephant - Namibia (Kilian)"
20661280756,true,2013-06-28 09:16:00.000,16.65908,-18.95945,"Halali-Agab",-9999.0,"gps","Loxodonta africana","Etosha1","Etosha1","African elephant - Namibia (Kilian)"
20661280774,true,2013-06-28 09:46:00.000,16.65833,-18.96227,"Halali-Agab",-9999.0,"gps","Loxodonta africana","Etosha1","Etosha1","African elephant - Namibia (Kilian)"
20661280786,true,2013-06-28 10:16:00.000,16.6572,-18.96653,"Halali-Agab",-9999.0,"gps","Loxodonta africana","Etosha1","Etosha1","African elephant - Namibia (Kilian)"
20661280804,true,2013-06-28 10:46:00.000,16.65652,-18.9684,"Halali-Agab",-9999.0,"gps","Loxodonta africana","Etosha1","Etosha1","African elephant - Namibia (Kilian)"
20661280816,true,2013-06-28 11:17:00.000,16.6567,-18.96825,"Halali-Agab",-9999.0,"gps","Loxodonta africana","Etosha1","Etosha1","African elephant - Namibia (Kilian)"
20661280834,true,2013-06-28 11:46:00.000,16.65662,-18.96832,"Halali-Agab",-9999.0,"gps","Loxodonta africana","Etosha1","Etosha1","African elephant - Namibia (Kilian)"
20661280847,true,2013-06-28 12:17:00.000,16.65645,-18.97445,"Halali-Agab",-9999.0,"gps","Loxodonta africana","Etosha1","Etosha1","African elephant - Namibia (Kilian)"
20661280865,true,2013-06-28 12:46:00.000,16.65233,-18.97083,"Halali-Agab",-9999.0,"gps","Loxodonta africana","Etosha1","Etosha1","African elephant - Namibia (Kilian)"
20661280877,true,2013-06-28 13:16:00.000,16.65092,-18.96752,"Halali-Agab",-9999.0,"gps","Loxodonta africana","Etosha1","Etosha1","African elephant - Namibia (Kilian)"
20661280895,true,2013-06-28 13:46:00.000,16.65025,-18.96553,"Halali-Agab",-9999.0,"gps","Loxodonta africana","Etosha1","Etosha1","African elephant - Namibia (Kilian)"
20661280907,true,2013-06-28 14:16:00.000,16.65002,-18.96293,"Halali-Agab",-9999.0,"gps","Loxodonta africana","Etosha1","Etosha1","African elephant - Namibia (Kilian)"
20661280926,true,2013-06-28 14:48:00.000,16.65017,-18.95603,"Halali-Agab",-9999.0,"gps","Loxodonta africana","Etosha1","Etosha1","African elephant - Namibia (Kilian)"
20661280937,true,2013-06-28 15:16:00.000,16.6509,-18.95068,"Halali-Agab",-9999.0,"gps","Loxodonta africana","Etosha1","Etosha1","African elephant - Namibia (Kilian)"
20661280955,true,2013-06-28 15:46:00.000,16.6502,-18.94448,"Halali-Agab",-9999.0,"gps","Loxodonta africana","Etosha1","Etosha1","African elephant - Namibia (Kilian)"
20661280967,true,2013-06-28 16:16:00.000,16.65195,-18.9399,"Halali-Agab",-9999.0,"gps","Loxodonta africana","Etosha1","Etosha1","African elephant - Namibia (Kilian)"
20661280986,true,2013-06-28 16:46:00.000,16.65393,-18.93885,"Halali-Agab",-9999.0,"gps","Loxodonta africana","Etosha1","Etosha1","African elephant - Namibia (Kilian)"
20661280999,true,2013-06-28 17:17:00.000,16.65468,-18.9391,"Halali-Agab",-9999.0,"gps","Loxodonta africana","Etosha1","Etosha1","African elephant - Namibia (Kilian)"
20661281016,true,2013-06-28 17:46:00.000,16.65592,-18.94008,"Halali-Agab",-9999.0,"gps","Loxodonta africana","Etosha1","Etosha1","African elephant - Namibia (Kilian)"
20661281028,true,2013-06-28 18:16:00.000,16.6558,-18.94067,"Halali-Agab",-9999.0,"gps","Loxodonta africana","Etosha1","Etosha1","African elephant - Namibia (Kilian)"
20661281046,true,2013-06-28 18:46:00.000,16.65655,-18.9414,"Halali-Agab",-9999.0,"gps","Loxodonta africana","Etosha1","Etosha1","African elephant - Namibia (Kilian)"
20661281058,true,2013-06-28 19:16:00.000,16.65668,-18.94167,"Halali-Agab",-9999.0,"gps","Loxodonta africana","Etosha1","Etosha1","African elephant - Namibia (Kilian)"
20661281077,true,2013-06-28 19:47:00.000,16.6577,-18.94193,"Halali-Agab",-9999.0,"gps","Loxodonta africana","Etosha1","Etosha1","African elephant - Namibia (Kilian)"
20661281105,true,2013-06-28 20:57:00.000,16.6593,-18.94357,"Halali-Agab",-9999.0,"gps","Loxodonta africana","Etosha1","Etosha1","African elephant - Namibia (Kilian)"
20661281121,true,2013-06-28 21:26:00.000,16.65957,-18.94382,"Halali-Agab",-9999.0,"gps","Loxodonta africana","Etosha1","Etosha1","African elephant - Namibia (Kilian)"
20661281133,true,2013-06-28 21:57:00.000,16.65965,-18.94422,"Halali-Agab",-9999.0,"gps","Loxodonta africana","Etosha1","Etosha1","African elephant - Namibia (Kilian)"
20661281150,true,2013-06-28 22:26:00.000,16.66005,-18.94407,"Halali-Agab",-9999.0,"gps","Loxodonta africana","Etosha1","Etosha1","African elephant - Namibia (Kilian)"
20661281163,true,2013-06-28 22:57:00.000,16.66,-18.9443,"Halali-Agab",-9999.0,"gps","Loxodonta africana","Etosha1","Etosha1","African elephant - Namibia (Kilian)"
20661281180,true,2013-06-28 23:27:00.000,16.66072,-18.9448,"Halali-Agab",-9999.0,"gps","Loxodonta africana","Etosha1","Etosha1","African elephant - Namibia (Kilian)"
20661281194,true,2013-06-28 23:56:00.000,16.6608,-18.94507,"Halali-Agab",-9999.0,"gps","Loxodonta africana","Etosha1","Etosha1","African elephant - Namibia (Kilian)"
20661281224,true,2013-06-29 00:56:00.000,16.66102,-18.94648,"Halali-Agab",-9999.0,"gps","Loxodonta africana","Etosha1","Etosha1","African elephant - Namibia (Kilian)"
20661281241,true,2013-06-29 01:26:00.000,16.66068,-18.9466,"Halali-Agab",-9999.0,"gps","Loxodonta africana","Etosha1","Etosha1","African elephant - Namibia (Kilian)"
20661281254,true,2013-06-29 01:56:00.000,16.66102,-18.94642,"Halali-Agab",-9999.0,"gps","Loxodonta africana","Etosha1","Etosha1","African elephant - Namibia (Kilian)"
20661281271,true,2013-06-29 02:26:00.000,16.66085,-18.9465,"Halali-Agab",-9999.0,"gps","Loxodonta africana","Etosha1","Etosha1","African elephant - Namibia (Kilian)"
20661281283,true,2013-06-29 02:56:00.000,16.66077,-18.94665,"Halali-Agab",-9999.0,"gps","Loxodonta africana","Etosha1","Etosha1","African elephant - Namibia (Kilian)"
20661281299,true,2013-06-29 03:28:00.000,16.66087,-18.94667,"Halali-Agab",-9999.0,"gps","Loxodonta africana","Etosha1","Etosha1","African elephant - Namibia (Kilian)"
20661281326,true,2013-06-29 04:26:00.000,16.66052,-18.9465,"Halali-Agab",-9999.0,"gps","Loxodonta africana","Etosha1","Etosha1","African elephant - Namibia (Kilian)"
20661281341,true,2013-06-29 04:56:00.000,16.65995,-18.94798,"Halali-Agab",-9999.0,"gps","Loxodonta africana","Etosha1","Etosha1","African elephant - Namibia (Kilian)"
20661281358,true,2013-06-29 05:26:00.000,16.65988,-18.94823,"Halali-Agab",-9999.0,"gps","Loxodonta africana","Etosha1","Etosha1","African elephant - Namibia (Kilian)"
20661281370,true,2013-06-29 05:56:00.000,16.66062,-18.94855,"Halali-Agab",-9999.0,"gps","Loxodonta africana","Etosha1","Etosha1","African elephant - Namibia (Kilian)"
20661281387,true,2013-06-29 06:26:00.000,16.65995,-18.94875,"Halali-Agab",-9999.0,"gps","Loxodonta africana","Etosha1","Etosha1","African elephant - Namibia (Kilian)"
20661281400,true,2013-06-29 06:56:00.000,16.66073,-18.94912,"Halali-Agab",-9999.0,"gps","Loxodonta africana","Etosha1","Etosha1","African elephant - Namibia (Kilian)"
20661281417,true,2013-06-29 07:27:00.000,16.6592,-18.95095,"Halali-Agab",-9999.0,"gps","Loxodonta africana","Etosha1","Etosha1","African elephant - Namibia (Kilian)"
20661281430,true,2013-06-29 07:56:00.000,16.65802,-18.95042,"Halali-Agab",-9999.0,"gps","Loxodonta africana","Etosha1","Etosha1","African elephant - Namibia (Kilian)"
20661281448,true,2013-06-29 08:26:00.000,16.65788,-18.9503,"Halali-Agab",-9999.0,"gps","Loxodonta africana","Etosha1","Etosha1","African elephant - Namibia (Kilian)"
20661281462,true,2013-06-29 08:56:00.000,16.6565,-18.94983,"Halali-Agab",-9999.0,"gps","Loxodonta africana","Etosha1","Etosha1","African elephant - Namibia (Kilian)"
20661281477,true,2013-06-29 09:25:00.000,16.65553,-18.95042,"Halali-Agab",-9999.0,"gps","Loxodonta africana","Etosha1","Etosha1","African elephant - Namibia (Kilian)"
20661281498,true,2013-06-29 10:12:00.000,16.6547,-18.95173,"Halali-Agab",-9999.0,"gps","Loxodonta africana","Etosha1","Etosha1","African elephant - Namibia (Kilian)"
20661281515,true,2013-06-29 10:41:00.000,16.65478,-18.95158,"Halali-Agab",-9999.0,"gps","Loxodonta africana","Etosha1","Etosha1","African elephant - Namibia (Kilian)"
20661281525,true,2013-06-29 11:09:00.000,16.65462,-18.95175,"Halali-Agab",-9999.0,"gps","Loxodonta africana","Etosha1","Etosha1","African elephant - Namibia (Kilian)"
20661281535,true,2013-06-29 11:40:00.000,16.6548,-18.95203,"Halali-Agab",-9999.0,"gps","Loxodonta africana","Etosha1","Etosha1","African elephant - Namibia (Kilian)"
20661281544,true,2013-06-29 12:09:00.000,16.65475,-18.95197,"Halali-Agab",-9999.0,"gps","Loxodonta africana","Etosha1","Etosha1","African elephant - Namibia (Kilian)"
20661281553,true,2013-06-29 12:40:00.000,16.65587,-18.9606,"Halali-Agab",-9999.0,"gps","Loxodonta africana","Etosha1","Etosha1","African elephant - Namibia (Kilian)"
20661281564,true,2013-06-29 13:09:00.000,16.65623,-18.97302,"Halali-Agab",-9999.0,"gps","Loxodonta africana","Etosha1","Etosha1","African elephant - Namibia (Kilian)"
20661281574,true,2013-06-29 13:40:00.000,16.65692,-18.97013,"Halali-Agab",-9999.0,"gps","Loxodonta africana","Etosha1","Etosha1","African elephant - Namibia (Kilian)"
20661281584,true,2013-06-29 14:10:00.000,16.65432,-18.96272,"Halali-Agab",-9999.0,"gps","Loxodonta africana","Etosha1","Etosha1","African elephant - Namibia (Kilian)"
20661281595,true,2013-06-29 14:40:00.000,16.65517,-18.95783,"Halali-Agab",-9999.0,"gps","Loxodonta africana","Etosha1","Etosha1","African elephant - Namibia (Kilian)"
20661281605,true,2013-06-29 15:12:00.000,16.65403,-18.94945,"Halali-Agab",-9999.0,"gps","Loxodonta africana","Etosha1","Etosha1","African elephant - Namibia (Kilian)"
20661281616,true,2013-06-29 15:39:00.000,16.65517,-18.94793,"Halali-Agab",-9999.0,"gps","Loxodonta africana","Etosha1","Etosha1","African elephant - Namibia (Kilian)"
20661281627,true,2013-06-29 16:09:00.000,16.65687,-18.94578,"Halali-Agab",-9999.0,"gps","Loxodonta africana","Etosha1","Etosha1","African elephant - Namibia (Kilian)"
20661281637,true,2013-06-29 16:39:00.000,16.6581,-18.94367,"Halali-Agab",-9999.0,"gps","Loxodonta africana","Etosha1","Etosha1","African elephant - Namibia (Kilian)"
20661281649,true,2013-06-29 17:10:00.000,16.66135,-18.94162,"Halali-Agab",-9999.0,"gps","Loxodonta africana","Etosha1","Etosha1","African elephant - Namibia (Kilian)"
20661281659,true,2013-06-29 17:39:00.000,16.66495,-18.94278,"Halali-Agab",-9999.0,"gps","Loxodonta africana","Etosha1","Etosha1","African elephant - Namibia (Kilian)"
20661281670,true,2013-06-29 18:10:00.000,16.66623,-18.94358,"Halali-Agab",-9999.0,"gps","Loxodonta africana","Etosha1","Etosha1","African elephant - Namibia (Kilian)"
20661281680,true,2013-06-29 18:39:00.000,16.66692,-18.94452,"Halali-Agab",-9999.0,"gps","Loxodonta africana","Etosha1","Etosha1","African elephant - Namibia (Kilian)"
20661281691,true,2013-06-29 19:10:00.000,16.66668,-18.94478,"Halali-Agab",-9999.0,"gps","Loxodonta africana","Etosha1","Etosha1","African elephant - Namibia (Kilian)"
20661281704,true,2013-06-29 19:40:00.000,16.66833,-18.94362,"Halali-Agab",-9999.0,"gps","Loxodonta africana","Etosha1","Etosha1","African elephant - Namibia (Kilian)"
20661281715,true,2013-06-29 20:09:00.000,16.66948,-18.9432,"Halali-Agab",-9999.0,"gps","Loxodonta africana","Etosha1","Etosha1","African elephant - Namibia (Kilian)"
20661281725,true,2013-06-29 20:39:00.000,16.66902,-18.94273,"Halali-Agab",-9999.0,"gps","Loxodonta africana","Etosha1","Etosha1","African elephant - Namibia (Kilian)"
20661281740,true,2013-06-29 21:10:00.000,16.66797,-18.94233,"Halali-Agab",-9999.0,"gps","Loxodonta africana","Etosha1","Etosha1","African elephant - Namibia (Kilian)"
20661281752,true,2013-06-29 21:39:00.000,16.66748,-18.94198,"Halali-Agab",-9999.0,"gps","Loxodonta africana","Etosha1","Etosha1","African elephant - Namibia (Kilian)"
20661281769,true,2013-06-29 22:09:00.000,16.66545,-18.94187,"Halali-Agab",-9999.0,"gps","Loxodonta africana","Etosha1","Etosha1","African elephant - Namibia (Kilian)"
20661281782,true,2013-06-29 22:39:00.000,16.66472,-18.94187,"Halali-Agab",-9999.0,"gps","Loxodonta africana","Etosha1","Etosha1","African elephant - Namibia (Kilian)"
20661281800,true,2013-06-29 23:09:00.000,16.66445,-18.94202,"Halali-Agab",-9999.0,"gps","Loxodonta africana","Etosha1","Etosha1","African elephant - Namibia (Kilian)"
20661281818,true,2013-06-29 23:40:00.000,16.66438,-18.94167,"Halali-Agab",-9999.0,"gps","Loxodonta africana","Etosha1","Etosha1","African elephant - Namibia (Kilian)"
20661281832,true,2013-06-30 00:10:00.000,16.66417,-18.94185,"Halali-Agab",-9999.0,"gps","Loxodonta africana","Etosha1","Etosha1","African elephant - Namibia (Kilian)"
20661281844,true,2013-06-30 00:39:00.000,16.66323,-18.94213,"Halali-Agab",-9999.0,"gps","Loxodonta africana","Etosha1","Etosha1","African elephant - Namibia (Kilian)"
20661281862,true,2013-06-30 01:09:00.000,16.66183,-18.94362,"Halali-Agab",-9999.0,"gps","Loxodonta africana","Etosha1","Etosha1","African elephant - Namibia (Kilian)"
20661281878,true,2013-06-30 01:40:00.000,16.6616,-18.94383,"Halali-Agab",-9999.0,"gps","Loxodonta africana","Etosha1","Etosha1","African elephant - Namibia (Kilian)"
20661281891,true,2013-06-30 02:10:00.000,16.6607,-18.94505,"Halali-Agab",-9999.0,"gps","Loxodonta africana","Etosha1","Etosha1","African elephant - Namibia (Kilian)"
20661281903,true,2013-06-30 02:39:00.000,16.66017,-18.94547,"Halali-Agab",-9999.0,"gps","Loxodonta africana","Etosha1","Etosha1","African elephant - Namibia (Kilian)"
20661281919,true,2013-06-30 03:12:00.000,16.6603,-18.94612,"Halali-Agab",-9999.0,"gps","Loxodonta africana","Etosha1","Etosha1","African elephant - Namibia (Kilian)"
20661281930,true,2013-06-30 03:39:00.000,16.66083,-18.94702,"Halali-Agab",-9999.0,"gps","Loxodonta africana","Etosha1","Etosha1","African elephant - Namibia (Kilian)"
20661281946,true,2013-06-30 04:10:00.000,16.6608,-18.9471,"Halali-Agab",-9999.0,"gps","Loxodonta africana","Etosha1","Etosha1","African elephant - Namibia (Kilian)"
20661281958,true,2013-06-30 04:39:00.000,16.66078,-18.94708,"Halali-Agab",-9999.0,"gps","Loxodonta africana","Etosha1","Etosha1","African elephant - Namibia (Kilian)"
20661281976,true,2013-06-30 05:10:00.000,16.66078,-18.94705,"Halali-Agab",-9999.0,"gps","Loxodonta africana","Etosha1","Etosha1","African elephant - Namibia (Kilian)"
20661281989,true,2013-06-30 05:39:00.000,16.66018,-18.9475,"Halali-Agab",-9999.0,"gps","Loxodonta africana","Etosha1","Etosha1","African elephant - Namibia (Kilian)"
20661282006,true,2013-06-30 06:09:00.000,16.65963,-18.94777,"Halali-Agab",-9999.0,"gps","Loxodonta africana","Etosha1","Etosha1","African elephant - Namibia (Kilian)"
20661282023,true,2013-06-30 06:40:00.000,16.65927,-18.94783,"Halali-Agab",-9999.0,"gps","Loxodonta africana","Etosha1","Etosha1","African elephant - Namibia (Kilian)"
20661282036,true,2013-06-30 07:09:00.000,16.65887,-18.94777,"Halali-Agab",-9999.0,"gps","Loxodonta africana","Etosha1","Etosha1","African elephant - Namibia (Kilian)"
20661282048,true,2013-06-30 07:39:00.000,16.65863,-18.9474,"Halali-Agab",-9999.0,"gps","Loxodonta africana","Etosha1","Etosha1","African elephant - Namibia (Kilian)"
20661282064,true,2013-06-30 08:10:00.000,16.65848,-18.9472,"Halali-Agab",-9999.0,"gps","Loxodonta africana","Etosha1","Etosha1","African elephant - Namibia (Kilian)"
20661282081,true,2013-06-30 08:40:00.000,16.65858,-18.94723,"Halali-Agab",-9999.0,"gps","Loxodonta africana","Etosha1","Etosha1","African elephant - Namibia (Kilian)"
20661282095,true,2013-06-30 09:09:00.000,16.65857,-18.94733,"Halali-Agab",-9999.0,"gps","Loxodonta africana","Etosha1","Etosha1","African elephant - Namibia (Kilian)"
20661282107,true,2013-06-30 09:39:00.000,16.65797,-18.94712,"Halali-Agab",-9999.0,"gps","Loxodonta africana","Etosha1","Etosha1","African elephant - Namibia (Kilian)"
20661282124,true,2013-06-30 10:10:00.000,16.65745,-18.94738,"Halali-Agab",-9999.0,"gps","Loxodonta africana","Etosha1","Etosha1","African elephant - Namibia (Kilian)"
20661282140,true,2013-06-30 10:40:00.000,16.65735,-18.94752,"Halali-Agab",-9999.0,"gps","Loxodonta africana","Etosha1","Etosha1","African elephant - Namibia (Kilian)"
20661282154,true,2013-06-30 11:10:00.000,16.65728,-18.94747,"Halali-Agab",-9999.0,"gps","Loxodonta africana","Etosha1","Etosha1","African elephant - Namibia (Kilian)"
20661282171,true,2013-06-30 11:40:00.000,16.65742,-18.94742,"Halali-Agab",-9999.0,"gps","Loxodonta africana","Etosha1","Etosha1","African elephant - Namibia (Kilian)"
20661282184,true,2013-06-30 12:10:00.000,16.65733,-18.94747,"Halali-Agab",-9999.0,"gps","Loxodonta africana","Etosha1","Etosha1","African elephant - Namibia (Kilian)"
20661282197,true,2013-06-30 12:39:00.000,16.65728,-18.94778,"Halali-Agab",-9999.0,"gps","Loxodonta africana","Etosha1","Etosha1","African elephant - Namibia (Kilian)"
20661282215,true,2013-06-30 13:09:00.000,16.65703,-18.94853,"Halali-Agab",-9999.0,"gps","Loxodonta africana","Etosha1","Etosha1","African elephant - Namibia (Kilian)"
20661282227,true,2013-06-30 13:39:00.000,16.65698,-18.94935,"Halali-Agab",-9999.0,"gps","Loxodonta africana","Etosha1","Etosha1","African elephant - Namibia (Kilian)"
20661282244,true,2013-06-30 14:10:00.000,16.65628,-18.95187,"Halali-Agab",-9999.0,"gps","Loxodonta africana","Etosha1","Etosha1","African elephant - Namibia (Kilian)"
20661282260,true,2013-06-30 14:40:00.000,16.65632,-18.9519,"Halali-Agab",-9999.0,"gps","Loxodonta africana","Etosha1","Etosha1","African elephant - Namibia (Kilian)"
20661282274,true,2013-06-30 15:09:00.000,16.65698,-18.95558,"Halali-Agab",-9999.0,"gps","Loxodonta africana","Etosha1","Etosha1","African elephant - Namibia (Kilian)"
20661282291,true,2013-06-30 15:40:00.000,16.65667,-18.9621,"Halali-Agab",-9999.0,"gps","Loxodonta africana","Etosha1","Etosha1","African elephant - Namibia (Kilian)"
20661282305,true,2013-06-30 16:09:00.000,16.65602,-18.97432,"Halali-Agab",-9999.0,"gps","Loxodonta africana","Etosha1","Etosha1","African elephant - Namibia (Kilian)"
20661282317,true,2013-06-30 16:39:00.000,16.65427,-18.97132,"Halali-Agab",-9999.0,"gps","Loxodonta africana","Etosha1","Etosha1","African elephant - Namibia (Kilian)"
20661282334,true,2013-06-30 17:10:00.000,16.65288,-18.96068,"Halali-Agab",-9999.0,"gps","Loxodonta africana","Etosha1","Etosha1","African elephant - Namibia (Kilian)"
20661282346,true,2013-06-30 17:39:00.000,16.65343,-18.95617,"Halali-Agab",-9999.0,"gps","Loxodonta africana","Etosha1","Etosha1","African elephant - Namibia (Kilian)"
20661282363,true,2013-06-30 18:09:00.000,16.6535,-18.94935,"Halali-Agab",-9999.0,"gps","Loxodonta africana","Etosha1","Etosha1","African elephant - Namibia (Kilian)"
20661282380,true,2013-06-30 18:40:00.000,16.65337,-18.94418,"Halali-Agab",-9999.0,"gps","Loxodonta africana","Etosha1","Etosha1","African elephant - Namibia (Kilian)"
20661282394,true,2013-06-30 19:10:00.000,16.65525,-18.94275,"Halali-Agab",-9999.0,"gps","Loxodonta africana","Etosha1","Etosha1","African elephant - Namibia (Kilian)"
20661282408,true,2013-06-30 19:39:00.000,16.65623,-18.94205,"Halali-Agab",-9999.0,"gps","Loxodonta africana","Etosha1","Etosha1","African elephant - Namibia (Kilian)"
20661282425,true,2013-06-30 20:10:00.000,16.6564,-18.94142,"Halali-Agab",-9999.0,"gps","Loxodonta africana","Etosha1","Etosha1","African elephant - Namibia (Kilian)"
20661282438,true,2013-06-30 20:39:00.000,16.65565,-18.94112,"Halali-Agab",-9999.0,"gps","Loxodonta africana","Etosha1","Etosha1","African elephant - Namibia (Kilian)"
20661282455,true,2013-06-30 21:10:00.000,16.65473,-18.94052,"Halali-Agab",-9999.0,"gps","Loxodonta africana","Etosha1","Etosha1","African elephant - Namibia (Kilian)"
20661282467,true,2013-06-30 21:39:00.000,16.65402,-18.93967,"Halali-Agab",-9999.0,"gps","Loxodonta africana","Etosha1","Etosha1","African elephant - Namibia (Kilian)"
20661282484,true,2013-06-30 22:09:00.000,16.65415,-18.93925,"Halali-Agab",-9999.0,"gps","Loxodonta africana","Etosha1","Etosha1","African elephant - Namibia (Kilian)"
20661282497,true,2013-06-30 22:39:00.000,16.65493,-18.93793,"Halali-Agab",-9999.0,"gps","Loxodonta africana","Etosha1","Etosha1","African elephant - Namibia (Kilian)"
20661282514,true,2013-06-30 23:10:00.000,16.65607,-18.93757,"Halali-Agab",-9999.0,"gps","Loxodonta africana","Etosha1","Etosha1","African elephant - Namibia (Kilian)"
20661282528,true,2013-06-30 23:39:00.000,16.65665,-18.93703,"Halali-Agab",-9999.0,"gps","Loxodonta africana","Etosha1","Etosha1","African elephant - Namibia (Kilian)"
20661282545,true,2013-07-01 00:10:00.000,16.6575,-18.93728,"Halali-Agab",-9999.0,"gps","Loxodonta africana","Etosha1","Etosha1","African elephant - Namibia (Kilian)"
20661282558,true,2013-07-01 00:39:00.000,16.65768,-18.93737,"Halali-Agab",-9999.0,"gps","Loxodonta africana","Etosha1","Etosha1","African elephant - Namibia (Kilian)"
20661282576,true,2013-07-01 01:09:00.000,16.65808,-18.93802,"Halali-Agab",-9999.0,"gps","Loxodonta africana","Etosha1","Etosha1","African elephant - Namibia (Kilian)"
20661282591,true,2013-07-01 01:40:00.000,16.65783,-18.93835,"Halali-Agab",-9999.0,"gps","Loxodonta africana","Etosha1","Etosha1","African elephant - Namibia (Kilian)"
20661282620,true,2013-07-01 02:40:00.000,16.65752,-18.93762,"Halali-Agab",-9999.0,"gps","Loxodonta africana","Etosha1","Etosha1","African elephant - Namibia (Kilian)"
20661282634,true,2013-07-01 03:09:00.000,16.6575,-18.93742,"Halali-Agab",-9999.0,"gps","Loxodonta africana","Etosha1","Etosha1","African elephant - Namibia (Kilian)"
20661282648,true,2013-07-01 03:39:00.000,16.65748,-18.93745,"Halali-Agab",-9999.0,"gps","Loxodonta africana","Etosha1","Etosha1","African elephant - Namibia (Kilian)"
20661282665,true,2013-07-01 04:10:00.000,16.65717,-18.93762,"Halali-Agab",-9999.0,"gps","Loxodonta africana","Etosha1","Etosha1","African elephant - Namibia (Kilian)"
20661282681,true,2013-07-01 04:40:00.000,16.65707,-18.93767,"Halali-Agab",-9999.0,"gps","Loxodonta africana","Etosha1","Etosha1","African elephant - Namibia (Kilian)"
20661282696,true,2013-07-01 05:09:00.000,16.65715,-18.93763,"Halali-Agab",-9999.0,"gps","Loxodonta africana","Etosha1","Etosha1","African elephant - Namibia (Kilian)"
20661282709,true,2013-07-01 05:39:00.000,16.65725,-18.93763,"Halali-Agab",-9999.0,"gps","Loxodonta africana","Etosha1","Etosha1","African elephant - Namibia (Kilian)"
20661282726,true,2013-07-01 06:10:00.000,16.65723,-18.93767,"Halali-Agab",-9999.0,"gps","Loxodonta africana","Etosha1","Etosha1","African elephant - Namibia (Kilian)"
20661282739,true,2013-07-01 06:39:00.000,16.65708,-18.94148,"Halali-Agab",-9999.0,"gps","Loxodonta africana","Etosha1","Etosha1","African elephant - Namibia (Kilian)"
20661282756,true,2013-07-01 07:10:00.000,16.65695,-18.9456,"Halali-Agab",-9999.0,"gps","Loxodonta africana","Etosha1","Etosha1","African elephant - Namibia (Kilian)"
20661282785,true,2013-07-01 08:10:00.000,16.65732,-18.94698,"Halali-Agab",-9999.0,"gps","Loxodonta africana","Etosha1","Etosha1","African elephant - Namibia (Kilian)"
20661282798,true,2013-07-01 08:39:00.000,16.65778,-18.94708,"Halali-Agab",-9999.0,"gps","Loxodonta africana","Etosha1","Etosha1","African elephant - Namibia (Kilian)"
20661282816,true,2013-07-01 09:09:00.000,16.65817,-18.94762,"Halali-Agab",-9999.0,"gps","Loxodonta africana","Etosha1","Etosha1","African elephant - Namibia (Kilian)"
20661282829,true,2013-07-01 09:39:00.000,16.65833,-18.94827,"Halali-Agab",-9999.0,"gps","Loxodonta africana","Etosha1","Etosha1","African elephant - Namibia (Kilian)"
20661282846,true,2013-07-01 10:10:00.000,16.65947,-18.94848,"Halali-Agab",-9999.0,"gps","Loxodonta africana","Etosha1","Etosha1","African elephant - Namibia (Kilian)"
20661282859,true,2013-07-01 10:39:00.000,16.66003,-18.94943,"Halali-Agab",-9999.0,"gps","Loxodonta africana","Etosha1","Etosha1","African elephant - Namibia (Kilian)"
20661282876,true,2013-07-01 11:10:00.000,16.65973,-18.95223,"Halali-Agab",-9999.0,"gps","Loxodonta africana","Etosha1","Etosha1","African elephant - Namibia (Kilian)"
20661282893,true,2013-07-01 11:41:00.000,16.65977,-18.9521,"Halali-Agab",-9999.0,"gps","Loxodonta africana","Etosha1","Etosha1","African elephant - Namibia (Kilian)"
20661282904,true,2013-07-01 12:10:00.000,16.65978,-18.95215,"Halali-Agab",-9999.0,"gps","Loxodonta africana","Etosha1","Etosha1","African elephant - Namibia (Kilian)"
20661282917,true,2013-07-01 12:39:00.000,16.6603,-18.95415,"Halali-Agab",-9999.0,"gps","Loxodonta africana","Etosha1","Etosha1","African elephant - Namibia (Kilian)"
20661282934,true,2013-07-01 13:10:00.000,16.66047,-18.9545,"Halali-Agab",-9999.0,"gps","Loxodonta africana","Etosha1","Etosha1","African elephant - Namibia (Kilian)"
20661282950,true,2013-07-01 13:40:00.000,16.6613,-18.95547,"Halali-Agab",-9999.0,"gps","Loxodonta africana","Etosha1","Etosha1","African elephant - Namibia (Kilian)"
20661282964,true,2013-07-01 14:09:00.000,16.66195,-18.95662,"Halali-Agab",-9999.0,"gps","Loxodonta africana","Etosha1","Etosha1","African elephant - Namibia (Kilian)"
20661282980,true,2013-07-01 14:40:00.000,16.6631,-18.95852,"Halali-Agab",-9999.0,"gps","Loxodonta africana","Etosha1","Etosha1","African elephant - Namibia (Kilian)"
20661282994,true,2013-07-01 15:10:00.000,16.66335,-18.95988,"Halali-Agab",-9999.0,"gps","Loxodonta africana","Etosha1","Etosha1","African elephant - Namibia (Kilian)"
20661283008,true,2013-07-01 15:39:00.000,16.66415,-18.96138,"Halali-Agab",-9999.0,"gps","Loxodonta africana","Etosha1","Etosha1","African elephant - Namibia (Kilian)"
20661283025,true,2013-07-01 16:09:00.000,16.66352,-18.96422,"Halali-Agab",-9999.0,"gps","Loxodonta africana","Etosha1","Etosha1","African elephant - Namibia (Kilian)"
20661283038,true,2013-07-01 16:39:00.000,16.65898,-18.97285,"Halali-Agab",-9999.0,"gps","Loxodonta africana","Etosha1","Etosha1","African elephant - Namibia (Kilian)"
20661283056,true,2013-07-01 17:09:00.000,16.65445,-18.97302,"Halali-Agab",-9999.0,"gps","Loxodonta africana","Etosha1","Etosha1","African elephant - Namibia (Kilian)"
20661283072,true,2013-07-01 17:40:00.000,16.6492,-18.96723,"Halali-Agab",-9999.0,"gps","Loxodonta africana","Etosha1","Etosha1","African elephant - Namibia (Kilian)"
20661283086,true,2013-07-01 18:10:00.000,16.64538,-18.96058,"Halali-Agab",-9999.0,"gps","Loxodonta africana","Etosha1","Etosha1","African elephant - Namibia (Kilian)"
20661283102,true,2013-07-01 18:40:00.000,16.64292,-18.95812,"Halali-Agab",-9999.0,"gps","Loxodonta africana","Etosha1","Etosha1","African elephant - Namibia (Kilian)"
20661283116,true,2013-07-01 19:09:00.000,16.64128,-18.9549,"Halali-Agab",-9999.0,"gps","Loxodonta africana","Etosha1","Etosha1","African elephant - Namibia (Kilian)"
20661283130,true,2013-07-01 19:39:00.000,16.64072,-18.95445,"Halali-Agab",-9999.0,"gps","Loxodonta africana","Etosha1","Etosha1","African elephant - Namibia (Kilian)"
20661283147,true,2013-07-01 20:09:00.000,16.64008,-18.95405,"Halali-Agab",-9999.0,"gps","Loxodonta africana","Etosha1","Etosha1","African elephant - Namibia (Kilian)"
20661283162,true,2013-07-01 20:40:00.000,16.63892,-18.95322,"Halali-Agab",-9999.0,"gps","Loxodonta africana","Etosha1","Etosha1","African elephant - Namibia (Kilian)"
20661283177,true,2013-07-01 21:10:00.000,16.63907,-18.94885,"Halali-Agab",-9999.0,"gps","Loxodonta africana","Etosha1","Etosha1","African elephant - Namibia (Kilian)"
20661283189,true,2013-07-01 21:39:00.000,16.63877,-18.94682,"Halali-Agab",-9999.0,"gps","Loxodonta africana","Etosha1","Etosha1","African elephant - Namibia (Kilian)"
20661283205,true,2013-07-01 22:10:00.000,16.63887,-18.94573,"Halali-Agab",-9999.0,"gps","Loxodonta africana","Etosha1","Etosha1","African elephant - Namibia (Kilian)"
20661283218,true,2013-07-01 22:39:00.000,16.63875,-18.94463,"Halali-Agab",-9999.0,"gps","Loxodonta africana","Etosha1","Etosha1","African elephant - Namibia (Kilian)"
20661283235,true,2013-07-01 23:09:00.000,16.63873,-18.94365,"Halali-Agab",-9999.0,"gps","Loxodonta africana","Etosha1","Etosha1","African elephant - Namibia (Kilian)"
20661283249,true,2013-07-01 23:39:00.000,16.6388,-18.94248,"Halali-Agab",-9999.0,"gps","Loxodonta africana","Etosha1","Etosha1","African elephant - Namibia (Kilian)"
20661283266,true,2013-07-02 00:10:00.000,16.63852,-18.94212,"Halali-Agab",-9999.0,"gps","Loxodonta africana","Etosha1","Etosha1","African elephant - Namibia (Kilian)"
20661283279,true,2013-07-02 00:39:00.000,16.6384,-18.94232,"Halali-Agab",-9999.0,"gps","Loxodonta africana","Etosha1","Etosha1","African elephant - Namibia (Kilian)"
20661283297,true,2013-07-02 01:09:00.000,16.6389,-18.94257,"Halali-Agab",-9999.0,"gps","Loxodonta africana","Etosha1","Etosha1","African elephant - Namibia (Kilian)"
20661283313,true,2013-07-02 01:40:00.000,16.64257,-18.94437,"Halali-Agab",-9999.0,"gps","Loxodonta africana","Etosha1","Etosha1","African elephant - Namibia (Kilian)"
20661283328,true,2013-07-02 02:10:00.000,16.64593,-18.94588,"Halali-Agab",-9999.0,"gps","Loxodonta africana","Etosha1","Etosha1","African elephant - Namibia (Kilian)"
20661283364,true,2013-07-02 03:22:00.000,16.64942,-18.94862,"Halali-Agab",-9999.0,"gps","Loxodonta africana","Etosha1","Etosha1","African elephant - Namibia (Kilian)"
20661283377,true,2013-07-02 03:53:00.000,16.65037,-18.9488,"Halali-Agab",-9999.0,"gps","Loxodonta africana","Etosha1","Etosha1","African elephant - Namibia (Kilian)"
20661283392,true,2013-07-02 04:21:00.000,16.65042,-18.94872,"Halali-Agab",-9999.0,"gps","Loxodonta africana","Etosha1","Etosha1","African elephant - Namibia (Kilian)"
20661283406,true,2013-07-02 04:51:00.000,16.65032,-18.94853,"Halali-Agab",-9999.0,"gps","Loxodonta africana","Etosha1","Etosha1","African elephant - Namibia (Kilian)"
20661283424,true,2013-07-02 05:21:00.000,16.65037,-18.94848,"Halali-Agab",-9999.0,"gps","Loxodonta africana","Etosha1","Etosha1","African elephant - Namibia (Kilian)"
20661283437,true,2013-07-02 05:51:00.000,16.6512,-18.94823,"Halali-Agab",-9999.0,"gps","Loxodonta africana","Etosha1","Etosha1","African elephant - Namibia (Kilian)"
20661283454,true,2013-07-02 06:21:00.000,16.65192,-18.94773,"Halali-Agab",-9999.0,"gps","Loxodonta africana","Etosha1","Etosha1","African elephant - Namibia (Kilian)"
20661283467,true,2013-07-02 06:51:00.000,16.65227,-18.94725,"Halali-Agab",-9999.0,"gps","Loxodonta africana","Etosha1","Etosha1","African elephant - Namibia (Kilian)"
20661283484,true,2013-07-02 07:21:00.000,16.65793,-18.95047,"Halali-Agab",-9999.0,"gps","Loxodonta africana","Etosha1","Etosha1","African elephant - Namibia (Kilian)"
20661283498,true,2013-07-02 07:51:00.000,16.65923,-18.95122,"Halali-Agab",-9999.0,"gps","Loxodonta africana","Etosha1","Etosha1","African elephant - Namibia (Kilian)"
20661283514,true,2013-07-02 08:21:00.000,16.66173,-18.94865,"Halali-Agab",-9999.0,"gps","Loxodonta africana","Etosha1","Etosha1","African elephant - Namibia (Kilian)"
20661283529,true,2013-07-02 08:52:00.000,16.67107,-18.95385,"Halali-Agab",-9999.0,"gps","Loxodonta africana","Etosha1","Etosha1","African elephant - Namibia (Kilian)"
20661283544,true,2013-07-02 09:22:00.000,16.67197,-18.96138,"Halali-Agab",-9999.0,"gps","Loxodonta africana","Etosha1","Etosha1","African elephant - Namibia (Kilian)"
20661283557,true,2013-07-02 09:52:00.000,16.67302,-18.966,"Halali-Agab",-9999.0,"gps","Loxodonta africana","Etosha1","Etosha1","African elephant - Namibia (Kilian)"
20661283574,true,2013-07-02 10:21:00.000,16.67608,-18.97903,"Halali-Agab",-9999.0,"gps","Loxodonta africana","Etosha1","Etosha1","African elephant - Namibia (Kilian)"
20661283585,true,2013-07-02 10:51:00.000,16.67765,-18.97938,"Halali-Agab",-9999.0,"gps","Loxodonta africana","Etosha1","Etosha1","African elephant - Namibia (Kilian)"
20661283601,true,2013-07-02 11:21:00.000,16.67905,-18.97942,"Halali-Agab",-9999.0,"gps","Loxodonta africana","Etosha1","Etosha1","African elephant - Namibia (Kilian)"
20661283615,true,2013-07-02 11:51:00.000,16.67937,-18.9792,"Halali-Agab",-9999.0,"gps","Loxodonta africana","Etosha1","Etosha1","African elephant - Namibia (Kilian)"
20661283632,true,2013-07-02 12:21:00.000,16.67935,-18.97905,"Halali-Agab",-9999.0,"gps","Loxodonta africana","Etosha1","Etosha1","African elephant - Namibia (Kilian)"
20661283647,true,2013-07-02 12:53:00.000,16.6795,-18.97922,"Halali-Agab",-9999.0,"gps","Loxodonta africana","Etosha1","Etosha1","African elephant - Namibia (Kilian)"
20661283662,true,2013-07-02 13:21:00.000,16.67938,-18.97928,"Halali-Agab",-9999.0,"gps","Loxodonta africana","Etosha1","Etosha1","African elephant - Namibia (Kilian)"
20661283675,true,2013-07-02 13:51:00.000,16.67943,-18.97933,"Halali-Agab",-9999.0,"gps","Loxodonta africana","Etosha1","Etosha1","African elephant - Namibia (Kilian)"
20661283692,true,2013-07-02 14:21:00.000,16.67955,-18.97925,"Halali-Agab",-9999.0,"gps","Loxodonta africana","Etosha1","Etosha1","African elephant - Namibia (Kilian)"
20661283705,true,2013-07-02 14:51:00.000,16.6794,-18.97932,"Halali-Agab",-9999.0,"gps","Loxodonta africana","Etosha1","Etosha1","African elephant - Namibia (Kilian)"
20661283722,true,2013-07-02 15:22:00.000,16.67933,-18.97935,"Halali-Agab",-9999.0,"gps","Loxodonta africana","Etosha1","Etosha1","African elephant - Namibia (Kilian)"
20661283736,true,2013-07-02 15:52:00.000,16.678,-18.9804,"Halali-Agab",-9999.0,"gps","Loxodonta africana","Etosha1","Etosha1","African elephant - Namibia (Kilian)"
20661283753,true,2013-07-02 16:21:00.000,16.67495,-18.98152,"Halali-Agab",-9999.0,"gps","Loxodonta africana","Etosha1","Etosha1","African elephant - Namibia (Kilian)"
20661283767,true,2013-07-02 16:51:00.000,16.6683,-18.98255,"Halali-Agab",-9999.0,"gps","Loxodonta africana","Etosha1","Etosha1","African elephant - Namibia (Kilian)"
20661283784,true,2013-07-02 17:21:00.000,16.66162,-18.97838,"Halali-Agab",-9999.0,"gps","Loxodonta africana","Etosha1","Etosha1","African elephant - Namibia (Kilian)"
20661283797,true,2013-07-02 17:51:00.000,16.65585,-18.97447,"Halali-Agab",-9999.0,"gps","Loxodonta africana","Etosha1","Etosha1","African elephant - Namibia (Kilian)"
20661283814,true,2013-07-02 18:21:00.000,16.6597,-18.97798,"Halali-Agab",-9999.0,"gps","Loxodonta africana","Etosha1","Etosha1","African elephant - Namibia (Kilian)"
20661283828,true,2013-07-02 18:52:00.000,16.6633,-18.98252,"Halali-Agab",-9999.0,"gps","Loxodonta africana","Etosha1","Etosha1","African elephant - Namibia (Kilian)"
20661283844,true,2013-07-02 19:21:00.000,16.66605,-18.98563,"Halali-Agab",-9999.0,"gps","Loxodonta africana","Etosha1","Etosha1","African elephant - Namibia (Kilian)"
20661283874,true,2013-07-02 20:21:00.000,16.67267,-18.99093,"Halali-Agab",-9999.0,"gps","Loxodonta africana","Etosha1","Etosha1","African elephant - Namibia (Kilian)"
20661283888,true,2013-07-02 20:51:00.000,16.67625,-18.99227,"Halali-Agab",-9999.0,"gps","Loxodonta africana","Etosha1","Etosha1","African elephant - Namibia (Kilian)"
20661283904,true,2013-07-02 21:21:00.000,16.67763,-18.99423,"Halali-Agab",-9999.0,"gps","Loxodonta africana","Etosha1","Etosha1","African elephant - Namibia (Kilian)"
20661283916,true,2013-07-02 21:51:00.000,16.6786,-18.99532,"Halali-Agab",-9999.0,"gps","Loxodonta africana","Etosha1","Etosha1","African elephant - Namibia (Kilian)"
20661283933,true,2013-07-02 22:21:00.000,16.68013,-18.99743,"Halali-Agab",-9999.0,"gps","Loxodonta africana","Etosha1","Etosha1","African elephant - Namibia (Kilian)"
20661283961,true,2013-07-02 23:21:00.000,16.68257,-19.00078,"Halali-Agab",-9999.0,"gps","Loxodonta africana","Etosha1","Etosha1","African elephant - Namibia (Kilian)"
20661283975,true,2013-07-02 23:51:00.000,16.68312,-19.00135,"Halali-Agab",-9999.0,"gps","Loxodonta africana","Etosha1","Etosha1","African elephant - Namibia (Kilian)"
20661283992,true,2013-07-03 00:21:00.000,16.68375,-19.00112,"Halali-Agab",-9999.0,"gps","Loxodonta africana","Etosha1","Etosha1","African elephant - Namibia (Kilian)"
20661284006,true,2013-07-03 00:51:00.000,16.68388,-19.00052,"Halali-Agab",-9999.0,"gps","Loxodonta africana","Etosha1","Etosha1","African elephant - Namibia (Kilian)"
20661284022,true,2013-07-03 01:21:00.000,16.68407,-19.00028,"Halali-Agab",-9999.0,"gps","Loxodonta africana","Etosha1","Etosha1","African elephant - Namibia (Kilian)"
20661284033,true,2013-07-03 01:52:00.000,16.68392,-19.00018,"Halali-Agab",-9999.0,"gps","Loxodonta africana","Etosha1","Etosha1","African elephant - Namibia (Kilian)"
20661284050,true,2013-07-03 02:21:00.000,16.684,-19.00017,"Halali-Agab",-9999.0,"gps","Loxodonta africana","Etosha1","Etosha1","African elephant - Namibia (Kilian)"
20661284062,true,2013-07-03 02:51:00.000,16.68518,-18.99895,"Halali-Agab",-9999.0,"gps","Loxodonta africana","Etosha1","Etosha1","African elephant - Namibia (Kilian)"
20661284080,true,2013-07-03 03:21:00.000,16.68657,-18.99658,"Halali-Agab",-9999.0,"gps","Loxodonta africana","Etosha1","Etosha1","African elephant - Namibia (Kilian)"
20661284091,true,2013-07-03 03:51:00.000,16.68677,-18.99607,"Halali-Agab",-9999.0,"gps","Loxodonta africana","Etosha1","Etosha1","African elephant - Namibia (Kilian)"
20661284108,true,2013-07-03 04:21:00.000,16.68717,-18.99503,"Halali-Agab",-9999.0,"gps","Loxodonta africana","Etosha1","Etosha1","African elephant - Namibia (Kilian)"
20661284120,true,2013-07-03 04:51:00.000,16.68883,-18.994,"Halali-Agab",-9999.0,"gps","Loxodonta africana","Etosha1","Etosha1","African elephant - Namibia (Kilian)"
20661284136,true,2013-07-03 05:21:00.000,16.68975,-18.9945,"Halali-Agab",-9999.0,"gps","Loxodonta africana","Etosha1","Etosha1","African elephant - Namibia (Kilian)"
20661284146,true,2013-07-03 05:51:00.000,16.69007,-18.99445,"Halali-Agab",-9999.0,"gps","Loxodonta africana","Etosha1","Etosha1","African elephant - Namibia (Kilian)"
20661284163,true,2013-07-03 06:21:00.000,16.69055,-18.99425,"Halali-Agab",-9999.0,"gps","Loxodonta africana","Etosha1","Etosha1","African elephant - Namibia (Kilian)"
20661284174,true,2013-07-03 06:52:00.000,16.69192,-18.99348,"Halali-Agab",-9999.0,"gps","Loxodonta africana","Etosha1","Etosha1","African elephant - Namibia (Kilian)"
20661284191,true,2013-07-03 07:21:00.000,16.69345,-18.99375,"Halali-Agab",-9999.0,"gps","Loxodonta africana","Etosha1","Etosha1","African elephant - Namibia (Kilian)"
20661284222,true,2013-07-03 08:32:00.000,16.6944,-18.99305,"Halali-Agab",-9999.0,"gps","Loxodonta africana","Etosha1","Etosha1","African elephant - Namibia (Kilian)"
20661284240,true,2013-07-03 09:01:00.000,16.6924,-18.99145,"Halali-Agab",-9999.0,"gps","Loxodonta africana","Etosha1","Etosha1","African elephant - Namibia (Kilian)"
20661284252,true,2013-07-03 09:31:00.000,16.6904,-18.99095,"Halali-Agab",-9999.0,"gps","Loxodonta africana","Etosha1","Etosha1","African elephant - Namibia (Kilian)"
20661284269,true,2013-07-03 10:01:00.000,16.68963,-18.99112,"Halali-Agab",-9999.0,"gps","Loxodonta africana","Etosha1","Etosha1","African elephant - Namibia (Kilian)"
20661284282,true,2013-07-03 10:31:00.000,16.68802,-18.9906,"Halali-Agab",-9999.0,"gps","Loxodonta africana","Etosha1","Etosha1","African elephant - Namibia (Kilian)"
20661284298,true,2013-07-03 11:01:00.000,16.68645,-18.9901,"Halali-Agab",-9999.0,"gps","Loxodonta africana","Etosha1","Etosha1","African elephant - Namibia (Kilian)"
20661284311,true,2013-07-03 11:31:00.000,16.6861,-18.99008,"Halali-Agab",-9999.0,"gps","Loxodonta africana","Etosha1","Etosha1","African elephant - Namibia (Kilian)"
20661284327,true,2013-07-03 12:01:00.000,16.68557,-18.9899,"Halali-Agab",-9999.0,"gps","Loxodonta africana","Etosha1","Etosha1","African elephant - Namibia (Kilian)"
20661284340,true,2013-07-03 12:31:00.000,16.68475,-18.98975,"Halali-Agab",-9999.0,"gps","Loxodonta africana","Etosha1","Etosha1","African elephant - Namibia (Kilian)"
20661284358,true,2013-07-03 13:01:00.000,16.68165,-18.98887,"Halali-Agab",-9999.0,"gps","Loxodonta africana","Etosha1","Etosha1","African elephant - Namibia (Kilian)"
20661284371,true,2013-07-03 13:30:00.000,16.68108,-18.98872,"Halali-Agab",-9999.0,"gps","Loxodonta africana","Etosha1","Etosha1","African elephant - Namibia (Kilian)"
20661284388,true,2013-07-03 14:01:00.000,16.68085,-18.98795,"Halali-Agab",-9999.0,"gps","Loxodonta africana","Etosha1","Etosha1","African elephant - Namibia (Kilian)"
20661284400,true,2013-07-03 14:31:00.000,16.6809,-18.98783,"Halali-Agab",-9999.0,"gps","Loxodonta africana","Etosha1","Etosha1","African elephant - Namibia (Kilian)"
20661284417,true,2013-07-03 15:01:00.000,16.6785,-18.98822,"Halali-Agab",-9999.0,"gps","Loxodonta africana","Etosha1","Etosha1","African elephant - Namibia (Kilian)"
20661284430,true,2013-07-03 15:30:00.000,16.67538,-18.98865,"Halali-Agab",-9999.0,"gps","Loxodonta africana","Etosha1","Etosha1","African elephant - Namibia (Kilian)"
20661284445,true,2013-07-03 16:01:00.000,16.67277,-18.988,"Halali-Agab",-9999.0,"gps","Loxodonta africana","Etosha1","Etosha1","African elephant - Namibia (Kilian)"
20661284458,true,2013-07-03 16:30:00.000,16.66852,-18.98597,"Halali-Agab",-9999.0,"gps","Loxodonta africana","Etosha1","Etosha1","African elephant - Namibia (Kilian)"
20661284477,true,2013-07-03 17:01:00.000,16.66648,-18.9855,"Halali-Agab",-9999.0,"gps","Loxodonta africana","Etosha1","Etosha1","African elephant - Namibia (Kilian)"
20661284490,true,2013-07-03 17:31:00.000,16.66505,-18.9838,"Halali-Agab",-9999.0,"gps","Loxodonta africana","Etosha1","Etosha1","African elephant - Namibia (Kilian)"
20661284507,true,2013-07-03 18:01:00.000,16.66467,-18.9836,"Halali-Agab",-9999.0,"gps","Loxodonta africana","Etosha1","Etosha1","African elephant - Namibia (Kilian)"
20661284520,true,2013-07-03 18:30:00.000,16.66408,-18.98308,"Halali-Agab",-9999.0,"gps","Loxodonta africana","Etosha1","Etosha1","African elephant - Namibia (Kilian)"
20661284537,true,2013-07-03 19:01:00.000,16.66343,-18.98155,"Halali-Agab",-9999.0,"gps","Loxodonta africana","Etosha1","Etosha1","African elephant - Namibia (Kilian)"
20661284579,true,2013-07-03 20:31:00.000,16.66157,-18.97985,"Halali-Agab",-9999.0,"gps","Loxodonta africana","Etosha1","Etosha1","African elephant - Namibia (Kilian)"
20661284597,true,2013-07-03 21:01:00.000,16.65963,-18.97782,"Halali-Agab",-9999.0,"gps","Loxodonta africana","Etosha1","Etosha1","African elephant - Namibia (Kilian)"
20661284610,true,2013-07-03 21:30:00.000,16.65608,-18.97497,"Halali-Agab",-9999.0,"gps","Loxodonta africana","Etosha1","Etosha1","African elephant - Namibia (Kilian)"
20661284627,true,2013-07-03 22:01:00.000,16.65515,-18.9769,"Halali-Agab",-9999.0,"gps","Loxodonta africana","Etosha1","Etosha1","African elephant - Namibia (Kilian)"
20661284640,true,2013-07-03 22:30:00.000,16.65228,-18.98625,"Halali-Agab",-9999.0,"gps","Loxodonta africana","Etosha1","Etosha1","African elephant - Namibia (Kilian)"
20661284657,true,2013-07-03 23:01:00.000,16.65362,-18.98925,"Halali-Agab",-9999.0,"gps","Loxodonta africana","Etosha1","Etosha1","African elephant - Namibia (Kilian)"
20661284671,true,2013-07-03 23:31:00.000,16.65512,-18.99067,"Halali-Agab",-9999.0,"gps","Loxodonta africana","Etosha1","Etosha1","African elephant - Namibia (Kilian)"
20661284688,true,2013-07-04 00:01:00.000,16.65602,-18.99215,"Halali-Agab",-9999.0,"gps","Loxodonta africana","Etosha1","Etosha1","African elephant - Namibia (Kilian)"
20661284701,true,2013-07-04 00:31:00.000,16.65538,-18.99372,"Halali-Agab",-9999.0,"gps","Loxodonta africana","Etosha1","Etosha1","African elephant - Namibia (Kilian)"
20661284718,true,2013-07-04 01:01:00.000,16.6535,-18.9953,"Halali-Agab",-9999.0,"gps","Loxodonta africana","Etosha1","Etosha1","African elephant - Namibia (Kilian)"
20661284730,true,2013-07-04 01:31:00.000,16.65077,-18.9967,"Halali-Agab",-9999.0,"gps","Loxodonta africana","Etosha1","Etosha1","African elephant - Namibia (Kilian)"
20661284748,true,2013-07-04 02:01:00.000,16.64838,-18.99818,"Halali-Agab",-9999.0,"gps","Loxodonta africana","Etosha1","Etosha1","African elephant - Namibia (Kilian)"
20661284760,true,2013-07-04 02:30:00.000,16.64678,-18.9993,"Halali-Agab",-9999.0,"gps","Loxodonta africana","Etosha1","Etosha1","African elephant - Namibia (Kilian)"
20661284776,true,2013-07-04 03:01:00.000,16.64392,-19.00112,"Halali-Agab",-9999.0,"gps","Loxodonta africana","Etosha1","Etosha1","African elephant - Namibia (Kilian)"
20661284790,true,2013-07-04 03:30:00.000,16.64342,-19.00118,"Halali-Agab",-9999.0,"gps","Loxodonta africana","Etosha1","Etosha1","African elephant - Namibia (Kilian)"
20661284807,true,2013-07-04 04:01:00.000,16.6433,-19.00143,"Halali-Agab",-9999.0,"gps","Loxodonta africana","Etosha1","Etosha1","African elephant - Namibia (Kilian)"
20661284819,true,2013-07-04 04:31:00.000,16.64352,-19.00122,"Halali-Agab",-9999.0,"gps","Loxodonta africana","Etosha1","Etosha1","African elephant - Namibia (Kilian)"
20661284834,true,2013-07-04 05:00:00.000,16.64333,-19.00133,"Halali-Agab",-9999.0,"gps","Loxodonta africana","Etosha1","Etosha1","African elephant - Namibia (Kilian)"
20661284848,true,2013-07-04 05:31:00.000,16.64152,-19.0017,"Halali-Agab",-9999.0,"gps","Loxodonta africana","Etosha1","Etosha1","African elephant - Namibia (Kilian)"
20661284864,true,2013-07-04 06:01:00.000,16.63932,-19.00138,"Halali-Agab",-9999.0,"gps","Loxodonta africana","Etosha1","Etosha1","African elephant - Namibia (Kilian)"
20661284877,true,2013-07-04 06:30:00.000,16.63655,-19.00228,"Halali-Agab",-9999.0,"gps","Loxodonta africana","Etosha1","Etosha1","African elephant - Namibia (Kilian)"
20661284892,true,2013-07-04 07:01:00.000,16.63318,-19.00483,"Halali-Agab",-9999.0,"gps","Loxodonta africana","Etosha1","Etosha1","African elephant - Namibia (Kilian)"
20661284906,true,2013-07-04 07:31:00.000,16.63058,-19.00422,"Halali-Agab",-9999.0,"gps","Loxodonta africana","Etosha1","Etosha1","African elephant - Namibia (Kilian)"
20661284922,true,2013-07-04 08:01:00.000,16.62845,-19.00457,"Halali-Agab",-9999.0,"gps","Loxodonta africana","Etosha1","Etosha1","African elephant - Namibia (Kilian)"
20661284934,true,2013-07-04 08:31:00.000,16.62815,-19.00495,"Halali-Agab",-9999.0,"gps","Loxodonta africana","Etosha1","Etosha1","African elephant - Namibia (Kilian)"
20661284951,true,2013-07-04 09:01:00.000,16.62665,-19.00443,"Halali-Agab",-9999.0,"gps","Loxodonta africana","Etosha1","Etosha1","African elephant - Namibia (Kilian)"
20661284964,true,2013-07-04 09:31:00.000,16.62558,-19.0039,"Halali-Agab",-9999.0,"gps","Loxodonta africana","Etosha1","Etosha1","African elephant - Namibia (Kilian)"
20661284981,true,2013-07-04 10:01:00.000,16.62438,-19.00402,"Halali-Agab",-9999.0,"gps","Loxodonta africana","Etosha1","Etosha1","African elephant - Namibia (Kilian)"
20661284994,true,2013-07-04 10:30:00.000,16.62435,-19.00403,"Halali-Agab",-9999.0,"gps","Loxodonta africana","Etosha1","Etosha1","African elephant - Namibia (Kilian)"
20661285011,true,2013-07-04 11:01:00.000,16.62447,-19.00403,"Halali-Agab",-9999.0,"gps","Loxodonta africana","Etosha1","Etosha1","African elephant - Namibia (Kilian)"
20661285025,true,2013-07-04 11:31:00.000,16.62443,-19.00405,"Halali-Agab",-9999.0,"gps","Loxodonta africana","Etosha1","Etosha1","African elephant - Namibia (Kilian)"
20661285041,true,2013-07-04 12:01:00.000,16.62393,-19.0036,"Halali-Agab",-9999.0,"gps","Loxodonta africana","Etosha1","Etosha1","African elephant - Namibia (Kilian)"
20661285052,true,2013-07-04 12:31:00.000,16.62375,-19.00197,"Halali-Agab",-9999.0,"gps","Loxodonta africana","Etosha1","Etosha1","African elephant - Namibia (Kilian)"
20661285068,true,2013-07-04 13:01:00.000,16.6242,-19.0003,"Halali-Agab",-9999.0,"gps","Loxodonta africana","Etosha1","Etosha1","African elephant - Namibia (Kilian)"
20661285081,true,2013-07-04 13:31:00.000,16.62422,-18.99912,"Halali-Agab",-9999.0,"gps","Loxodonta africana","Etosha1","Etosha1","African elephant - Namibia (Kilian)"
20661285097,true,2013-07-04 14:01:00.000,16.62507,-18.99842,"Halali-Agab",-9999.0,"gps","Loxodonta africana","Etosha1","Etosha1","African elephant - Namibia (Kilian)"
20661285109,true,2013-07-04 14:31:00.000,16.62582,-18.99813,"Halali-Agab",-9999.0,"gps","Loxodonta africana","Etosha1","Etosha1","African elephant - Namibia (Kilian)"
20661285125,true,2013-07-04 15:01:00.000,16.62567,-18.99818,"Halali-Agab",-9999.0,"gps","Loxodonta africana","Etosha1","Etosha1","African elephant - Namibia (Kilian)"
20661285137,true,2013-07-04 15:30:00.000,16.62605,-18.99778,"Halali-Agab",-9999.0,"gps","Loxodonta africana","Etosha1","Etosha1","African elephant - Namibia (Kilian)"
20661285154,true,2013-07-04 16:01:00.000,16.62547,-18.99602,"Halali-Agab",-9999.0,"gps","Loxodonta africana","Etosha1","Etosha1","African elephant - Namibia (Kilian)"
20661285166,true,2013-07-04 16:30:00.000,16.62607,-18.99267,"Halali-Agab",-9999.0,"gps","Loxodonta africana","Etosha1","Etosha1","African elephant - Namibia (Kilian)"
20661285184,true,2013-07-04 17:01:00.000,16.62842,-18.99053,"Halali-Agab",-9999.0,"gps","Loxodonta africana","Etosha1","Etosha1","African elephant - Namibia (Kilian)"
20661285197,true,2013-07-04 17:30:00.000,16.6304,-18.98958,"Halali-Agab",-9999.0,"gps","Loxodonta africana","Etosha1","Etosha1","African elephant - Namibia (Kilian)"
20661285214,true,2013-07-04 18:01:00.000,16.63255,-18.98943,"Halali-Agab",-9999.0,"gps","Loxodonta africana","Etosha1","Etosha1","African elephant - Namibia (Kilian)"
20661285227,true,2013-07-04 18:30:00.000,16.63362,-18.98883,"Halali-Agab",-9999.0,"gps","Loxodonta africana","Etosha1","Etosha1","African elephant - Namibia (Kilian)"
20661285244,true,2013-07-04 19:01:00.000,16.63783,-18.98382,"Halali-Agab",-9999.0,"gps","Loxodonta africana","Etosha1","Etosha1","African elephant - Namibia (Kilian)"
20661285256,true,2013-07-04 19:31:00.000,16.63845,-18.98297,"Halali-Agab",-9999.0,"gps","Loxodonta africana","Etosha1","Etosha1","African elephant - Namibia (Kilian)"
20661285293,true,2013-07-04 20:42:00.000,16.64152,-18.98193,"Halali-Agab",-9999.0,"gps","Loxodonta africana","Etosha1","Etosha1","African elephant - Namibia (Kilian)"
20661285306,true,2013-07-04 21:11:00.000,16.64642,-18.98045,"Halali-Agab",-9999.0,"gps","Loxodonta africana","Etosha1","Etosha1","African elephant - Namibia (Kilian)"
20661285323,true,2013-07-04 21:41:00.000,16.64855,-18.97982,"Halali-Agab",-9999.0,"gps","Loxodonta africana","Etosha1","Etosha1","African elephant - Namibia (Kilian)"
20661285336,true,2013-07-04 22:11:00.000,16.652,-18.97797,"Halali-Agab",-9999.0,"gps","Loxodonta africana","Etosha1","Etosha1","African elephant - Namibia (Kilian)"
20661285352,true,2013-07-04 22:41:00.000,16.65553,-18.9749,"Halali-Agab",-9999.0,"gps","Loxodonta africana","Etosha1","Etosha1","African elephant - Namibia (Kilian)"
20661285365,true,2013-07-04 23:12:00.000,16.65445,-18.97653,"Halali-Agab",-9999.0,"gps","Loxodonta africana","Etosha1","Etosha1","African elephant - Namibia (Kilian)"
20661285383,true,2013-07-04 23:41:00.000,16.64873,-18.9799,"Halali-Agab",-9999.0,"gps","Loxodonta africana","Etosha1","Etosha1","African elephant - Namibia (Kilian)"
20661285396,true,2013-07-05 00:12:00.000,16.64563,-18.98192,"Halali-Agab",-9999.0,"gps","Loxodonta africana","Etosha1","Etosha1","African elephant - Namibia (Kilian)"
20661285413,true,2013-07-05 00:41:00.000,16.64275,-18.98355,"Halali-Agab",-9999.0,"gps","Loxodonta africana","Etosha1","Etosha1","African elephant - Namibia (Kilian)"
20661285427,true,2013-07-05 01:12:00.000,16.63875,-18.98632,"Halali-Agab",-9999.0,"gps","Loxodonta africana","Etosha1","Etosha1","African elephant - Namibia (Kilian)"
20661285442,true,2013-07-05 01:41:00.000,16.63297,-18.99033,"Halali-Agab",-9999.0,"gps","Loxodonta africana","Etosha1","Etosha1","African elephant - Namibia (Kilian)"
20661285455,true,2013-07-05 02:12:00.000,16.63147,-18.99213,"Halali-Agab",-9999.0,"gps","Loxodonta africana","Etosha1","Etosha1","African elephant - Namibia (Kilian)"
20661285472,true,2013-07-05 02:42:00.000,16.629,-18.99457,"Halali-Agab",-9999.0,"gps","Loxodonta africana","Etosha1","Etosha1","African elephant - Namibia (Kilian)"
20661285485,true,2013-07-05 03:11:00.000,16.62825,-18.9955,"Halali-Agab",-9999.0,"gps","Loxodonta africana","Etosha1","Etosha1","African elephant - Namibia (Kilian)"
20661285503,true,2013-07-05 03:41:00.000,16.62742,-18.99592,"Halali-Agab",-9999.0,"gps","Loxodonta africana","Etosha1","Etosha1","African elephant - Namibia (Kilian)"
20661285515,true,2013-07-05 04:11:00.000,16.62675,-18.99615,"Halali-Agab",-9999.0,"gps","Loxodonta africana","Etosha1","Etosha1","African elephant - Namibia (Kilian)"
20661285533,true,2013-07-05 04:42:00.000,16.62668,-18.9961,"Halali-Agab",-9999.0,"gps","Loxodonta africana","Etosha1","Etosha1","African elephant - Namibia (Kilian)"
20661285546,true,2013-07-05 05:11:00.000,16.62688,-18.99603,"Halali-Agab",-9999.0,"gps","Loxodonta africana","Etosha1","Etosha1","African elephant - Namibia (Kilian)"
20661285562,true,2013-07-05 05:41:00.000,16.62672,-18.99622,"Halali-Agab",-9999.0,"gps","Loxodonta africana","Etosha1","Etosha1","African elephant - Namibia (Kilian)"
20661285575,true,2013-07-05 06:11:00.000,16.62637,-18.99638,"Halali-Agab",-9999.0,"gps","Loxodonta africana","Etosha1","Etosha1","African elephant - Namibia (Kilian)"
20661285592,true,2013-07-05 06:41:00.000,16.6254,-18.99763,"Halali-Agab",-9999.0,"gps","Loxodonta africana","Etosha1","Etosha1","African elephant - Namibia (Kilian)"
20661285604,true,2013-07-05 07:11:00.000,16.62507,-18.99837,"Halali-Agab",-9999.0,"gps","Loxodonta africana","Etosha1","Etosha1","African elephant - Namibia (Kilian)"
20661285622,true,2013-07-05 07:41:00.000,16.62465,-18.99848,"Halali-Agab",-9999.0,"gps","Loxodonta africana","Etosha1","Etosha1","African elephant - Namibia (Kilian)"
20661285634,true,2013-07-05 08:11:00.000,16.62325,-19.00085,"Halali-Agab",-9999.0,"gps","Loxodonta africana","Etosha1","Etosha1","African elephant - Namibia (Kilian)"
20661285651,true,2013-07-05 08:41:00.000,16.6195,-19.00105,"Halali-Agab",-9999.0,"gps","Loxodonta africana","Etosha1","Etosha1","African elephant - Namibia (Kilian)"
20661285665,true,2013-07-05 09:11:00.000,16.6183,-19.0012,"Halali-Agab",-9999.0,"gps","Loxodonta africana","Etosha1","Etosha1","African elephant - Namibia (Kilian)"
20661285681,true,2013-07-05 09:42:00.000,16.61772,-19.00052,"Halali-Agab",-9999.0,"gps","Loxodonta africana","Etosha1","Etosha1","African elephant - Namibia (Kilian)"
20661285720,true,2013-07-05 11:08:00.000,16.6101,-18.97718,"Halali-Agab",-9999.0,"gps","Loxodonta africana","Etosha1","Etosha1","African elephant - Namibia (Kilian)"
20661285734,true,2013-07-05 11:36:00.000,16.61735,-18.98947,"Halali-Agab",-9999.0,"gps","Loxodonta africana","Etosha1","Etosha1","African elephant - Namibia (Kilian)"
20661285776,true,2013-07-05 13:01:00.000,16.61713,-18.9895,"Halali-Agab",-9999.0,"gps","Loxodonta africana","Etosha1","Etosha1","African elephant - Namibia (Kilian)"
20661285788,true,2013-07-05 13:30:00.000,16.61708,-18.98843,"Halali-Agab",-9999.0,"gps","Loxodonta africana","Etosha1","Etosha1","African elephant - Namibia (Kilian)"
20661285803,true,2013-07-05 14:02:00.000,16.617,-18.98725,"Halali-Agab",-9999.0,"gps","Loxodonta africana","Etosha1","Etosha1","African elephant - Namibia (Kilian)"
20661285816,true,2013-07-05 14:29:00.000,16.61688,-18.9867,"Halali-Agab",-9999.0,"gps","Loxodonta africana","Etosha1","Etosha1","African elephant - Namibia (Kilian)"
20661285832,true,2013-07-05 15:01:00.000,16.61942,-18.98578,"Halali-Agab",-9999.0,"gps","Loxodonta africana","Etosha1","Etosha1","African elephant - Namibia (Kilian)"
20661285845,true,2013-07-05 15:29:00.000,16.6197,-18.9864,"Halali-Agab",-9999.0,"gps","Loxodonta africana","Etosha1","Etosha1","African elephant - Namibia (Kilian)"
20661285859,true,2013-07-05 16:00:00.000,16.62027,-18.9873,"Halali-Agab",-9999.0,"gps","Loxodonta africana","Etosha1","Etosha1","African elephant - Namibia (Kilian)"
20661285874,true,2013-07-05 16:31:00.000,16.62235,-18.98728,"Halali-Agab",-9999.0,"gps","Loxodonta africana","Etosha1","Etosha1","African elephant - Namibia (Kilian)"
20661285887,true,2013-07-05 16:59:00.000,16.62313,-18.98598,"Halali-Agab",-9999.0,"gps","Loxodonta africana","Etosha1","Etosha1","African elephant - Namibia (Kilian)"
20661285904,true,2013-07-05 17:29:00.000,16.6233,-18.9871,"Halali-Agab",-9999.0,"gps","Loxodonta africana","Etosha1","Etosha1","African elephant - Namibia (Kilian)"
20661285918,true,2013-07-05 18:00:00.000,16.6231,-18.98743,"Halali-Agab",-9999.0,"gps","Loxodonta africana","Etosha1","Etosha1","African elephant - Namibia (Kilian)"
20661285933,true,2013-07-05 18:29:00.000,16.62227,-18.98737,"Halali-Agab",-9999.0,"gps","Loxodonta africana","Etosha1","Etosha1","African elephant - Namibia (Kilian)"
20661285949,true,2013-07-05 19:00:00.000,16.62245,-18.98447,"Halali-Agab",-9999.0,"gps","Loxodonta africana","Etosha1","Etosha1","African elephant - Namibia (Kilian)"
20661285976,true,2013-07-05 20:00:00.000,16.62243,-18.98262,"Halali-Agab",-9999.0,"gps","Loxodonta africana","Etosha1","Etosha1","African elephant - Namibia (Kilian)"
20661286010,true,2013-07-05 21:11:00.000,16.6221,-18.98168,"Halali-Agab",-9999.0,"gps","Loxodonta africana","Etosha1","Etosha1","African elephant - Namibia (Kilian)"
20661286024,true,2013-07-05 21:40:00.000,16.62198,-18.98118,"Halali-Agab",-9999.0,"gps","Loxodonta africana","Etosha1","Etosha1","African elephant - Namibia (Kilian)"
20661286038,true,2013-07-05 22:09:00.000,16.62053,-18.97803,"Halali-Agab",-9999.0,"gps","Loxodonta africana","Etosha1","Etosha1","African elephant - Namibia (Kilian)"
20661286053,true,2013-07-05 22:40:00.000,16.62013,-18.97392,"Halali-Agab",-9999.0,"gps","Loxodonta africana","Etosha1","Etosha1","African elephant - Namibia (Kilian)"
20661286068,true,2013-07-05 23:09:00.000,16.62018,-18.97025,"Halali-Agab",-9999.0,"gps","Loxodonta africana","Etosha1","Etosha1","African elephant - Namibia (Kilian)"
20661286085,true,2013-07-05 23:42:00.000,16.6201,-18.97033,"Halali-Agab",-9999.0,"gps","Loxodonta africana","Etosha1","Etosha1","African elephant - Namibia (Kilian)"
20661286099,true,2013-07-06 00:10:00.000,16.62012,-18.97017,"Halali-Agab",-9999.0,"gps","Loxodonta africana","Etosha1","Etosha1","African elephant - Namibia (Kilian)"
20661286111,true,2013-07-06 00:39:00.000,16.62015,-18.97025,"Halali-Agab",-9999.0,"gps","Loxodonta africana","Etosha1","Etosha1","African elephant - Namibia (Kilian)"
20661286145,true,2013-07-06 01:41:00.000,16.62002,-18.97037,"Halali-Agab",-9999.0,"gps","Loxodonta africana","Etosha1","Etosha1","African elephant - Namibia (Kilian)"
20661286172,true,2013-07-06 02:41:00.000,16.61993,-18.9703,"Halali-Agab",-9999.0,"gps","Loxodonta africana","Etosha1","Etosha1","African elephant - Namibia (Kilian)"
20661286183,true,2013-07-06 03:09:00.000,16.62017,-18.96952,"Halali-Agab",-9999.0,"gps","Loxodonta africana","Etosha1","Etosha1","African elephant - Namibia (Kilian)"
20661286196,true,2013-07-06 03:39:00.000,16.6205,-18.9685,"Halali-Agab",-9999.0,"gps","Loxodonta africana","Etosha1","Etosha1","African elephant - Namibia (Kilian)"
20661286215,true,2013-07-06 04:10:00.000,16.6206,-18.96772,"Halali-Agab",-9999.0,"gps","Loxodonta africana","Etosha1","Etosha1","African elephant - Namibia (Kilian)"
20661286230,true,2013-07-06 04:40:00.000,16.62098,-18.967,"Halali-Agab",-9999.0,"gps","Loxodonta africana","Etosha1","Etosha1","African elephant - Namibia (Kilian)"
20661286244,true,2013-07-06 05:10:00.000,16.62118,-18.96533,"Halali-Agab",-9999.0,"gps","Loxodonta africana","Etosha1","Etosha1","African elephant - Namibia (Kilian)"
20661286259,true,2013-07-06 05:40:00.000,16.62128,-18.96483,"Halali-Agab",-9999.0,"gps","Loxodonta africana","Etosha1","Etosha1","African elephant - Namibia (Kilian)"
20661286274,true,2013-07-06 06:09:00.000,16.62055,-18.9603,"Halali-Agab",-9999.0,"gps","Loxodonta africana","Etosha1","Etosha1","African elephant - Namibia (Kilian)"
20661286286,true,2013-07-06 06:39:00.000,16.61988,-18.95847,"Halali-Agab",-9999.0,"gps","Loxodonta africana","Etosha1","Etosha1","African elephant - Namibia (Kilian)"
20661286305,true,2013-07-06 07:10:00.000,16.61947,-18.9568,"Halali-Agab",-9999.0,"gps","Loxodonta africana","Etosha1","Etosha1","African elephant - Namibia (Kilian)"
20661286321,true,2013-07-06 07:40:00.000,16.61955,-18.9545,"Halali-Agab",-9999.0,"gps","Loxodonta africana","Etosha1","Etosha1","African elephant - Namibia (Kilian)"
20661286336,true,2013-07-06 08:09:00.000,16.6189,-18.9521,"Halali-Agab",-9999.0,"gps","Loxodonta africana","Etosha1","Etosha1","African elephant - Namibia (Kilian)"
20661286348,true,2013-07-06 08:39:00.000,16.61923,-18.95028,"Halali-Agab",-9999.0,"gps","Loxodonta africana","Etosha1","Etosha1","African elephant - Namibia (Kilian)"
20661286367,true,2013-07-06 09:09:00.000,16.61882,-18.95035,"Halali-Agab",-9999.0,"gps","Loxodonta africana","Etosha1","Etosha1","African elephant - Namibia (Kilian)"
20661286382,true,2013-07-06 09:40:00.000,16.6189,-18.9504,"Halali-Agab",-9999.0,"gps","Loxodonta africana","Etosha1","Etosha1","African elephant - Namibia (Kilian)"
20661286397,true,2013-07-06 10:10:00.000,16.6194,-18.95012,"Halali-Agab",-9999.0,"gps","Loxodonta africana","Etosha1","Etosha1","African elephant - Namibia (Kilian)"
20661286412,true,2013-07-06 10:40:00.000,16.61613,-18.9502,"Halali-Agab",-9999.0,"gps","Loxodonta africana","Etosha1","Etosha1","African elephant - Namibia (Kilian)"
20661286427,true,2013-07-06 11:10:00.000,16.61552,-18.94947,"Halali-Agab",-9999.0,"gps","Loxodonta africana","Etosha1","Etosha1","African elephant - Namibia (Kilian)"
20661286439,true,2013-07-06 11:39:00.000,16.61575,-18.94955,"Halali-Agab",-9999.0,"gps","Loxodonta africana","Etosha1","Etosha1","African elephant - Namibia (Kilian)"
20661286456,true,2013-07-06 12:10:00.000,16.61928,-18.94997,"Halali-Agab",-9999.0,"gps","Loxodonta africana","Etosha1","Etosha1","African elephant - Namibia (Kilian)"
20661286467,true,2013-07-06 12:39:00.000,16.62108,-18.95272,"Halali-Agab",-9999.0,"gps","Loxodonta africana","Etosha1","Etosha1","African elephant - Namibia (Kilian)"
20661286486,true,2013-07-06 13:09:00.000,16.6245,-18.95513,"Halali-Agab",-9999.0,"gps","Loxodonta africana","Etosha1","Etosha1","African elephant - Namibia (Kilian)"
20661286501,true,2013-07-06 13:40:00.000,16.62573,-18.9564,"Halali-Agab",-9999.0,"gps","Loxodonta africana","Etosha1","Etosha1","African elephant - Namibia (Kilian)"
20661286516,true,2013-07-06 14:10:00.000,16.62715,-18.95795,"Halali-Agab",-9999.0,"gps","Loxodonta africana","Etosha1","Etosha1","African elephant - Namibia (Kilian)"
20661286531,true,2013-07-06 14:40:00.000,16.62823,-18.9586,"Halali-Agab",-9999.0,"gps","Loxodonta africana","Etosha1","Etosha1","African elephant - Namibia (Kilian)"
20661286544,true,2013-07-06 15:10:00.000,16.62958,-18.95983,"Halali-Agab",-9999.0,"gps","Loxodonta africana","Etosha1","Etosha1","African elephant - Namibia (Kilian)"
20661286560,true,2013-07-06 15:40:00.000,16.63382,-18.96145,"Halali-Agab",-9999.0,"gps","Loxodonta africana","Etosha1","Etosha1","African elephant - Namibia (Kilian)"
20661286574,true,2013-07-06 16:10:00.000,16.63597,-18.9617,"Halali-Agab",-9999.0,"gps","Loxodonta africana","Etosha1","Etosha1","African elephant - Namibia (Kilian)"
20661286586,true,2013-07-06 16:39:00.000,16.63657,-18.96198,"Halali-Agab",-9999.0,"gps","Loxodonta africana","Etosha1","Etosha1","African elephant - Namibia (Kilian)"
20661286605,true,2013-07-06 17:09:00.000,16.6403,-18.96415,"Halali-Agab",-9999.0,"gps","Loxodonta africana","Etosha1","Etosha1","African elephant - Namibia (Kilian)"
20661286620,true,2013-07-06 17:40:00.000,16.64152,-18.9651,"Halali-Agab",-9999.0,"gps","Loxodonta africana","Etosha1","Etosha1","African elephant - Namibia (Kilian)"
20661286635,true,2013-07-06 18:10:00.000,16.64393,-18.96703,"Halali-Agab",-9999.0,"gps","Loxodonta africana","Etosha1","Etosha1","African elephant - Namibia (Kilian)"
20661286650,true,2013-07-06 18:40:00.000,16.64542,-18.96785,"Halali-Agab",-9999.0,"gps","Loxodonta africana","Etosha1","Etosha1","African elephant - Namibia (Kilian)"
20661286665,true,2013-07-06 19:11:00.000,16.64988,-18.97043,"Halali-Agab",-9999.0,"gps","Loxodonta africana","Etosha1","Etosha1","African elephant - Namibia (Kilian)"
20661286681,true,2013-07-06 19:40:00.000,16.65592,-18.9745,"Halali-Agab",-9999.0,"gps","Loxodonta africana","Etosha1","Etosha1","African elephant - Namibia (Kilian)"
20661286696,true,2013-07-06 20:10:00.000,16.6576,-18.97587,"Halali-Agab",-9999.0,"gps","Loxodonta africana","Etosha1","Etosha1","African elephant - Namibia (Kilian)"
20661286708,true,2013-07-06 20:39:00.000,16.66522,-18.97952,"Halali-Agab",-9999.0,"gps","Loxodonta africana","Etosha1","Etosha1","African elephant - Namibia (Kilian)"
20661286726,true,2013-07-06 21:10:00.000,16.67042,-18.97935,"Halali-Agab",-9999.0,"gps","Loxodonta africana","Etosha1","Etosha1","African elephant - Namibia (Kilian)"
20661286741,true,2013-07-06 21:40:00.000,16.67588,-18.97887,"Halali-Agab",-9999.0,"gps","Loxodonta africana","Etosha1","Etosha1","African elephant - Namibia (Kilian)"
20661286755,true,2013-07-06 22:10:00.000,16.67763,-18.97888,"Halali-Agab",-9999.0,"gps","Loxodonta africana","Etosha1","Etosha1","African elephant - Namibia (Kilian)"
20661286767,true,2013-07-06 22:39:00.000,16.678,-18.97858,"Halali-Agab",-9999.0,"gps","Loxodonta africana","Etosha1","Etosha1","African elephant - Namibia (Kilian)"
20661286785,true,2013-07-06 23:10:00.000,16.67883,-18.97853,"Halali-Agab",-9999.0,"gps","Loxodonta africana","Etosha1","Etosha1","African elephant - Namibia (Kilian)"
20661286819,true,2013-07-07 00:22:00.000,16.6795,-18.97857,"Halali-Agab",-9999.0,"gps","Loxodonta africana","Etosha1","Etosha1","African elephant - Namibia (Kilian)"
20661286867,true,2013-07-07 02:17:00.000,16.68137,-18.97973,"Halali-Agab",-9999.0,"gps","Loxodonta africana","Etosha1","Etosha1","African elephant - Namibia (Kilian)"
20661286884,true,2013-07-07 02:46:00.000,16.68117,-18.97982,"Halali-Agab",-9999.0,"gps","Loxodonta africana","Etosha1","Etosha1","African elephant - Namibia (Kilian)"
20661286896,true,2013-07-07 03:16:00.000,16.68118,-18.9799,"Halali-Agab",-9999.0,"gps","Loxodonta africana","Etosha1","Etosha1","African elephant - Namibia (Kilian)"
20661286913,true,2013-07-07 03:46:00.000,16.68125,-18.97985,"Halali-Agab",-9999.0,"gps","Loxodonta africana","Etosha1","Etosha1","African elephant - Namibia (Kilian)"
20661286926,true,2013-07-07 04:16:00.000,16.68118,-18.97973,"Halali-Agab",-9999.0,"gps","Loxodonta africana","Etosha1","Etosha1","African elephant - Namibia (Kilian)"
20661286944,true,2013-07-07 04:46:00.000,16.68112,-18.97977,"Halali-Agab",-9999.0,"gps","Loxodonta africana","Etosha1","Etosha1","African elephant - Namibia (Kilian)"
20661286956,true,2013-07-07 05:15:00.000,16.68118,-18.97982,"Halali-Agab",-9999.0,"gps","Loxodonta africana","Etosha1","Etosha1","African elephant - Namibia (Kilian)"
20661286973,true,2013-07-07 05:46:00.000,16.68077,-18.97977,"Halali-Agab",-9999.0,"gps","Loxodonta africana","Etosha1","Etosha1","African elephant - Namibia (Kilian)"
20661286986,true,2013-07-07 06:16:00.000,16.68037,-18.97952,"Halali-Agab",-9999.0,"gps","Loxodonta africana","Etosha1","Etosha1","African elephant - Namibia (Kilian)"
20661287002,true,2013-07-07 06:46:00.000,16.68,-18.97922,"Halali-Agab",-9999.0,"gps","Loxodonta africana","Etosha1","Etosha1","African elephant - Namibia (Kilian)"
20661287015,true,2013-07-07 07:16:00.000,16.67957,-18.97918,"Halali-Agab",-9999.0,"gps","Loxodonta africana","Etosha1","Etosha1","African elephant - Namibia (Kilian)"
20661287032,true,2013-07-07 07:46:00.000,16.67923,-18.97893,"Halali-Agab",-9999.0,"gps","Loxodonta africana","Etosha1","Etosha1","African elephant - Namibia (Kilian)"
20661287044,true,2013-07-07 08:16:00.000,16.67957,-18.97858,"Halali-Agab",-9999.0,"gps","Loxodonta africana","Etosha1","Etosha1","African elephant - Namibia (Kilian)"
20661287061,true,2013-07-07 08:46:00.000,16.68,-18.97765,"Halali-Agab",-9999.0,"gps","Loxodonta africana","Etosha1","Etosha1","African elephant - Namibia (Kilian)"
20661287073,true,2013-07-07 09:16:00.000,16.68103,-18.97723,"Halali-Agab",-9999.0,"gps","Loxodonta africana","Etosha1","Etosha1","African elephant - Namibia (Kilian)"
20661287111,true,2013-07-07 10:36:00.000,16.6775,-18.97587,"Halali-Agab",-9999.0,"gps","Loxodonta africana","Etosha1","Etosha1","African elephant - Namibia (Kilian)"
20661287126,true,2013-07-07 11:04:00.000,16.67372,-18.97502,"Halali-Agab",-9999.0,"gps","Loxodonta africana","Etosha1","Etosha1","African elephant - Namibia (Kilian)"
20661287139,true,2013-07-07 11:35:00.000,16.67318,-18.97475,"Halali-Agab",-9999.0,"gps","Loxodonta africana","Etosha1","Etosha1","African elephant - Namibia (Kilian)"
20661287156,true,2013-07-07 12:05:00.000,16.67327,-18.97458,"Halali-Agab",-9999.0,"gps","Loxodonta africana","Etosha1","Etosha1","African elephant - Namibia (Kilian)"
20661287167,true,2013-07-07 12:35:00.000,16.67247,-18.97822,"Halali-Agab",-9999.0,"gps","Loxodonta africana","Etosha1","Etosha1","African elephant - Namibia (Kilian)"
20661287186,true,2013-07-07 13:04:00.000,16.67248,-18.97828,"Halali-Agab",-9999.0,"gps","Loxodonta africana","Etosha1","Etosha1","African elephant - Namibia (Kilian)"
20661287199,true,2013-07-07 13:35:00.000,16.67257,-18.97823,"Halali-Agab",-9999.0,"gps","Loxodonta africana","Etosha1","Etosha1","African elephant - Namibia (Kilian)"
20661287217,true,2013-07-07 14:05:00.000,16.66902,-18.9775,"Halali-Agab",-9999.0,"gps","Loxodonta africana","Etosha1","Etosha1","African elephant - Namibia (Kilian)"
20661287228,true,2013-07-07 14:35:00.000,16.66787,-18.97738,"Halali-Agab",-9999.0,"gps","Loxodonta africana","Etosha1","Etosha1","African elephant - Namibia (Kilian)"
20661287247,true,2013-07-07 15:07:00.000,16.66755,-18.97768,"Halali-Agab",-9999.0,"gps","Loxodonta africana","Etosha1","Etosha1","African elephant - Namibia (Kilian)"
20661287257,true,2013-07-07 15:34:00.000,16.6679,-18.97777,"Halali-Agab",-9999.0,"gps","Loxodonta africana","Etosha1","Etosha1","African elephant - Namibia (Kilian)"
20661287277,true,2013-07-07 16:05:00.000,16.66805,-18.97785,"Halali-Agab",-9999.0,"gps","Loxodonta africana","Etosha1","Etosha1","African elephant - Namibia (Kilian)"
20661287288,true,2013-07-07 16:34:00.000,16.668,-18.97812,"Halali-Agab",-9999.0,"gps","Loxodonta africana","Etosha1","Etosha1","African elephant - Namibia (Kilian)"
20661287308,true,2013-07-07 17:05:00.000,16.66818,-18.97705,"Halali-Agab",-9999.0,"gps","Loxodonta africana","Etosha1","Etosha1","African elephant - Namibia (Kilian)"
20661287320,true,2013-07-07 17:35:00.000,16.66782,-18.9756,"Halali-Agab",-9999.0,"gps","Loxodonta africana","Etosha1","Etosha1","African elephant - Namibia (Kilian)"
20661287339,true,2013-07-07 18:06:00.000,16.66443,-18.97447,"Halali-Agab",-9999.0,"gps","Loxodonta africana","Etosha1","Etosha1","African elephant - Namibia (Kilian)"
20661287349,true,2013-07-07 18:34:00.000,16.66302,-18.97428,"Halali-Agab",-9999.0,"gps","Loxodonta africana","Etosha1","Etosha1","African elephant - Namibia (Kilian)"
20661287367,true,2013-07-07 19:05:00.000,16.6619,-18.97397,"Halali-Agab",-9999.0,"gps","Loxodonta africana","Etosha1","Etosha1","African elephant - Namibia (Kilian)"
20661287378,true,2013-07-07 19:34:00.000,16.65717,-18.97413,"Halali-Agab",-9999.0,"gps","Loxodonta africana","Etosha1","Etosha1","African elephant - Namibia (Kilian)"
20661287407,true,2013-07-07 20:34:00.000,16.65898,-18.97137,"Halali-Agab",-9999.0,"gps","Loxodonta africana","Etosha1","Etosha1","African elephant - Namibia (Kilian)"
20661287427,true,2013-07-07 21:05:00.000,16.66215,-18.96948,"Halali-Agab",-9999.0,"gps","Loxodonta africana","Etosha1","Etosha1","African elephant - Namibia (Kilian)"
20661287439,true,2013-07-07 21:35:00.000,16.66742,-18.96507,"Halali-Agab",-9999.0,"gps","Loxodonta africana","Etosha1","Etosha1","African elephant - Namibia (Kilian)"
20661287456,true,2013-07-07 22:04:00.000,16.67323,-18.96222,"Halali-Agab",-9999.0,"gps","Loxodonta africana","Etosha1","Etosha1","African elephant - Namibia (Kilian)"
20661287468,true,2013-07-07 22:34:00.000,16.6752,-18.96115,"Halali-Agab",-9999.0,"gps","Loxodonta africana","Etosha1","Etosha1","African elephant - Namibia (Kilian)"
20661287509,true,2013-07-07 23:56:00.000,16.67788,-18.96118,"Halali-Agab",-9999.0,"gps","Loxodonta africana","Etosha1","Etosha1","African elephant - Namibia (Kilian)"
20661287525,true,2013-07-08 00:25:00.000,16.67882,-18.96103,"Halali-Agab",-9999.0,"gps","Loxodonta africana","Etosha1","Etosha1","African elephant - Namibia (Kilian)"
20661287539,true,2013-07-08 00:56:00.000,16.67972,-18.95987,"Halali-Agab",-9999.0,"gps","Loxodonta africana","Etosha1","Etosha1","African elephant - Namibia (Kilian)"
20661287556,true,2013-07-08 01:25:00.000,16.67963,-18.9591,"Halali-Agab",-9999.0,"gps","Loxodonta africana","Etosha1","Etosha1","African elephant - Namibia (Kilian)"
20661287569,true,2013-07-08 01:55:00.000,16.67785,-18.95777,"Halali-Agab",-9999.0,"gps","Loxodonta africana","Etosha1","Etosha1","African elephant - Namibia (Kilian)"
20661287585,true,2013-07-08 02:26:00.000,16.67452,-18.95698,"Halali-Agab",-9999.0,"gps","Loxodonta africana","Etosha1","Etosha1","African elephant - Namibia (Kilian)"
20661287597,true,2013-07-08 02:55:00.000,16.67372,-18.95677,"Halali-Agab",-9999.0,"gps","Loxodonta africana","Etosha1","Etosha1","African elephant - Namibia (Kilian)"
20661287613,true,2013-07-08 03:25:00.000,16.6736,-18.95657,"Halali-Agab",-9999.0,"gps","Loxodonta africana","Etosha1","Etosha1","African elephant - Namibia (Kilian)"
20661287627,true,2013-07-08 03:56:00.000,16.67323,-18.9566,"Halali-Agab",-9999.0,"gps","Loxodonta africana","Etosha1","Etosha1","African elephant - Namibia (Kilian)"
20661287642,true,2013-07-08 04:26:00.000,16.6733,-18.95598,"Halali-Agab",-9999.0,"gps","Loxodonta africana","Etosha1","Etosha1","African elephant - Namibia (Kilian)"
20661287669,true,2013-07-08 05:27:00.000,16.67303,-18.9565,"Halali-Agab",-9999.0,"gps","Loxodonta africana","Etosha1","Etosha1","African elephant - Namibia (Kilian)"
20661287681,true,2013-07-08 05:56:00.000,16.6728,-18.95667,"Halali-Agab",-9999.0,"gps","Loxodonta africana","Etosha1","Etosha1","African elephant - Namibia (Kilian)"
20661287697,true,2013-07-08 06:26:00.000,16.67258,-18.95652,"Halali-Agab",-9999.0,"gps","Loxodonta africana","Etosha1","Etosha1","African elephant - Namibia (Kilian)"
20661287710,true,2013-07-08 06:56:00.000,16.67097,-18.95698,"Halali-Agab",-9999.0,"gps","Loxodonta africana","Etosha1","Etosha1","African elephant - Namibia (Kilian)"
20661287726,true,2013-07-08 07:25:00.000,16.6693,-18.95842,"Halali-Agab",-9999.0,"gps","Loxodonta africana","Etosha1","Etosha1","African elephant - Namibia (Kilian)"
20661287738,true,2013-07-08 07:56:00.000,16.66817,-18.95887,"Halali-Agab",-9999.0,"gps","Loxodonta africana","Etosha1","Etosha1","African elephant - Namibia (Kilian)"
20661287754,true,2013-07-08 08:26:00.000,16.66727,-18.95945,"Halali-Agab",-9999.0,"gps","Loxodonta africana","Etosha1","Etosha1","African elephant - Namibia (Kilian)"
20661287767,true,2013-07-08 08:56:00.000,16.6659,-18.95978,"Halali-Agab",-9999.0,"gps","Loxodonta africana","Etosha1","Etosha1","African elephant - Namibia (Kilian)"
20661287784,true,2013-07-08 09:26:00.000,16.66508,-18.95963,"Halali-Agab",-9999.0,"gps","Loxodonta africana","Etosha1","Etosha1","African elephant - Namibia (Kilian)"
20661287797,true,2013-07-08 09:56:00.000,16.66515,-18.95983,"Halali-Agab",-9999.0,"gps","Loxodonta africana","Etosha1","Etosha1","African elephant - Namibia (Kilian)"
20661287814,true,2013-07-08 10:26:00.000,16.66522,-18.95973,"Halali-Agab",-9999.0,"gps","Loxodonta africana","Etosha1","Etosha1","African elephant - Namibia (Kilian)"
20661287825,true,2013-07-08 10:56:00.000,16.66422,-18.96143,"Halali-Agab",-9999.0,"gps","Loxodonta africana","Etosha1","Etosha1","African elephant - Namibia (Kilian)"
20661287842,true,2013-07-08 11:27:00.000,16.66395,-18.96168,"Halali-Agab",-9999.0,"gps","Loxodonta africana","Etosha1","Etosha1","African elephant - Namibia (Kilian)"
20661287854,true,2013-07-08 11:56:00.000,16.66378,-18.96183,"Halali-Agab",-9999.0,"gps","Loxodonta africana","Etosha1","Etosha1","African elephant - Namibia (Kilian)"
20661287874,true,2013-07-08 12:28:00.000,16.6638,-18.96203,"Halali-Agab",-9999.0,"gps","Loxodonta africana","Etosha1","Etosha1","African elephant - Namibia (Kilian)"
20661287884,true,2013-07-08 12:56:00.000,16.6639,-18.96233,"Halali-Agab",-9999.0,"gps","Loxodonta africana","Etosha1","Etosha1","African elephant - Namibia (Kilian)"
20661287901,true,2013-07-08 13:26:00.000,16.66412,-18.96218,"Halali-Agab",-9999.0,"gps","Loxodonta africana","Etosha1","Etosha1","African elephant - Namibia (Kilian)"
20661287911,true,2013-07-08 13:55:00.000,16.66405,-18.9621,"Halali-Agab",-9999.0,"gps","Loxodonta africana","Etosha1","Etosha1","African elephant - Namibia (Kilian)"
20661287929,true,2013-07-08 14:26:00.000,16.663,-18.9633,"Halali-Agab",-9999.0,"gps","Loxodonta africana","Etosha1","Etosha1","African elephant - Namibia (Kilian)"
20661287940,true,2013-07-08 14:56:00.000,16.66192,-18.96387,"Halali-Agab",-9999.0,"gps","Loxodonta africana","Etosha1","Etosha1","African elephant - Namibia (Kilian)"
20661287958,true,2013-07-08 15:26:00.000,16.66053,-18.96443,"Halali-Agab",-9999.0,"gps","Loxodonta africana","Etosha1","Etosha1","African elephant - Namibia (Kilian)"
20661287970,true,2013-07-08 15:56:00.000,16.65882,-18.96758,"Halali-Agab",-9999.0,"gps","Loxodonta africana","Etosha1","Etosha1","African elephant - Namibia (Kilian)"
20661287988,true,2013-07-08 16:26:00.000,16.65633,-18.97498,"Halali-Agab",-9999.0,"gps","Loxodonta africana","Etosha1","Etosha1","African elephant - Namibia (Kilian)"
20661288001,true,2013-07-08 16:55:00.000,16.65377,-18.96502,"Halali-Agab",-9999.0,"gps","Loxodonta africana","Etosha1","Etosha1","African elephant - Namibia (Kilian)"
20661288019,true,2013-07-08 17:26:00.000,16.65357,-18.95757,"Halali-Agab",-9999.0,"gps","Loxodonta africana","Etosha1","Etosha1","African elephant - Namibia (Kilian)"
20661288031,true,2013-07-08 17:55:00.000,16.65103,-18.95135,"Halali-Agab",-9999.0,"gps","Loxodonta africana","Etosha1","Etosha1","African elephant - Namibia (Kilian)"
20661288049,true,2013-07-08 18:25:00.000,16.65207,-18.94345,"Halali-Agab",-9999.0,"gps","Loxodonta africana","Etosha1","Etosha1","African elephant - Namibia (Kilian)"
20661288061,true,2013-07-08 18:56:00.000,16.65225,-18.9416,"Halali-Agab",-9999.0,"gps","Loxodonta africana","Etosha1","Etosha1","African elephant - Namibia (Kilian)"
20661288099,true,2013-07-08 20:06:00.000,16.64967,-18.94117,"Halali-Agab",-9999.0,"gps","Loxodonta africana","Etosha1","Etosha1","African elephant - Namibia (Kilian)"
20661288112,true,2013-07-08 20:38:00.000,16.64858,-18.94107,"Halali-Agab",-9999.0,"gps","Loxodonta africana","Etosha1","Etosha1","African elephant - Namibia (Kilian)"
20661288130,true,2013-07-08 21:05:00.000,16.64773,-18.94097,"Halali-Agab",-9999.0,"gps","Loxodonta africana","Etosha1","Etosha1","African elephant - Namibia (Kilian)"
20661288142,true,2013-07-08 21:35:00.000,16.64685,-18.9407,"Halali-Agab",-9999.0,"gps","Loxodonta africana","Etosha1","Etosha1","African elephant - Namibia (Kilian)"
20661288159,true,2013-07-08 22:05:00.000,16.64628,-18.94062,"Halali-Agab",-9999.0,"gps","Loxodonta africana","Etosha1","Etosha1","African elephant - Namibia (Kilian)"
20661288173,true,2013-07-08 22:36:00.000,16.6451,-18.94122,"Halali-Agab",-9999.0,"gps","Loxodonta africana","Etosha1","Etosha1","African elephant - Namibia (Kilian)"
20661288188,true,2013-07-08 23:05:00.000,16.64507,-18.94155,"Halali-Agab",-9999.0,"gps","Loxodonta africana","Etosha1","Etosha1","African elephant - Namibia (Kilian)"
20661288202,true,2013-07-08 23:35:00.000,16.64297,-18.94193,"Halali-Agab",-9999.0,"gps","Loxodonta africana","Etosha1","Etosha1","African elephant - Namibia (Kilian)"
20661288220,true,2013-07-09 00:05:00.000,16.64252,-18.94222,"Halali-Agab",-9999.0,"gps","Loxodonta africana","Etosha1","Etosha1","African elephant - Namibia (Kilian)"
20661288233,true,2013-07-09 00:35:00.000,16.64195,-18.94258,"Halali-Agab",-9999.0,"gps","Loxodonta africana","Etosha1","Etosha1","African elephant - Namibia (Kilian)"
20661288251,true,2013-07-09 01:05:00.000,16.64177,-18.94352,"Halali-Agab",-9999.0,"gps","Loxodonta africana","Etosha1","Etosha1","African elephant - Namibia (Kilian)"
20661288263,true,2013-07-09 01:35:00.000,16.64212,-18.94458,"Halali-Agab",-9999.0,"gps","Loxodonta africana","Etosha1","Etosha1","African elephant - Namibia (Kilian)"
20661288281,true,2013-07-09 02:05:00.000,16.64292,-18.9469,"Halali-Agab",-9999.0,"gps","Loxodonta africana","Etosha1","Etosha1","African elephant - Namibia (Kilian)"
20661288293,true,2013-07-09 02:35:00.000,16.64473,-18.94868,"Halali-Agab",-9999.0,"gps","Loxodonta africana","Etosha1","Etosha1","African elephant - Namibia (Kilian)"
20661288311,true,2013-07-09 03:06:00.000,16.64688,-18.9506,"Halali-Agab",-9999.0,"gps","Loxodonta africana","Etosha1","Etosha1","African elephant - Namibia (Kilian)"
20661288325,true,2013-07-09 03:37:00.000,16.6482,-18.95055,"Halali-Agab",-9999.0,"gps","Loxodonta africana","Etosha1","Etosha1","African elephant - Namibia (Kilian)"
20661288340,true,2013-07-09 04:06:00.000,16.64825,-18.95055,"Halali-Agab",-9999.0,"gps","Loxodonta africana","Etosha1","Etosha1","African elephant - Namibia (Kilian)"
20661288381,true,2013-07-09 05:36:00.000,16.64828,-18.95048,"Halali-Agab",-9999.0,"gps","Loxodonta africana","Etosha1","Etosha1","African elephant - Namibia (Kilian)"
20661288398,true,2013-07-09 06:05:00.000,16.64838,-18.95063,"Halali-Agab",-9999.0,"gps","Loxodonta africana","Etosha1","Etosha1","African elephant - Namibia (Kilian)"
20661288410,true,2013-07-09 06:35:00.000,16.64832,-18.95133,"Halali-Agab",-9999.0,"gps","Loxodonta africana","Etosha1","Etosha1","African elephant - Namibia (Kilian)"
20661288425,true,2013-07-09 07:05:00.000,16.6444,-18.95372,"Halali-Agab",-9999.0,"gps","Loxodonta africana","Etosha1","Etosha1","African elephant - Namibia (Kilian)"
20661288440,true,2013-07-09 07:35:00.000,16.64045,-18.95542,"Halali-Agab",-9999.0,"gps","Loxodonta africana","Etosha1","Etosha1","African elephant - Namibia (Kilian)"
20661288456,true,2013-07-09 08:05:00.000,16.63875,-18.95595,"Halali-Agab",-9999.0,"gps","Loxodonta africana","Etosha1","Etosha1","African elephant - Namibia (Kilian)"
20661288469,true,2013-07-09 08:35:00.000,16.63813,-18.95637,"Halali-Agab",-9999.0,"gps","Loxodonta africana","Etosha1","Etosha1","African elephant - Namibia (Kilian)"
20661288487,true,2013-07-09 09:05:00.000,16.63797,-18.95655,"Halali-Agab",-9999.0,"gps","Loxodonta africana","Etosha1","Etosha1","African elephant - Namibia (Kilian)"
20661288499,true,2013-07-09 09:35:00.000,16.638,-18.95772,"Halali-Agab",-9999.0,"gps","Loxodonta africana","Etosha1","Etosha1","African elephant - Namibia (Kilian)"
20661288516,true,2013-07-09 10:05:00.000,16.6393,-18.95932,"Halali-Agab",-9999.0,"gps","Loxodonta africana","Etosha1","Etosha1","African elephant - Namibia (Kilian)"
20661288529,true,2013-07-09 10:35:00.000,16.64007,-18.9619,"Halali-Agab",-9999.0,"gps","Loxodonta africana","Etosha1","Etosha1","African elephant - Namibia (Kilian)"
20661288546,true,2013-07-09 11:06:00.000,16.64247,-18.96422,"Halali-Agab",-9999.0,"gps","Loxodonta africana","Etosha1","Etosha1","African elephant - Namibia (Kilian)"
20661288559,true,2013-07-09 11:36:00.000,16.64343,-18.96582,"Halali-Agab",-9999.0,"gps","Loxodonta africana","Etosha1","Etosha1","African elephant - Namibia (Kilian)"
20661288574,true,2013-07-09 12:05:00.000,16.64343,-18.96572,"Halali-Agab",-9999.0,"gps","Loxodonta africana","Etosha1","Etosha1","African elephant - Namibia (Kilian)"
20661288586,true,2013-07-09 12:36:00.000,16.64338,-18.96573,"Halali-Agab",-9999.0,"gps","Loxodonta africana","Etosha1","Etosha1","African elephant - Namibia (Kilian)"
20661288602,true,2013-07-09 13:05:00.000,16.64622,-18.9682,"Halali-Agab",-9999.0,"gps","Loxodonta africana","Etosha1","Etosha1","African elephant - Namibia (Kilian)"
20661288614,true,2013-07-09 13:35:00.000,16.65438,-18.973,"Halali-Agab",-9999.0,"gps","Loxodonta africana","Etosha1","Etosha1","African elephant - Namibia (Kilian)"
20661288631,true,2013-07-09 14:06:00.000,16.66103,-18.96937,"Halali-Agab",-9999.0,"gps","Loxodonta africana","Etosha1","Etosha1","African elephant - Namibia (Kilian)"
20661288644,true,2013-07-09 14:36:00.000,16.66532,-18.95957,"Halali-Agab",-9999.0,"gps","Loxodonta africana","Etosha1","Etosha1","African elephant - Namibia (Kilian)"
20661288661,true,2013-07-09 15:05:00.000,16.6644,-18.95502,"Halali-Agab",-9999.0,"gps","Loxodonta africana","Etosha1","Etosha1","African elephant - Namibia (Kilian)"
20661288675,true,2013-07-09 15:35:00.000,16.66293,-18.9524,"Halali-Agab",-9999.0,"gps","Loxodonta africana","Etosha1","Etosha1","African elephant - Namibia (Kilian)"
20661288691,true,2013-07-09 16:06:00.000,16.66425,-18.94747,"Halali-Agab",-9999.0,"gps","Loxodonta africana","Etosha1","Etosha1","African elephant - Namibia (Kilian)"
20661288703,true,2013-07-09 16:35:00.000,16.664,-18.94652,"Halali-Agab",-9999.0,"gps","Loxodonta africana","Etosha1","Etosha1","African elephant - Namibia (Kilian)"
20661288720,true,2013-07-09 17:05:00.000,16.66363,-18.94472,"Halali-Agab",-9999.0,"gps","Loxodonta africana","Etosha1","Etosha1","African elephant - Namibia (Kilian)"
20661288732,true,2013-07-09 17:35:00.000,16.66323,-18.94403,"Halali-Agab",-9999.0,"gps","Loxodonta africana","Etosha1","Etosha1","African elephant - Namibia (Kilian)"
20661288748,true,2013-07-09 18:05:00.000,16.66295,-18.94388,"Halali-Agab",-9999.0,"gps","Loxodonta africana","Etosha1","Etosha1","African elephant - Namibia (Kilian)"
20661288761,true,2013-07-09 18:36:00.000,16.66298,-18.94407,"Halali-Agab",-9999.0,"gps","Loxodonta africana","Etosha1","Etosha1","African elephant - Namibia (Kilian)"
20661288778,true,2013-07-09 19:05:00.000,16.66245,-18.9442,"Halali-Agab",-9999.0,"gps","Loxodonta africana","Etosha1","Etosha1","African elephant - Namibia (Kilian)"
20661288792,true,2013-07-09 19:36:00.000,16.66202,-18.9442,"Halali-Agab",-9999.0,"gps","Loxodonta africana","Etosha1","Etosha1","African elephant - Namibia (Kilian)"
20661288809,true,2013-07-09 20:05:00.000,16.66157,-18.94372,"Halali-Agab",-9999.0,"gps","Loxodonta africana","Etosha1","Etosha1","African elephant - Namibia (Kilian)"
20661288820,true,2013-07-09 20:35:00.000,16.66198,-18.94257,"Halali-Agab",-9999.0,"gps","Loxodonta africana","Etosha1","Etosha1","African elephant - Namibia (Kilian)"
20661288838,true,2013-07-09 21:05:00.000,16.66212,-18.94177,"Halali-Agab",-9999.0,"gps","Loxodonta africana","Etosha1","Etosha1","African elephant - Namibia (Kilian)"
20661288851,true,2013-07-09 21:35:00.000,16.6618,-18.9409,"Halali-Agab",-9999.0,"gps","Loxodonta africana","Etosha1","Etosha1","African elephant - Namibia (Kilian)"
20661288868,true,2013-07-09 22:06:00.000,16.66162,-18.94025,"Halali-Agab",-9999.0,"gps","Loxodonta africana","Etosha1","Etosha1","African elephant - Namibia (Kilian)"
20661288880,true,2013-07-09 22:36:00.000,16.6611,-18.94003,"Halali-Agab",-9999.0,"gps","Loxodonta africana","Etosha1","Etosha1","African elephant - Namibia (Kilian)"
20661288897,true,2013-07-09 23:05:00.000,16.66057,-18.94017,"Halali-Agab",-9999.0,"gps","Loxodonta africana","Etosha1","Etosha1","African elephant - Namibia (Kilian)"
20661288911,true,2013-07-09 23:35:00.000,16.6599,-18.94128,"Halali-Agab",-9999.0,"gps","Loxodonta africana","Etosha1","Etosha1","African elephant - Namibia (Kilian)"
20661288928,true,2013-07-10 00:06:00.000,16.65937,-18.9435,"Halali-Agab",-9999.0,"gps","Loxodonta africana","Etosha1","Etosha1","African elephant - Namibia (Kilian)"
20661288941,true,2013-07-10 00:35:00.000,16.65935,-18.94387,"Halali-Agab",-9999.0,"gps","Loxodonta africana","Etosha1","Etosha1","African elephant - Namibia (Kilian)"
20661288958,true,2013-07-10 01:05:00.000,16.65972,-18.94457,"Halali-Agab",-9999.0,"gps","Loxodonta africana","Etosha1","Etosha1","African elephant - Namibia (Kilian)"
20661288970,true,2013-07-10 01:35:00.000,16.6599,-18.94557,"Halali-Agab",-9999.0,"gps","Loxodonta africana","Etosha1","Etosha1","African elephant - Namibia (Kilian)"
20661288987,true,2013-07-10 02:05:00.000,16.66015,-18.94612,"Halali-Agab",-9999.0,"gps","Loxodonta africana","Etosha1","Etosha1","African elephant - Namibia (Kilian)"
20661288999,true,2013-07-10 02:35:00.000,16.66023,-18.94633,"Halali-Agab",-9999.0,"gps","Loxodonta africana","Etosha1","Etosha1","African elephant - Namibia (Kilian)"
20661289016,true,2013-07-10 03:05:00.000,16.66093,-18.9462,"Halali-Agab",-9999.0,"gps","Loxodonta africana","Etosha1","Etosha1","African elephant - Namibia (Kilian)"
20661289029,true,2013-07-10 03:35:00.000,16.66098,-18.94608,"Halali-Agab",-9999.0,"gps","Loxodonta africana","Etosha1","Etosha1","African elephant - Namibia (Kilian)"
20661289045,true,2013-07-10 04:05:00.000,16.66098,-18.94612,"Halali-Agab",-9999.0,"gps","Loxodonta africana","Etosha1","Etosha1","African elephant - Namibia (Kilian)"
20661289058,true,2013-07-10 04:35:00.000,16.66097,-18.9461,"Halali-Agab",-9999.0,"gps","Loxodonta africana","Etosha1","Etosha1","African elephant - Namibia (Kilian)"
20661289076,true,2013-07-10 05:06:00.000,16.66108,-18.94593,"Halali-Agab",-9999.0,"gps","Loxodonta africana","Etosha1","Etosha1","African elephant - Namibia (Kilian)"
20661289087,true,2013-07-10 05:35:00.000,16.66095,-18.94623,"Halali-Agab",-9999.0,"gps","Loxodonta africana","Etosha1","Etosha1","African elephant - Namibia (Kilian)"
20661289103,true,2013-07-10 06:05:00.000,16.66127,-18.94627,"Halali-Agab",-9999.0,"gps","Loxodonta africana","Etosha1","Etosha1","African elephant - Namibia (Kilian)"
20661289121,true,2013-07-10 06:46:00.000,16.66202,-18.94557,"Halali-Agab",-9999.0,"gps","Loxodonta africana","Etosha1","Etosha1","African elephant - Namibia (Kilian)"
20661289133,true,2013-07-10 07:15:00.000,16.6613,-18.94585,"Halali-Agab",-9999.0,"gps","Loxodonta africana","Etosha1","Etosha1","African elephant - Namibia (Kilian)"
20661289152,true,2013-07-10 07:45:00.000,16.65938,-18.94603,"Halali-Agab",-9999.0,"gps","Loxodonta africana","Etosha1","Etosha1","African elephant - Namibia (Kilian)"
20661289164,true,2013-07-10 08:15:00.000,16.6587,-18.94662,"Halali-Agab",-9999.0,"gps","Loxodonta africana","Etosha1","Etosha1","African elephant - Namibia (Kilian)"
20661289183,true,2013-07-10 08:45:00.000,16.65762,-18.94647,"Halali-Agab",-9999.0,"gps","Loxodonta africana","Etosha1","Etosha1","African elephant - Namibia (Kilian)"
20661289195,true,2013-07-10 09:17:00.000,16.65748,-18.94632,"Halali-Agab",-9999.0,"gps","Loxodonta africana","Etosha1","Etosha1","African elephant - Namibia (Kilian)"
20661289212,true,2013-07-10 09:45:00.000,16.65752,-18.94605,"Halali-Agab",-9999.0,"gps","Loxodonta africana","Etosha1","Etosha1","African elephant - Namibia (Kilian)"
20661289224,true,2013-07-10 10:15:00.000,16.658,-18.94543,"Halali-Agab",-9999.0,"gps","Loxodonta africana","Etosha1","Etosha1","African elephant - Namibia (Kilian)"
20661289242,true,2013-07-10 10:45:00.000,16.65793,-18.94547,"Halali-Agab",-9999.0,"gps","Loxodonta africana","Etosha1","Etosha1","African elephant - Namibia (Kilian)"
20661289254,true,2013-07-10 11:16:00.000,16.65835,-18.9457,"Halali-Agab",-9999.0,"gps","Loxodonta africana","Etosha1","Etosha1","African elephant - Namibia (Kilian)"
20661289273,true,2013-07-10 11:45:00.000,16.65892,-18.94525,"Halali-Agab",-9999.0,"gps","Loxodonta africana","Etosha1","Etosha1","African elephant - Namibia (Kilian)"
20661289301,true,2013-07-10 12:45:00.000,16.65945,-18.94437,"Halali-Agab",-9999.0,"gps","Loxodonta africana","Etosha1","Etosha1","African elephant - Namibia (Kilian)"
20661289313,true,2013-07-10 13:15:00.000,16.6595,-18.94437,"Halali-Agab",-9999.0,"gps","Loxodonta africana","Etosha1","Etosha1","African elephant - Namibia (Kilian)"
20661289331,true,2013-07-10 13:45:00.000,16.6595,-18.94435,"Halali-Agab",-9999.0,"gps","Loxodonta africana","Etosha1","Etosha1","African elephant - Namibia (Kilian)"
20661289343,true,2013-07-10 14:15:00.000,16.6606,-18.94217,"Halali-Agab",-9999.0,"gps","Loxodonta africana","Etosha1","Etosha1","African elephant - Namibia (Kilian)"
20661289361,true,2013-07-10 14:45:00.000,16.66342,-18.94277,"Halali-Agab",-9999.0,"gps","Loxodonta africana","Etosha1","Etosha1","African elephant - Namibia (Kilian)"
20661289373,true,2013-07-10 15:15:00.000,16.66778,-18.94328,"Halali-Agab",-9999.0,"gps","Loxodonta africana","Etosha1","Etosha1","African elephant - Namibia (Kilian)"
20661289391,true,2013-07-10 15:46:00.000,16.67275,-18.94655,"Halali-Agab",-9999.0,"gps","Loxodonta africana","Etosha1","Etosha1","African elephant - Namibia (Kilian)"
20661289403,true,2013-07-10 16:15:00.000,16.67132,-18.9481,"Halali-Agab",-9999.0,"gps","Loxodonta africana","Etosha1","Etosha1","African elephant - Namibia (Kilian)"
20661289423,true,2013-07-10 16:45:00.000,16.67062,-18.94843,"Halali-Agab",-9999.0,"gps","Loxodonta africana","Etosha1","Etosha1","African elephant - Namibia (Kilian)"
20661289435,true,2013-07-10 17:15:00.000,16.66897,-18.95038,"Halali-Agab",-9999.0,"gps","Loxodonta africana","Etosha1","Etosha1","African elephant - Namibia (Kilian)"
20661289453,true,2013-07-10 17:45:00.000,16.66508,-18.9554,"Halali-Agab",-9999.0,"gps","Loxodonta africana","Etosha1","Etosha1","African elephant - Namibia (Kilian)"
20661289465,true,2013-07-10 18:15:00.000,16.66355,-18.95728,"Halali-Agab",-9999.0,"gps","Loxodonta africana","Etosha1","Etosha1","African elephant - Namibia (Kilian)"
20661289483,true,2013-07-10 18:47:00.000,16.6613,-18.95987,"Halali-Agab",-9999.0,"gps","Loxodonta africana","Etosha1","Etosha1","African elephant - Namibia (Kilian)"
20661289495,true,2013-07-10 19:15:00.000,16.66098,-18.96178,"Halali-Agab",-9999.0,"gps","Loxodonta africana","Etosha1","Etosha1","African elephant - Namibia (Kilian)"
20661289514,true,2013-07-10 19:45:00.000,16.6587,-18.96728,"Halali-Agab",-9999.0,"gps","Loxodonta africana","Etosha1","Etosha1","African elephant - Namibia (Kilian)"
20661289526,true,2013-07-10 20:15:00.000,16.65573,-18.97483,"Halali-Agab",-9999.0,"gps","Loxodonta africana","Etosha1","Etosha1","African elephant - Namibia (Kilian)"
20661289545,true,2013-07-10 20:45:00.000,16.6575,-18.97398,"Halali-Agab",-9999.0,"gps","Loxodonta africana","Etosha1","Etosha1","African elephant - Namibia (Kilian)"
20661289557,true,2013-07-10 21:15:00.000,16.65583,-18.96793,"Halali-Agab",-9999.0,"gps","Loxodonta africana","Etosha1","Etosha1","African elephant - Namibia (Kilian)"
20661289575,true,2013-07-10 21:45:00.000,16.65592,-18.96238,"Halali-Agab",-9999.0,"gps","Loxodonta africana","Etosha1","Etosha1","African elephant - Namibia (Kilian)"
20661289588,true,2013-07-10 22:15:00.000,16.6568,-18.96007,"Halali-Agab",-9999.0,"gps","Loxodonta africana","Etosha1","Etosha1","African elephant - Namibia (Kilian)"
20661289605,true,2013-07-10 22:45:00.000,16.6577,-18.95532,"Halali-Agab",-9999.0,"gps","Loxodonta africana","Etosha1","Etosha1","African elephant - Namibia (Kilian)"
20661289617,true,2013-07-10 23:15:00.000,16.65868,-18.9529,"Halali-Agab",-9999.0,"gps","Loxodonta africana","Etosha1","Etosha1","African elephant - Namibia (Kilian)"
20661289636,true,2013-07-10 23:45:00.000,16.66078,-18.95065,"Halali-Agab",-9999.0,"gps","Loxodonta africana","Etosha1","Etosha1","African elephant - Namibia (Kilian)"
20661289648,true,2013-07-11 00:15:00.000,16.66168,-18.94922,"Halali-Agab",-9999.0,"gps","Loxodonta africana","Etosha1","Etosha1","African elephant - Namibia (Kilian)"
20661289667,true,2013-07-11 00:45:00.000,16.66248,-18.94788,"Halali-Agab",-9999.0,"gps","Loxodonta africana","Etosha1","Etosha1","African elephant - Namibia (Kilian)"
20661289679,true,2013-07-11 01:15:00.000,16.6633,-18.94698,"Halali-Agab",-9999.0,"gps","Loxodonta africana","Etosha1","Etosha1","African elephant - Namibia (Kilian)"
20661289697,true,2013-07-11 01:46:00.000,16.66392,-18.94645,"Halali-Agab",-9999.0,"gps","Loxodonta africana","Etosha1","Etosha1","African elephant - Namibia (Kilian)"
20661289709,true,2013-07-11 02:15:00.000,16.66393,-18.94717,"Halali-Agab",-9999.0,"gps","Loxodonta africana","Etosha1","Etosha1","African elephant - Namibia (Kilian)"
20661289728,true,2013-07-11 02:45:00.000,16.66362,-18.94787,"Halali-Agab",-9999.0,"gps","Loxodonta africana","Etosha1","Etosha1","African elephant - Namibia (Kilian)"
20661289739,true,2013-07-11 03:16:00.000,16.66332,-18.9482,"Halali-Agab",-9999.0,"gps","Loxodonta africana","Etosha1","Etosha1","African elephant - Namibia (Kilian)"
20661289757,true,2013-07-11 03:45:00.000,16.66353,-18.9481,"Halali-Agab",-9999.0,"gps","Loxodonta africana","Etosha1","Etosha1","African elephant - Namibia (Kilian)"
20661289776,true,2013-07-11 04:35:00.000,16.66315,-18.95135,"Halali-Agab",-9999.0,"gps","Loxodonta africana","Etosha1","Etosha1","African elephant - Namibia (Kilian)"
20661289794,true,2013-07-11 05:03:00.000,16.6633,-18.94815,"Halali-Agab",-9999.0,"gps","Loxodonta africana","Etosha1","Etosha1","African elephant - Namibia (Kilian)"
20661289804,true,2013-07-11 05:34:00.000,16.6633,-18.94822,"Halali-Agab",-9999.0,"gps","Loxodonta africana","Etosha1","Etosha1","African elephant - Namibia (Kilian)"
20661289820,true,2013-07-11 06:02:00.000,16.6634,-18.9481,"Halali-Agab",-9999.0,"gps","Loxodonta africana","Etosha1","Etosha1","African elephant - Namibia (Kilian)"
20661289842,true,2013-07-11 06:55:00.000,16.66468,-18.94723,"Halali-Agab",-9999.0,"gps","Loxodonta africana","Etosha1","Etosha1","African elephant - Namibia (Kilian)"
20661289860,true,2013-07-11 07:24:00.000,16.66527,-18.94583,"Halali-Agab",-9999.0,"gps","Loxodonta africana","Etosha1","Etosha1","African elephant - Namibia (Kilian)"
20661289872,true,2013-07-11 07:53:00.000,16.66515,-18.94385,"Halali-Agab",-9999.0,"gps","Loxodonta africana","Etosha1","Etosha1","African elephant - Namibia (Kilian)"
20661289889,true,2013-07-11 08:23:00.000,16.66358,-18.9418,"Halali-Agab",-9999.0,"gps","Loxodonta africana","Etosha1","Etosha1","African elephant - Namibia (Kilian)"
20661289903,true,2013-07-11 08:53:00.000,16.66285,-18.9413,"Halali-Agab",-9999.0,"gps","Loxodonta africana","Etosha1","Etosha1","African elephant - Namibia (Kilian)"
20661289922,true,2013-07-11 09:25:00.000,16.66212,-18.94055,"Halali-Agab",-9999.0,"gps","Loxodonta africana","Etosha1","Etosha1","African elephant - Namibia (Kilian)"
20661289933,true,2013-07-11 09:53:00.000,16.66082,-18.93985,"Halali-Agab",-9999.0,"gps","Loxodonta africana","Etosha1","Etosha1","African elephant - Namibia (Kilian)"
20661289951,true,2013-07-11 10:24:00.000,16.6597,-18.93883,"Halali-Agab",-9999.0,"gps","Loxodonta africana","Etosha1","Etosha1","African elephant - Namibia (Kilian)"
20661289962,true,2013-07-11 10:55:00.000,16.65902,-18.93907,"Halali-Agab",-9999.0,"gps","Loxodonta africana","Etosha1","Etosha1","African elephant - Namibia (Kilian)"
20661289978,true,2013-07-11 11:23:00.000,16.65893,-18.93897,"Halali-Agab",-9999.0,"gps","Loxodonta africana","Etosha1","Etosha1","African elephant - Namibia (Kilian)"
20661289991,true,2013-07-11 11:53:00.000,16.65857,-18.93883,"Halali-Agab",-9999.0,"gps","Loxodonta africana","Etosha1","Etosha1","African elephant - Namibia (Kilian)"
20661290007,true,2013-07-11 12:23:00.000,16.65802,-18.93837,"Halali-Agab",-9999.0,"gps","Loxodonta africana","Etosha1","Etosha1","African elephant - Namibia (Kilian)"
20661290020,true,2013-07-11 12:54:00.000,16.65762,-18.93825,"Halali-Agab",-9999.0,"gps","Loxodonta africana","Etosha1","Etosha1","African elephant - Namibia (Kilian)"
20661290037,true,2013-07-11 13:24:00.000,16.65762,-18.93833,"Halali-Agab",-9999.0,"gps","Loxodonta africana","Etosha1","Etosha1","African elephant - Namibia (Kilian)"
20661290047,true,2013-07-11 13:53:00.000,16.6571,-18.93797,"Halali-Agab",-9999.0,"gps","Loxodonta africana","Etosha1","Etosha1","African elephant - Namibia (Kilian)"
20661290065,true,2013-07-11 14:24:00.000,16.65693,-18.9381,"Halali-Agab",-9999.0,"gps","Loxodonta africana","Etosha1","Etosha1","African elephant - Namibia (Kilian)"
20661290076,true,2013-07-11 14:53:00.000,16.6566,-18.93887,"Halali-Agab",-9999.0,"gps","Loxodonta africana","Etosha1","Etosha1","African elephant - Namibia (Kilian)"
20661290093,true,2013-07-11 15:23:00.000,16.6556,-18.93977,"Halali-Agab",-9999.0,"gps","Loxodonta africana","Etosha1","Etosha1","African elephant - Namibia (Kilian)"
20661290107,true,2013-07-11 15:54:00.000,16.65558,-18.94108,"Halali-Agab",-9999.0,"gps","Loxodonta africana","Etosha1","Etosha1","African elephant - Namibia (Kilian)"
20661290125,true,2013-07-11 16:24:00.000,16.65863,-18.94473,"Halali-Agab",-9999.0,"gps","Loxodonta africana","Etosha1","Etosha1","African elephant - Namibia (Kilian)"
20661290137,true,2013-07-11 16:54:00.000,16.65565,-18.94893,"Halali-Agab",-9999.0,"gps","Loxodonta africana","Etosha1","Etosha1","African elephant - Namibia (Kilian)"
20661290153,true,2013-07-11 17:23:00.000,16.65442,-18.95052,"Halali-Agab",-9999.0,"gps","Loxodonta africana","Etosha1","Etosha1","African elephant - Namibia (Kilian)"
20661290176,true,2013-07-11 18:12:00.000,16.64995,-18.95738,"Halali-Agab",-9999.0,"gps","Loxodonta africana","Etosha1","Etosha1","African elephant - Namibia (Kilian)"
20661290194,true,2013-07-11 18:41:00.000,16.65415,-18.96807,"Halali-Agab",-9999.0,"gps","Loxodonta africana","Etosha1","Etosha1","African elephant - Namibia (Kilian)"
20661290206,true,2013-07-11 19:10:00.000,16.65563,-18.97463,"Halali-Agab",-9999.0,"gps","Loxodonta africana","Etosha1","Etosha1","African elephant - Namibia (Kilian)"
20661290223,true,2013-07-11 19:40:00.000,16.65458,-18.97457,"Halali-Agab",-9999.0,"gps","Loxodonta africana","Etosha1","Etosha1","African elephant - Namibia (Kilian)"
20661290237,true,2013-07-11 20:10:00.000,16.64563,-18.9754,"Halali-Agab",-9999.0,"gps","Loxodonta africana","Etosha1","Etosha1","African elephant - Namibia (Kilian)"
20661290249,true,2013-07-11 20:39:00.000,16.64172,-18.97507,"Halali-Agab",-9999.0,"gps","Loxodonta africana","Etosha1","Etosha1","African elephant - Namibia (Kilian)"
20661290266,true,2013-07-11 21:10:00.000,16.63867,-18.9753,"Halali-Agab",-9999.0,"gps","Loxodonta africana","Etosha1","Etosha1","African elephant - Namibia (Kilian)"
20661290279,true,2013-07-11 21:39:00.000,16.63447,-18.97342,"Halali-Agab",-9999.0,"gps","Loxodonta africana","Etosha1","Etosha1","African elephant - Namibia (Kilian)"
20661290296,true,2013-07-11 22:10:00.000,16.63018,-18.96818,"Halali-Agab",-9999.0,"gps","Loxodonta africana","Etosha1","Etosha1","African elephant - Namibia (Kilian)"
20661290309,true,2013-07-11 22:39:00.000,16.62905,-18.96575,"Halali-Agab",-9999.0,"gps","Loxodonta africana","Etosha1","Etosha1","African elephant - Namibia (Kilian)"
20661290327,true,2013-07-11 23:09:00.000,16.62698,-18.9622,"Halali-Agab",-9999.0,"gps","Loxodonta africana","Etosha1","Etosha1","African elephant - Namibia (Kilian)"
20661290341,true,2013-07-11 23:39:00.000,16.62853,-18.96095,"Halali-Agab",-9999.0,"gps","Loxodonta africana","Etosha1","Etosha1","African elephant - Namibia (Kilian)"
20661290358,true,2013-07-12 00:10:00.000,16.62862,-18.96103,"Halali-Agab",-9999.0,"gps","Loxodonta africana","Etosha1","Etosha1","African elephant - Namibia (Kilian)"
20661290371,true,2013-07-12 00:39:00.000,16.62835,-18.95887,"Halali-Agab",-9999.0,"gps","Loxodonta africana","Etosha1","Etosha1","African elephant - Namibia (Kilian)"
20661290387,true,2013-07-12 01:11:00.000,16.62803,-18.95813,"Halali-Agab",-9999.0,"gps","Loxodonta africana","Etosha1","Etosha1","African elephant - Namibia (Kilian)"
20661290403,true,2013-07-12 01:40:00.000,16.62793,-18.95743,"Halali-Agab",-9999.0,"gps","Loxodonta africana","Etosha1","Etosha1","African elephant - Namibia (Kilian)"
20661290417,true,2013-07-12 02:10:00.000,16.62825,-18.95748,"Halali-Agab",-9999.0,"gps","Loxodonta africana","Etosha1","Etosha1","African elephant - Namibia (Kilian)"
20661290433,true,2013-07-12 02:40:00.000,16.6272,-18.95763,"Halali-Agab",-9999.0,"gps","Loxodonta africana","Etosha1","Etosha1","African elephant - Namibia (Kilian)"
20661290448,true,2013-07-12 03:09:00.000,16.62595,-18.95762,"Halali-Agab",-9999.0,"gps","Loxodonta africana","Etosha1","Etosha1","African elephant - Namibia (Kilian)"
20661290461,true,2013-07-12 03:39:00.000,16.62553,-18.9578,"Halali-Agab",-9999.0,"gps","Loxodonta africana","Etosha1","Etosha1","African elephant - Namibia (Kilian)"
20661290478,true,2013-07-12 04:09:00.000,16.62443,-18.95743,"Halali-Agab",-9999.0,"gps","Loxodonta africana","Etosha1","Etosha1","African elephant - Namibia (Kilian)"
20661290521,true,2013-07-12 05:43:00.000,16.62005,-18.95802,"Halali-Agab",-9999.0,"gps","Loxodonta africana","Etosha1","Etosha1","African elephant - Namibia (Kilian)"
20661290533,true,2013-07-12 06:11:00.000,16.6201,-18.95808,"Halali-Agab",-9999.0,"gps","Loxodonta africana","Etosha1","Etosha1","African elephant - Namibia (Kilian)"
20661290551,true,2013-07-12 06:41:00.000,16.61975,-18.95805,"Halali-Agab",-9999.0,"gps","Loxodonta africana","Etosha1","Etosha1","African elephant - Namibia (Kilian)"
20661290563,true,2013-07-12 07:11:00.000,16.61893,-18.95715,"Halali-Agab",-9999.0,"gps","Loxodonta africana","Etosha1","Etosha1","African elephant - Namibia (Kilian)"
20661290580,true,2013-07-12 07:41:00.000,16.61698,-18.95627,"Halali-Agab",-9999.0,"gps","Loxodonta africana","Etosha1","Etosha1","African elephant - Namibia (Kilian)"
20661290589,true,2013-07-12 08:11:00.000,16.61625,-18.95513,"Halali-Agab",-9999.0,"gps","Loxodonta africana","Etosha1","Etosha1","African elephant - Namibia (Kilian)"
20661290606,true,2013-07-12 08:42:00.000,16.6128,-18.95077,"Halali-Agab",-9999.0,"gps","Loxodonta africana","Etosha1","Etosha1","African elephant - Namibia (Kilian)"
20661290617,true,2013-07-12 09:12:00.000,16.60877,-18.94543,"Halali-Agab",-9999.0,"gps","Loxodonta africana","Etosha1","Etosha1","African elephant - Namibia (Kilian)"
20661290635,true,2013-07-12 09:41:00.000,16.60785,-18.94417,"Halali-Agab",-9999.0,"gps","Loxodonta africana","Etosha1","Etosha1","African elephant - Namibia (Kilian)"
20661290646,true,2013-07-12 10:11:00.000,16.60683,-18.9436,"Halali-Agab",-9999.0,"gps","Loxodonta africana","Etosha1","Etosha1","African elephant - Namibia (Kilian)"
20661290664,true,2013-07-12 10:41:00.000,16.60675,-18.94362,"Halali-Agab",-9999.0,"gps","Loxodonta africana","Etosha1","Etosha1","African elephant - Namibia (Kilian)"
20661290677,true,2013-07-12 11:11:00.000,16.60697,-18.94363,"Halali-Agab",-9999.0,"gps","Loxodonta africana","Etosha1","Etosha1","African elephant - Namibia (Kilian)"
20661290696,true,2013-07-12 11:42:00.000,16.60703,-18.94372,"Halali-Agab",-9999.0,"gps","Loxodonta africana","Etosha1","Etosha1","African elephant - Namibia (Kilian)"
20661290706,true,2013-07-12 12:11:00.000,16.60627,-18.94373,"Halali-Agab",-9999.0,"gps","Loxodonta africana","Etosha1","Etosha1","African elephant - Namibia (Kilian)"
20661290722,true,2013-07-12 12:43:00.000,16.60652,-18.94382,"Halali-Agab",-9999.0,"gps","Loxodonta africana","Etosha1","Etosha1","African elephant - Namibia (Kilian)"
20661290732,true,2013-07-12 13:12:00.000,16.60757,-18.94445,"Halali-Agab",-9999.0,"gps","Loxodonta africana","Etosha1","Etosha1","African elephant - Namibia (Kilian)"
20661290749,true,2013-07-12 13:42:00.000,16.6082,-18.94487,"Halali-Agab",-9999.0,"gps","Loxodonta africana","Etosha1","Etosha1","African elephant - Namibia (Kilian)"
20661290760,true,2013-07-12 14:11:00.000,16.60782,-18.94488,"Halali-Agab",-9999.0,"gps","Loxodonta africana","Etosha1","Etosha1","African elephant - Namibia (Kilian)"
20661290778,true,2013-07-12 14:41:00.000,16.60847,-18.94468,"Halali-Agab",-9999.0,"gps","Loxodonta africana","Etosha1","Etosha1","African elephant - Namibia (Kilian)"
20661290791,true,2013-07-12 15:11:00.000,16.61023,-18.94548,"Halali-Agab",-9999.0,"gps","Loxodonta africana","Etosha1","Etosha1","African elephant - Namibia (Kilian)"
20661290809,true,2013-07-12 15:41:00.000,16.6125,-18.94687,"Halali-Agab",-9999.0,"gps","Loxodonta africana","Etosha1","Etosha1","African elephant - Namibia (Kilian)"
20661290821,true,2013-07-12 16:11:00.000,16.61295,-18.94803,"Halali-Agab",-9999.0,"gps","Loxodonta africana","Etosha1","Etosha1","African elephant - Namibia (Kilian)"
20661290838,true,2013-07-12 16:41:00.000,16.61317,-18.94948,"Halali-Agab",-9999.0,"gps","Loxodonta africana","Etosha1","Etosha1","African elephant - Namibia (Kilian)"
20661290849,true,2013-07-12 17:11:00.000,16.61402,-18.95082,"Halali-Agab",-9999.0,"gps","Loxodonta africana","Etosha1","Etosha1","African elephant - Namibia (Kilian)"
20661290867,true,2013-07-12 17:41:00.000,16.61582,-18.95207,"Halali-Agab",-9999.0,"gps","Loxodonta africana","Etosha1","Etosha1","African elephant - Namibia (Kilian)"
20661290879,true,2013-07-12 18:11:00.000,16.615,-18.95262,"Halali-Agab",-9999.0,"gps","Loxodonta africana","Etosha1","Etosha1","African elephant - Namibia (Kilian)"
20661290897,true,2013-07-12 18:41:00.000,16.61383,-18.95307,"Halali-Agab",-9999.0,"gps","Loxodonta africana","Etosha1","Etosha1","African elephant - Namibia (Kilian)"
20661290908,true,2013-07-12 19:11:00.000,16.61073,-18.95422,"Halali-Agab",-9999.0,"gps","Loxodonta africana","Etosha1","Etosha1","African elephant - Namibia (Kilian)"
20661290925,true,2013-07-12 19:41:00.000,16.60803,-18.95305,"Halali-Agab",-9999.0,"gps","Loxodonta africana","Etosha1","Etosha1","African elephant - Namibia (Kilian)"
20661290937,true,2013-07-12 20:11:00.000,16.6076,-18.95242,"Halali-Agab",-9999.0,"gps","Loxodonta africana","Etosha1","Etosha1","African elephant - Namibia (Kilian)"
20661290955,true,2013-07-12 20:41:00.000,16.6068,-18.95127,"Halali-Agab",-9999.0,"gps","Loxodonta africana","Etosha1","Etosha1","African elephant - Namibia (Kilian)"
20661290967,true,2013-07-12 21:12:00.000,16.60662,-18.94995,"Halali-Agab",-9999.0,"gps","Loxodonta africana","Etosha1","Etosha1","African elephant - Namibia (Kilian)"
20661290986,true,2013-07-12 21:43:00.000,16.60585,-18.94945,"Halali-Agab",-9999.0,"gps","Loxodonta africana","Etosha1","Etosha1","African elephant - Namibia (Kilian)"
20661290997,true,2013-07-12 22:11:00.000,16.60598,-18.94952,"Halali-Agab",-9999.0,"gps","Loxodonta africana","Etosha1","Etosha1","African elephant - Namibia (Kilian)"
20661291015,true,2013-07-12 22:41:00.000,16.60598,-18.94943,"Halali-Agab",-9999.0,"gps","Loxodonta africana","Etosha1","Etosha1","African elephant - Namibia (Kilian)"
20661291046,true,2013-07-12 23:41:00.000,16.60607,-18.94947,"Halali-Agab",-9999.0,"gps","Loxodonta africana","Etosha1","Etosha1","African elephant - Namibia (Kilian)"
20661291058,true,2013-07-13 00:11:00.000,16.60665,-18.9468,"Halali-Agab",-9999.0,"gps","Loxodonta africana","Etosha1","Etosha1","African elephant - Namibia (Kilian)"
20661291076,true,2013-07-13 00:41:00.000,16.607,-18.94583,"Halali-Agab",-9999.0,"gps","Loxodonta africana","Etosha1","Etosha1","African elephant - Namibia (Kilian)"
20661291087,true,2013-07-13 01:11:00.000,16.60727,-18.94597,"Halali-Agab",-9999.0,"gps","Loxodonta africana","Etosha1","Etosha1","African elephant - Namibia (Kilian)"
20661291178,true,2013-07-13 04:21:00.000,16.60708,-18.94603,"Halali-Agab",-9999.0,"gps","Loxodonta africana","Etosha1","Etosha1","African elephant - Namibia (Kilian)"
20661291189,true,2013-07-13 04:51:00.000,16.6071,-18.94602,"Halali-Agab",-9999.0,"gps","Loxodonta africana","Etosha1","Etosha1","African elephant - Namibia (Kilian)"
20661291204,true,2013-07-13 05:21:00.000,16.60692,-18.94568,"Halali-Agab",-9999.0,"gps","Loxodonta africana","Etosha1","Etosha1","African elephant - Namibia (Kilian)"
20661291215,true,2013-07-13 05:50:00.000,16.60667,-18.94455,"Halali-Agab",-9999.0,"gps","Loxodonta africana","Etosha1","Etosha1","African elephant - Namibia (Kilian)"
20661291230,true,2013-07-13 06:20:00.000,16.60513,-18.94452,"Halali-Agab",-9999.0,"gps","Loxodonta africana","Etosha1","Etosha1","African elephant - Namibia (Kilian)"
20661291245,true,2013-07-13 06:50:00.000,16.60467,-18.94473,"Halali-Agab",-9999.0,"gps","Loxodonta africana","Etosha1","Etosha1","African elephant - Namibia (Kilian)"
20661291263,true,2013-07-13 07:21:00.000,16.60365,-18.94427,"Halali-Agab",-9999.0,"gps","Loxodonta africana","Etosha1","Etosha1","African elephant - Namibia (Kilian)"
20661291276,true,2013-07-13 07:51:00.000,16.60272,-18.94405,"Halali-Agab",-9999.0,"gps","Loxodonta africana","Etosha1","Etosha1","African elephant - Namibia (Kilian)"
20661291290,true,2013-07-13 08:20:00.000,16.60187,-18.94325,"Halali-Agab",-9999.0,"gps","Loxodonta africana","Etosha1","Etosha1","African elephant - Namibia (Kilian)"
20661291305,true,2013-07-13 08:50:00.000,16.60052,-18.94248,"Halali-Agab",-9999.0,"gps","Loxodonta africana","Etosha1","Etosha1","African elephant - Namibia (Kilian)"
20661291343,true,2013-07-13 10:09:00.000,16.59258,-18.93633,"Halali-Agab",-9999.0,"gps","Loxodonta africana","Etosha1","Etosha1","African elephant - Namibia (Kilian)"
20661291356,true,2013-07-13 10:38:00.000,16.59598,-18.93722,"Halali-Agab",-9999.0,"gps","Loxodonta africana","Etosha1","Etosha1","African elephant - Namibia (Kilian)"
20661291374,true,2013-07-13 11:07:00.000,16.5942,-18.93692,"Halali-Agab",-9999.0,"gps","Loxodonta africana","Etosha1","Etosha1","African elephant - Namibia (Kilian)"
20661291387,true,2013-07-13 11:37:00.000,16.59362,-18.9368,"Halali-Agab",-9999.0,"gps","Loxodonta africana","Etosha1","Etosha1","African elephant - Namibia (Kilian)"
20661291404,true,2013-07-13 12:07:00.000,16.59343,-18.9367,"Halali-Agab",-9999.0,"gps","Loxodonta africana","Etosha1","Etosha1","African elephant - Namibia (Kilian)"
20661291417,true,2013-07-13 12:37:00.000,16.59338,-18.93602,"Halali-Agab",-9999.0,"gps","Loxodonta africana","Etosha1","Etosha1","African elephant - Namibia (Kilian)"
20661291435,true,2013-07-13 13:08:00.000,16.59235,-18.93565,"Halali-Agab",-9999.0,"gps","Loxodonta africana","Etosha1","Etosha1","African elephant - Namibia (Kilian)"
20661291448,true,2013-07-13 13:37:00.000,16.58392,-18.93262,"Halali-Agab",-9999.0,"gps","Loxodonta africana","Etosha1","Etosha1","African elephant - Namibia (Kilian)"
20661291464,true,2013-07-13 14:07:00.000,16.57975,-18.93197,"Halali-Agab",-9999.0,"gps","Loxodonta africana","Etosha1","Etosha1","African elephant - Namibia (Kilian)"
20661291477,true,2013-07-13 14:38:00.000,16.57872,-18.93267,"Halali-Agab",-9999.0,"gps","Loxodonta africana","Etosha1","Etosha1","African elephant - Namibia (Kilian)"
20661291495,true,2013-07-13 15:07:00.000,16.57668,-18.9332,"Halali-Agab",-9999.0,"gps","Loxodonta africana","Etosha1","Etosha1","African elephant - Namibia (Kilian)"
20661291509,true,2013-07-13 15:37:00.000,16.57322,-18.93325,"Halali-Agab",-9999.0,"gps","Loxodonta africana","Etosha1","Etosha1","African elephant - Namibia (Kilian)"
20661291526,true,2013-07-13 16:07:00.000,16.5693,-18.93338,"Halali-Agab",-9999.0,"gps","Loxodonta africana","Etosha1","Etosha1","African elephant - Namibia (Kilian)"
20661291538,true,2013-07-13 16:37:00.000,16.56703,-18.9331,"Halali-Agab",-9999.0,"gps","Loxodonta africana","Etosha1","Etosha1","African elephant - Namibia (Kilian)"
20661291555,true,2013-07-13 17:07:00.000,16.56463,-18.93468,"Halali-Agab",-9999.0,"gps","Loxodonta africana","Etosha1","Etosha1","African elephant - Namibia (Kilian)"
20661291567,true,2013-07-13 17:37:00.000,16.56125,-18.93528,"Halali-Agab",-9999.0,"gps","Loxodonta africana","Etosha1","Etosha1","African elephant - Namibia (Kilian)"
20661291584,true,2013-07-13 18:07:00.000,16.55907,-18.93683,"Halali-Agab",-9999.0,"gps","Loxodonta africana","Etosha1","Etosha1","African elephant - Namibia (Kilian)"
20661291595,true,2013-07-13 18:37:00.000,16.55775,-18.93792,"Halali-Agab",-9999.0,"gps","Loxodonta africana","Etosha1","Etosha1","African elephant - Namibia (Kilian)"
20661291611,true,2013-07-13 19:07:00.000,16.55582,-18.93957,"Halali-Agab",-9999.0,"gps","Loxodonta africana","Etosha1","Etosha1","African elephant - Namibia (Kilian)"
20661291624,true,2013-07-13 19:37:00.000,16.55,-18.94217,"Halali-Agab",-9999.0,"gps","Loxodonta africana","Etosha1","Etosha1","African elephant - Namibia (Kilian)"
20661291641,true,2013-07-13 20:07:00.000,16.55032,-18.94235,"Halali-Agab",-9999.0,"gps","Loxodonta africana","Etosha1","Etosha1","African elephant - Namibia (Kilian)"
20661291654,true,2013-07-13 20:37:00.000,16.54907,-18.94343,"Halali-Agab",-9999.0,"gps","Loxodonta africana","Etosha1","Etosha1","African elephant - Namibia (Kilian)"
20661291697,true,2013-07-13 22:04:00.000,16.54102,-18.94442,"Halali-Agab",-9999.0,"gps","Loxodonta africana","Etosha1","Etosha1","African elephant - Namibia (Kilian)"
20661291709,true,2013-07-13 22:32:00.000,16.53948,-18.9435,"Halali-Agab",-9999.0,"gps","Loxodonta africana","Etosha1","Etosha1","African elephant - Namibia (Kilian)"
20661291725,true,2013-07-13 23:02:00.000,16.53895,-18.94303,"Halali-Agab",-9999.0,"gps","Loxodonta africana","Etosha1","Etosha1","African elephant - Namibia (Kilian)"
20661291754,true,2013-07-14 00:18:00.000,16.53762,-18.94505,"Halali-Agab",-9999.0,"gps","Loxodonta africana","Etosha1","Etosha1","African elephant - Namibia (Kilian)"
20661291770,true,2013-07-14 00:48:00.000,16.53782,-18.94612,"Halali-Agab",-9999.0,"gps","Loxodonta africana","Etosha1","Etosha1","African elephant - Namibia (Kilian)"
20661291795,true,2013-07-14 01:47:00.000,16.53818,-18.94595,"Halali-Agab",-9999.0,"gps","Loxodonta africana","Etosha1","Etosha1","African elephant - Namibia (Kilian)"
20661291805,true,2013-07-14 02:19:00.000,16.5382,-18.94615,"Halali-Agab",-9999.0,"gps","Loxodonta africana","Etosha1","Etosha1","African elephant - Namibia (Kilian)"
20661291821,true,2013-07-14 02:48:00.000,16.53822,-18.94613,"Halali-Agab",-9999.0,"gps","Loxodonta africana","Etosha1","Etosha1","African elephant - Namibia (Kilian)"
20661291849,true,2013-07-14 03:49:00.000,16.53812,-18.94585,"Halali-Agab",-9999.0,"gps","Loxodonta africana","Etosha1","Etosha1","African elephant - Namibia (Kilian)"
20661291860,true,2013-07-14 04:17:00.000,16.53808,-18.94622,"Halali-Agab",-9999.0,"gps","Loxodonta africana","Etosha1","Etosha1","African elephant - Namibia (Kilian)"
20661291875,true,2013-07-14 04:47:00.000,16.53773,-18.9481,"Halali-Agab",-9999.0,"gps","Loxodonta africana","Etosha1","Etosha1","African elephant - Namibia (Kilian)"
20661291906,true,2013-07-14 06:01:00.000,16.5383,-18.9509,"Halali-Agab",-9999.0,"gps","Loxodonta africana","Etosha1","Etosha1","African elephant - Namibia (Kilian)"
20661291917,true,2013-07-14 06:29:00.000,16.53768,-18.9528,"Halali-Agab",-9999.0,"gps","Loxodonta africana","Etosha1","Etosha1","African elephant - Namibia (Kilian)"
20661291930,true,2013-07-14 07:00:00.000,16.53775,-18.9538,"Halali-Agab",-9999.0,"gps","Loxodonta africana","Etosha1","Etosha1","African elephant - Namibia (Kilian)"
20661291944,true,2013-07-14 07:29:00.000,16.53797,-18.95445,"Halali-Agab",-9999.0,"gps","Loxodonta africana","Etosha1","Etosha1","African elephant - Namibia (Kilian)"
20661291957,true,2013-07-14 07:59:00.000,16.53855,-18.95897,"Halali-Agab",-9999.0,"gps","Loxodonta africana","Etosha1","Etosha1","African elephant - Namibia (Kilian)"
20661291972,true,2013-07-14 08:29:00.000,16.53582,-18.96547,"Halali-Agab",-9999.0,"gps","Loxodonta africana","Etosha1","Etosha1","African elephant - Namibia (Kilian)"
20661291984,true,2013-07-14 08:59:00.000,16.53747,-18.96825,"Halali-Agab",-9999.0,"gps","Loxodonta africana","Etosha1","Etosha1","African elephant - Namibia (Kilian)"
20661291999,true,2013-07-14 09:29:00.000,16.54042,-18.96993,"Halali-Agab",-9999.0,"gps","Loxodonta africana","Etosha1","Etosha1","African elephant - Namibia (Kilian)"
20661292010,true,2013-07-14 09:59:00.000,16.54227,-18.97157,"Halali-Agab",-9999.0,"gps","Loxodonta africana","Etosha1","Etosha1","African elephant - Namibia (Kilian)"
20661292024,true,2013-07-14 10:29:00.000,16.54403,-18.97273,"Halali-Agab",-9999.0,"gps","Loxodonta africana","Etosha1","Etosha1","African elephant - Namibia (Kilian)"
20661292035,true,2013-07-14 10:59:00.000,16.5484,-18.9776,"Halali-Agab",-9999.0,"gps","Loxodonta africana","Etosha1","Etosha1","African elephant - Namibia (Kilian)"
20661292050,true,2013-07-14 11:30:00.000,16.55555,-18.98638,"Halali-Agab",-9999.0,"gps","Loxodonta africana","Etosha1","Etosha1","African elephant - Namibia (Kilian)"
20661292063,true,2013-07-14 11:59:00.000,16.55808,-18.9896,"Halali-Agab",-9999.0,"gps","Loxodonta africana","Etosha1","Etosha1","African elephant - Namibia (Kilian)"
20661292078,true,2013-07-14 12:29:00.000,16.56422,-18.98508,"Halali-Agab",-9999.0,"gps","Loxodonta africana","Etosha1","Etosha1","African elephant - Namibia (Kilian)"
20661292090,true,2013-07-14 12:59:00.000,16.56865,-18.98237,"Halali-Agab",-9999.0,"gps","Loxodonta africana","Etosha1","Etosha1","African elephant - Namibia (Kilian)"
20661292105,true,2013-07-14 13:29:00.000,16.5725,-18.98225,"Halali-Agab",-9999.0,"gps","Loxodonta africana","Etosha1","Etosha1","African elephant - Namibia (Kilian)"
20661292119,true,2013-07-14 14:00:00.000,16.57295,-18.98253,"Halali-Agab",-9999.0,"gps","Loxodonta africana","Etosha1","Etosha1","African elephant - Namibia (Kilian)"
20661292132,true,2013-07-14 14:29:00.000,16.57283,-18.98283,"Halali-Agab",-9999.0,"gps","Loxodonta africana","Etosha1","Etosha1","African elephant - Namibia (Kilian)"
20661292144,true,2013-07-14 14:59:00.000,16.573,-18.98272,"Halali-Agab",-9999.0,"gps","Loxodonta africana","Etosha1","Etosha1","African elephant - Namibia (Kilian)"
20661292160,true,2013-07-14 15:30:00.000,16.57305,-18.9828,"Halali-Agab",-9999.0,"gps","Loxodonta africana","Etosha1","Etosha1","African elephant - Namibia (Kilian)"
20661292171,true,2013-07-14 15:59:00.000,16.57347,-18.98285,"Halali-Agab",-9999.0,"gps","Loxodonta africana","Etosha1","Etosha1","African elephant - Namibia (Kilian)"
20661292184,true,2013-07-14 16:29:00.000,16.57497,-18.98293,"Halali-Agab",-9999.0,"gps","Loxodonta africana","Etosha1","Etosha1","African elephant - Namibia (Kilian)"
20661292197,true,2013-07-14 16:59:00.000,16.57592,-18.9827,"Halali-Agab",-9999.0,"gps","Loxodonta africana","Etosha1","Etosha1","African elephant - Namibia (Kilian)"
20661292211,true,2013-07-14 17:29:00.000,16.57867,-18.98078,"Halali-Agab",-9999.0,"gps","Loxodonta africana","Etosha1","Etosha1","African elephant - Namibia (Kilian)"
20661292224,true,2013-07-14 17:59:00.000,16.58243,-18.97943,"Halali-Agab",-9999.0,"gps","Loxodonta africana","Etosha1","Etosha1","African elephant - Namibia (Kilian)"
20661292238,true,2013-07-14 18:29:00.000,16.5852,-18.97862,"Halali-Agab",-9999.0,"gps","Loxodonta africana","Etosha1","Etosha1","African elephant - Namibia (Kilian)"
20661292250,true,2013-07-14 18:59:00.000,16.58633,-18.97837,"Halali-Agab",-9999.0,"gps","Loxodonta africana","Etosha1","Etosha1","African elephant - Namibia (Kilian)"
20661292266,true,2013-07-14 19:29:00.000,16.58773,-18.97858,"Halali-Agab",-9999.0,"gps","Loxodonta africana","Etosha1","Etosha1","African elephant - Namibia (Kilian)"
20661292281,true,2013-07-14 20:00:00.000,16.58885,-18.9789,"Halali-Agab",-9999.0,"gps","Loxodonta africana","Etosha1","Etosha1","African elephant - Namibia (Kilian)"
20661292294,true,2013-07-14 20:29:00.000,16.59067,-18.97888,"Halali-Agab",-9999.0,"gps","Loxodonta africana","Etosha1","Etosha1","African elephant - Namibia (Kilian)"
20661292306,true,2013-07-14 20:59:00.000,16.59117,-18.97933,"Halali-Agab",-9999.0,"gps","Loxodonta africana","Etosha1","Etosha1","African elephant - Namibia (Kilian)"
20661292321,true,2013-07-14 21:29:00.000,16.59133,-18.97948,"Halali-Agab",-9999.0,"gps","Loxodonta africana","Etosha1","Etosha1","African elephant - Namibia (Kilian)"
20661292332,true,2013-07-14 21:59:00.000,16.59132,-18.97972,"Halali-Agab",-9999.0,"gps","Loxodonta africana","Etosha1","Etosha1","African elephant - Namibia (Kilian)"
20661292346,true,2013-07-14 22:29:00.000,16.59132,-18.98005,"Halali-Agab",-9999.0,"gps","Loxodonta africana","Etosha1","Etosha1","African elephant - Namibia (Kilian)"
20661292358,true,2013-07-14 22:59:00.000,16.59152,-18.9806,"Halali-Agab",-9999.0,"gps","Loxodonta africana","Etosha1","Etosha1","African elephant - Namibia (Kilian)"
20661292374,true,2013-07-14 23:30:00.000,16.5919,-18.98183,"Halali-Agab",-9999.0,"gps","Loxodonta africana","Etosha1","Etosha1","African elephant - Namibia (Kilian)"
20661292391,true,2013-07-15 00:00:00.000,16.59207,-18.98192,"Halali-Agab",-9999.0,"gps","Loxodonta africana","Etosha1","Etosha1","African elephant - Namibia (Kilian)"
20661292404,true,2013-07-15 00:29:00.000,16.5915,-18.98197,"Halali-Agab",-9999.0,"gps","Loxodonta africana","Etosha1","Etosha1","African elephant - Namibia (Kilian)"
20661292420,true,2013-07-15 01:00:00.000,16.59085,-18.98232,"Halali-Agab",-9999.0,"gps","Loxodonta africana","Etosha1","Etosha1","African elephant - Namibia (Kilian)"
20661292434,true,2013-07-15 01:29:00.000,16.59067,-18.98228,"Halali-Agab",-9999.0,"gps","Loxodonta africana","Etosha1","Etosha1","African elephant - Namibia (Kilian)"
20661292450,true,2013-07-15 02:00:00.000,16.59088,-18.98242,"Halali-Agab",-9999.0,"gps","Loxodonta africana","Etosha1","Etosha1","African elephant - Namibia (Kilian)"
20661292463,true,2013-07-15 02:29:00.000,16.59085,-18.98227,"Halali-Agab",-9999.0,"gps","Loxodonta africana","Etosha1","Etosha1","African elephant - Namibia (Kilian)"
20661292491,true,2013-07-15 03:29:00.000,16.5913,-18.98277,"Halali-Agab",-9999.0,"gps","Loxodonta africana","Etosha1","Etosha1","African elephant - Namibia (Kilian)"
20661292504,true,2013-07-15 03:59:00.000,16.59207,-18.98458,"Halali-Agab",-9999.0,"gps","Loxodonta africana","Etosha1","Etosha1","African elephant - Namibia (Kilian)"
20661292521,true,2013-07-15 04:29:00.000,16.59245,-18.98447,"Halali-Agab",-9999.0,"gps","Loxodonta africana","Etosha1","Etosha1","African elephant - Namibia (Kilian)"
20661292533,true,2013-07-15 04:59:00.000,16.59312,-18.98398,"Halali-Agab",-9999.0,"gps","Loxodonta africana","Etosha1","Etosha1","African elephant - Namibia (Kilian)"
20661292548,true,2013-07-15 05:30:00.000,16.59298,-18.98392,"Halali-Agab",-9999.0,"gps","Loxodonta africana","Etosha1","Etosha1","African elephant - Namibia (Kilian)"
20661292564,true,2013-07-15 06:00:00.000,16.59543,-18.98842,"Halali-Agab",-9999.0,"gps","Loxodonta africana","Etosha1","Etosha1","African elephant - Namibia (Kilian)"
20661292579,true,2013-07-15 06:29:00.000,16.5969,-18.9903,"Halali-Agab",-9999.0,"gps","Loxodonta africana","Etosha1","Etosha1","African elephant - Namibia (Kilian)"
20661292592,true,2013-07-15 06:59:00.000,16.59718,-18.99277,"Halali-Agab",-9999.0,"gps","Loxodonta africana","Etosha1","Etosha1","African elephant - Namibia (Kilian)"
20661292610,true,2013-07-15 07:29:00.000,16.59633,-18.99367,"Halali-Agab",-9999.0,"gps","Loxodonta africana","Etosha1","Etosha1","African elephant - Namibia (Kilian)"
20661292624,true,2013-07-15 07:59:00.000,16.59525,-18.99507,"Halali-Agab",-9999.0,"gps","Loxodonta africana","Etosha1","Etosha1","African elephant - Namibia (Kilian)"
20661292641,true,2013-07-15 08:29:00.000,16.59298,-18.99847,"Halali-Agab",-9999.0,"gps","Loxodonta africana","Etosha1","Etosha1","African elephant - Namibia (Kilian)"
20661292689,true,2013-07-15 10:15:00.000,16.59033,-19.00202,"Halali-Agab",-9999.0,"gps","Loxodonta africana","Etosha1","Etosha1","African elephant - Namibia (Kilian)"
20661292705,true,2013-07-15 10:44:00.000,16.58997,-19.00182,"Halali-Agab",-9999.0,"gps","Loxodonta africana","Etosha1","Etosha1","African elephant - Namibia (Kilian)"
20661292717,true,2013-07-15 11:15:00.000,16.58975,-19.00208,"Halali-Agab",-9999.0,"gps","Loxodonta africana","Etosha1","Etosha1","African elephant - Namibia (Kilian)"
20661292736,true,2013-07-15 11:44:00.000,16.58983,-19.00207,"Halali-Agab",-9999.0,"gps","Loxodonta africana","Etosha1","Etosha1","African elephant - Namibia (Kilian)"
20661292749,true,2013-07-15 12:15:00.000,16.58933,-19.00298,"Halali-Agab",-9999.0,"gps","Loxodonta africana","Etosha1","Etosha1","African elephant - Namibia (Kilian)"
20661292766,true,2013-07-15 12:44:00.000,16.58918,-19.00318,"Halali-Agab",-9999.0,"gps","Loxodonta africana","Etosha1","Etosha1","African elephant - Namibia (Kilian)"
20661292778,true,2013-07-15 13:14:00.000,16.58865,-19.00282,"Halali-Agab",-9999.0,"gps","Loxodonta africana","Etosha1","Etosha1","African elephant - Namibia (Kilian)"
20661292796,true,2013-07-15 13:44:00.000,16.58795,-19.00128,"Halali-Agab",-9999.0,"gps","Loxodonta africana","Etosha1","Etosha1","African elephant - Namibia (Kilian)"
20661292808,true,2013-07-15 14:15:00.000,16.58517,-18.9993,"Halali-Agab",-9999.0,"gps","Loxodonta africana","Etosha1","Etosha1","African elephant - Namibia (Kilian)"
20661292825,true,2013-07-15 14:44:00.000,16.58023,-18.99745,"Halali-Agab",-9999.0,"gps","Loxodonta africana","Etosha1","Etosha1","African elephant - Namibia (Kilian)"
20661292838,true,2013-07-15 15:14:00.000,16.5778,-18.99662,"Halali-Agab",-9999.0,"gps","Loxodonta africana","Etosha1","Etosha1","African elephant - Namibia (Kilian)"
20661292856,true,2013-07-15 15:44:00.000,16.57468,-18.9953,"Halali-Agab",-9999.0,"gps","Loxodonta africana","Etosha1","Etosha1","African elephant - Namibia (Kilian)"
20661292868,true,2013-07-15 16:14:00.000,16.57197,-18.9943,"Halali-Agab",-9999.0,"gps","Loxodonta africana","Etosha1","Etosha1","African elephant - Namibia (Kilian)"
20661292886,true,2013-07-15 16:44:00.000,16.56322,-18.99212,"Halali-Agab",-9999.0,"gps","Loxodonta africana","Etosha1","Etosha1","African elephant - Namibia (Kilian)"
20661292909,true,2013-07-15 17:35:00.000,16.55885,-18.99193,"Halali-Agab",-9999.0,"gps","Loxodonta africana","Etosha1","Etosha1","African elephant - Namibia (Kilian)"
20661292925,true,2013-07-15 18:04:00.000,16.56075,-18.99332,"Halali-Agab",-9999.0,"gps","Loxodonta africana","Etosha1","Etosha1","African elephant - Namibia (Kilian)"
20661292966,true,2013-07-15 19:34:00.000,16.57803,-18.99983,"Halali-Agab",-9999.0,"gps","Loxodonta africana","Etosha1","Etosha1","African elephant - Namibia (Kilian)"
20661292983,true,2013-07-15 20:01:00.000,16.58032,-19.00168,"Halali-Agab",-9999.0,"gps","Loxodonta africana","Etosha1","Etosha1","African elephant - Namibia (Kilian)"
20661292995,true,2013-07-15 20:31:00.000,16.58177,-19.0022,"Halali-Agab",-9999.0,"gps","Loxodonta africana","Etosha1","Etosha1","African elephant - Namibia (Kilian)"
20661293011,true,2013-07-15 21:02:00.000,16.58398,-19.00142,"Halali-Agab",-9999.0,"gps","Loxodonta africana","Etosha1","Etosha1","African elephant - Namibia (Kilian)"
20661293021,true,2013-07-15 21:31:00.000,16.58468,-19.00102,"Halali-Agab",-9999.0,"gps","Loxodonta africana","Etosha1","Etosha1","African elephant - Namibia (Kilian)"
20661293035,true,2013-07-15 22:01:00.000,16.58605,-18.99997,"Halali-Agab",-9999.0,"gps","Loxodonta africana","Etosha1","Etosha1","African elephant - Namibia (Kilian)"
20661293045,true,2013-07-15 22:31:00.000,16.58845,-18.99913,"Halali-Agab",-9999.0,"gps","Loxodonta africana","Etosha1","Etosha1","African elephant - Namibia (Kilian)"
20661293059,true,2013-07-15 23:02:00.000,16.58965,-18.99702,"Halali-Agab",-9999.0,"gps","Loxodonta africana","Etosha1","Etosha1","African elephant - Namibia (Kilian)"
20661293070,true,2013-07-15 23:31:00.000,16.59007,-18.9966,"Halali-Agab",-9999.0,"gps","Loxodonta africana","Etosha1","Etosha1","African elephant - Namibia (Kilian)"
20661293085,true,2013-07-16 00:01:00.000,16.59173,-18.9955,"Halali-Agab",-9999.0,"gps","Loxodonta africana","Etosha1","Etosha1","African elephant - Namibia (Kilian)"
20661293095,true,2013-07-16 00:31:00.000,16.5937,-18.99492,"Halali-Agab",-9999.0,"gps","Loxodonta africana","Etosha1","Etosha1","African elephant - Namibia (Kilian)"
20661293109,true,2013-07-16 01:01:00.000,16.59623,-18.9943,"Halali-Agab",-9999.0,"gps","Loxodonta africana","Etosha1","Etosha1","African elephant - Namibia (Kilian)"
20661293119,true,2013-07-16 01:31:00.000,16.5977,-18.99427,"Halali-Agab",-9999.0,"gps","Loxodonta africana","Etosha1","Etosha1","African elephant - Namibia (Kilian)"
20661293132,true,2013-07-16 02:01:00.000,16.60027,-18.99335,"Halali-Agab",-9999.0,"gps","Loxodonta africana","Etosha1","Etosha1","African elephant - Namibia (Kilian)"
20661293143,true,2013-07-16 02:31:00.000,16.60163,-18.99352,"Halali-Agab",-9999.0,"gps","Loxodonta africana","Etosha1","Etosha1","African elephant - Namibia (Kilian)"
20661293157,true,2013-07-16 03:01:00.000,16.60383,-18.9912,"Halali-Agab",-9999.0,"gps","Loxodonta africana","Etosha1","Etosha1","African elephant - Namibia (Kilian)"
20661293168,true,2013-07-16 03:31:00.000,16.60475,-18.98945,"Halali-Agab",-9999.0,"gps","Loxodonta africana","Etosha1","Etosha1","African elephant - Namibia (Kilian)"
20661293182,true,2013-07-16 04:02:00.000,16.60477,-18.98893,"Halali-Agab",-9999.0,"gps","Loxodonta africana","Etosha1","Etosha1","African elephant - Namibia (Kilian)"
20661293192,true,2013-07-16 04:33:00.000,16.60472,-18.9889,"Halali-Agab",-9999.0,"gps","Loxodonta africana","Etosha1","Etosha1","African elephant - Namibia (Kilian)"
20661293204,true,2013-07-16 05:02:00.000,16.60467,-18.98893,"Halali-Agab",-9999.0,"gps","Loxodonta africana","Etosha1","Etosha1","African elephant - Namibia (Kilian)"
20661293213,true,2013-07-16 05:32:00.000,16.60477,-18.98892,"Halali-Agab",-9999.0,"gps","Loxodonta africana","Etosha1","Etosha1","African elephant - Namibia (Kilian)"
20661293225,true,2013-07-16 06:02:00.000,16.60543,-18.98887,"Halali-Agab",-9999.0,"gps","Loxodonta africana","Etosha1","Etosha1","African elephant - Namibia (Kilian)"
20661293234,true,2013-07-16 06:31:00.000,16.60722,-18.98808,"Halali-Agab",-9999.0,"gps","Loxodonta africana","Etosha1","Etosha1","African elephant - Namibia (Kilian)"
20661293247,true,2013-07-16 07:01:00.000,16.60848,-18.99215,"Halali-Agab",-9999.0,"gps","Loxodonta africana","Etosha1","Etosha1","African elephant - Namibia (Kilian)"
20661293258,true,2013-07-16 07:31:00.000,16.60765,-18.9933,"Halali-Agab",-9999.0,"gps","Loxodonta africana","Etosha1","Etosha1","African elephant - Namibia (Kilian)"
20661293272,true,2013-07-16 08:02:00.000,16.60745,-18.99352,"Halali-Agab",-9999.0,"gps","Loxodonta africana","Etosha1","Etosha1","African elephant - Namibia (Kilian)"
20661293283,true,2013-07-16 08:31:00.000,16.60737,-18.99363,"Halali-Agab",-9999.0,"gps","Loxodonta africana","Etosha1","Etosha1","African elephant - Namibia (Kilian)"
20661293296,true,2013-07-16 09:01:00.000,16.60747,-18.99375,"Halali-Agab",-9999.0,"gps","Loxodonta africana","Etosha1","Etosha1","African elephant - Namibia (Kilian)"
20661293327,true,2013-07-16 10:28:00.000,16.60638,-18.99535,"Halali-Agab",-9999.0,"gps","Loxodonta africana","Etosha1","Etosha1","African elephant - Namibia (Kilian)"
20661293336,true,2013-07-16 10:56:00.000,16.60635,-18.99535,"Halali-Agab",-9999.0,"gps","Loxodonta africana","Etosha1","Etosha1","African elephant - Namibia (Kilian)"
20661293351,true,2013-07-16 11:26:00.000,16.60568,-18.99593,"Halali-Agab",-9999.0,"gps","Loxodonta africana","Etosha1","Etosha1","African elephant - Namibia (Kilian)"
20661293363,true,2013-07-16 11:56:00.000,16.60565,-18.99577,"Halali-Agab",-9999.0,"gps","Loxodonta africana","Etosha1","Etosha1","African elephant - Namibia (Kilian)"
20661293376,true,2013-07-16 12:26:00.000,16.60572,-18.99573,"Halali-Agab",-9999.0,"gps","Loxodonta africana","Etosha1","Etosha1","African elephant - Namibia (Kilian)"
20661293388,true,2013-07-16 12:59:00.000,16.60567,-18.99597,"Halali-Agab",-9999.0,"gps","Loxodonta africana","Etosha1","Etosha1","African elephant - Namibia (Kilian)"
20661293401,true,2013-07-16 13:27:00.000,16.60565,-18.9964,"Halali-Agab",-9999.0,"gps","Loxodonta africana","Etosha1","Etosha1","African elephant - Namibia (Kilian)"
20661293410,true,2013-07-16 13:56:00.000,16.60595,-18.99528,"Halali-Agab",-9999.0,"gps","Loxodonta africana","Etosha1","Etosha1","African elephant - Namibia (Kilian)"
20661293424,true,2013-07-16 14:27:00.000,16.60583,-18.9934,"Halali-Agab",-9999.0,"gps","Loxodonta africana","Etosha1","Etosha1","African elephant - Namibia (Kilian)"
20661293435,true,2013-07-16 14:56:00.000,16.60575,-18.9931,"Halali-Agab",-9999.0,"gps","Loxodonta africana","Etosha1","Etosha1","African elephant - Namibia (Kilian)"
20661293450,true,2013-07-16 15:27:00.000,16.60608,-18.99295,"Halali-Agab",-9999.0,"gps","Loxodonta africana","Etosha1","Etosha1","African elephant - Namibia (Kilian)"
20661293459,true,2013-07-16 15:56:00.000,16.6078,-18.99252,"Halali-Agab",-9999.0,"gps","Loxodonta africana","Etosha1","Etosha1","African elephant - Namibia (Kilian)"
20661293475,true,2013-07-16 16:27:00.000,16.60963,-18.99147,"Halali-Agab",-9999.0,"gps","Loxodonta africana","Etosha1","Etosha1","African elephant - Namibia (Kilian)"
20661293485,true,2013-07-16 16:57:00.000,16.61335,-18.98835,"Halali-Agab",-9999.0,"gps","Loxodonta africana","Etosha1","Etosha1","African elephant - Namibia (Kilian)"
20661293497,true,2013-07-16 17:27:00.000,16.61803,-18.98792,"Halali-Agab",-9999.0,"gps","Loxodonta africana","Etosha1","Etosha1","African elephant - Namibia (Kilian)"
20661293508,true,2013-07-16 17:56:00.000,16.61895,-18.9881,"Halali-Agab",-9999.0,"gps","Loxodonta africana","Etosha1","Etosha1","African elephant - Namibia (Kilian)"
20661293520,true,2013-07-16 18:26:00.000,16.622,-18.98448,"Halali-Agab",-9999.0,"gps","Loxodonta africana","Etosha1","Etosha1","African elephant - Namibia (Kilian)"
20661293533,true,2013-07-16 18:57:00.000,16.62393,-18.98365,"Halali-Agab",-9999.0,"gps","Loxodonta africana","Etosha1","Etosha1","African elephant - Namibia (Kilian)"
20661293560,true,2013-07-16 20:08:00.000,16.63777,-18.97842,"Halali-Agab",-9999.0,"gps","Loxodonta africana","Etosha1","Etosha1","African elephant - Namibia (Kilian)"
20661293571,true,2013-07-16 20:37:00.000,16.64023,-18.97733,"Halali-Agab",-9999.0,"gps","Loxodonta africana","Etosha1","Etosha1","African elephant - Namibia (Kilian)"
20661293585,true,2013-07-16 21:06:00.000,16.6432,-18.97645,"Halali-Agab",-9999.0,"gps","Loxodonta africana","Etosha1","Etosha1","African elephant - Namibia (Kilian)"
20661293595,true,2013-07-16 21:36:00.000,16.64965,-18.97495,"Halali-Agab",-9999.0,"gps","Loxodonta africana","Etosha1","Etosha1","African elephant - Namibia (Kilian)"
20661293609,true,2013-07-16 22:06:00.000,16.65348,-18.97457,"Halali-Agab",-9999.0,"gps","Loxodonta africana","Etosha1","Etosha1","African elephant - Namibia (Kilian)"
20661293619,true,2013-07-16 22:36:00.000,16.65642,-18.97093,"Halali-Agab",-9999.0,"gps","Loxodonta africana","Etosha1","Etosha1","African elephant - Namibia (Kilian)"
20661293633,true,2013-07-16 23:06:00.000,16.65767,-18.96535,"Halali-Agab",-9999.0,"gps","Loxodonta africana","Etosha1","Etosha1","African elephant - Namibia (Kilian)"
20661293644,true,2013-07-16 23:37:00.000,16.6605,-18.96105,"Halali-Agab",-9999.0,"gps","Loxodonta africana","Etosha1","Etosha1","African elephant - Namibia (Kilian)"
20661293658,true,2013-07-17 00:06:00.000,16.6648,-18.95588,"Halali-Agab",-9999.0,"gps","Loxodonta africana","Etosha1","Etosha1","African elephant - Namibia (Kilian)"
20661293669,true,2013-07-17 00:37:00.000,16.667,-18.95307,"Halali-Agab",-9999.0,"gps","Loxodonta africana","Etosha1","Etosha1","African elephant - Namibia (Kilian)"
20661293684,true,2013-07-17 01:07:00.000,16.66702,-18.9523,"Halali-Agab",-9999.0,"gps","Loxodonta africana","Etosha1","Etosha1","African elephant - Namibia (Kilian)"
20661293694,true,2013-07-17 01:36:00.000,16.66655,-18.951,"Halali-Agab",-9999.0,"gps","Loxodonta africana","Etosha1","Etosha1","African elephant - Namibia (Kilian)"
20661293708,true,2013-07-17 02:06:00.000,16.66658,-18.95028,"Halali-Agab",-9999.0,"gps","Loxodonta africana","Etosha1","Etosha1","African elephant - Namibia (Kilian)"
20661293718,true,2013-07-17 02:36:00.000,16.66542,-18.94977,"Halali-Agab",-9999.0,"gps","Loxodonta africana","Etosha1","Etosha1","African elephant - Namibia (Kilian)"
20661293733,true,2013-07-17 03:06:00.000,16.66482,-18.9496,"Halali-Agab",-9999.0,"gps","Loxodonta africana","Etosha1","Etosha1","African elephant - Namibia (Kilian)"
20661293745,true,2013-07-17 03:36:00.000,16.66467,-18.94977,"Halali-Agab",-9999.0,"gps","Loxodonta africana","Etosha1","Etosha1","African elephant - Namibia (Kilian)"
20661293759,true,2013-07-17 04:06:00.000,16.66335,-18.94977,"Halali-Agab",-9999.0,"gps","Loxodonta africana","Etosha1","Etosha1","African elephant - Namibia (Kilian)"
20661293769,true,2013-07-17 04:38:00.000,16.66327,-18.94915,"Halali-Agab",-9999.0,"gps","Loxodonta africana","Etosha1","Etosha1","African elephant - Namibia (Kilian)"
20661293781,true,2013-07-17 05:07:00.000,16.66312,-18.94957,"Halali-Agab",-9999.0,"gps","Loxodonta africana","Etosha1","Etosha1","African elephant - Namibia (Kilian)"
20661293790,true,2013-07-17 05:38:00.000,16.66313,-18.94943,"Halali-Agab",-9999.0,"gps","Loxodonta africana","Etosha1","Etosha1","African elephant - Namibia (Kilian)"
20661293805,true,2013-07-17 06:06:00.000,16.66268,-18.94973,"Halali-Agab",-9999.0,"gps","Loxodonta africana","Etosha1","Etosha1","African elephant - Namibia (Kilian)"
20661293815,true,2013-07-17 06:37:00.000,16.64788,-18.95703,"Halali-Agab",-9999.0,"gps","Loxodonta africana","Etosha1","Etosha1","African elephant - Namibia (Kilian)"
20661293827,true,2013-07-17 07:06:00.000,16.63547,-18.9679,"Halali-Agab",-9999.0,"gps","Loxodonta africana","Etosha1","Etosha1","African elephant - Namibia (Kilian)"
20661293838,true,2013-07-17 07:36:00.000,16.63475,-18.96938,"Halali-Agab",-9999.0,"gps","Loxodonta africana","Etosha1","Etosha1","African elephant - Namibia (Kilian)"
20661293852,true,2013-07-17 08:07:00.000,16.63503,-18.9689,"Halali-Agab",-9999.0,"gps","Loxodonta africana","Etosha1","Etosha1","African elephant - Namibia (Kilian)"
20661293863,true,2013-07-17 08:36:00.000,16.63512,-18.9689,"Halali-Agab",-9999.0,"gps","Loxodonta africana","Etosha1","Etosha1","African elephant - Namibia (Kilian)"
20661293876,true,2013-07-17 09:07:00.000,16.63552,-18.96888,"Halali-Agab",-9999.0,"gps","Loxodonta africana","Etosha1","Etosha1","African elephant - Namibia (Kilian)"
20661293885,true,2013-07-17 09:36:00.000,16.63478,-18.97083,"Halali-Agab",-9999.0,"gps","Loxodonta africana","Etosha1","Etosha1","African elephant - Namibia (Kilian)"
20661293898,true,2013-07-17 10:06:00.000,16.63445,-18.97202,"Halali-Agab",-9999.0,"gps","Loxodonta africana","Etosha1","Etosha1","African elephant - Namibia (Kilian)"
20661293908,true,2013-07-17 10:36:00.000,16.63435,-18.97203,"Halali-Agab",-9999.0,"gps","Loxodonta africana","Etosha1","Etosha1","African elephant - Namibia (Kilian)"
20661293921,true,2013-07-17 11:06:00.000,16.63615,-18.97188,"Halali-Agab",-9999.0,"gps","Loxodonta africana","Etosha1","Etosha1","African elephant - Namibia (Kilian)"
20661293932,true,2013-07-17 11:36:00.000,16.63903,-18.97125,"Halali-Agab",-9999.0,"gps","Loxodonta africana","Etosha1","Etosha1","African elephant - Namibia (Kilian)"
20661293945,true,2013-07-17 12:06:00.000,16.63975,-18.97033,"Halali-Agab",-9999.0,"gps","Loxodonta africana","Etosha1","Etosha1","African elephant - Namibia (Kilian)"
20661293957,true,2013-07-17 12:37:00.000,16.63972,-18.97037,"Halali-Agab",-9999.0,"gps","Loxodonta africana","Etosha1","Etosha1","African elephant - Namibia (Kilian)"
20661293970,true,2013-07-17 13:06:00.000,16.6397,-18.9704,"Halali-Agab",-9999.0,"gps","Loxodonta africana","Etosha1","Etosha1","African elephant - Namibia (Kilian)"
20661293979,true,2013-07-17 13:36:00.000,16.64005,-18.97032,"Halali-Agab",-9999.0,"gps","Loxodonta africana","Etosha1","Etosha1","African elephant - Namibia (Kilian)"
20661293992,true,2013-07-17 14:07:00.000,16.6403,-18.97032,"Halali-Agab",-9999.0,"gps","Loxodonta africana","Etosha1","Etosha1","African elephant - Namibia (Kilian)"
20661294003,true,2013-07-17 14:37:00.000,16.64025,-18.97028,"Halali-Agab",-9999.0,"gps","Loxodonta africana","Etosha1","Etosha1","African elephant - Namibia (Kilian)"
20661294016,true,2013-07-17 15:07:00.000,16.6397,-18.96932,"Halali-Agab",-9999.0,"gps","Loxodonta africana","Etosha1","Etosha1","African elephant - Namibia (Kilian)"
20661294028,true,2013-07-17 15:37:00.000,16.63757,-18.96788,"Halali-Agab",-9999.0,"gps","Loxodonta africana","Etosha1","Etosha1","African elephant - Namibia (Kilian)"
20661294041,true,2013-07-17 16:06:00.000,16.63018,-18.96052,"Halali-Agab",-9999.0,"gps","Loxodonta africana","Etosha1","Etosha1","African elephant - Namibia (Kilian)"
20661294052,true,2013-07-17 16:36:00.000,16.63113,-18.95823,"Halali-Agab",-9999.0,"gps","Loxodonta africana","Etosha1","Etosha1","African elephant - Namibia (Kilian)"
20661294065,true,2013-07-17 17:06:00.000,16.63168,-18.95802,"Halali-Agab",-9999.0,"gps","Loxodonta africana","Etosha1","Etosha1","African elephant - Namibia (Kilian)"
20661294076,true,2013-07-17 17:36:00.000,16.63315,-18.95788,"Halali-Agab",-9999.0,"gps","Loxodonta africana","Etosha1","Etosha1","African elephant - Namibia (Kilian)"
20661294089,true,2013-07-17 18:06:00.000,16.63433,-18.9581,"Halali-Agab",-9999.0,"gps","Loxodonta africana","Etosha1","Etosha1","African elephant - Namibia (Kilian)"
20661294100,true,2013-07-17 18:36:00.000,16.63493,-18.95745,"Halali-Agab",-9999.0,"gps","Loxodonta africana","Etosha1","Etosha1","African elephant - Namibia (Kilian)"
20661294113,true,2013-07-17 19:06:00.000,16.63588,-18.95642,"Halali-Agab",-9999.0,"gps","Loxodonta africana","Etosha1","Etosha1","African elephant - Namibia (Kilian)"
20661294124,true,2013-07-17 19:36:00.000,16.63515,-18.9554,"Halali-Agab",-9999.0,"gps","Loxodonta africana","Etosha1","Etosha1","African elephant - Namibia (Kilian)"
20661294137,true,2013-07-17 20:06:00.000,16.63425,-18.95392,"Halali-Agab",-9999.0,"gps","Loxodonta africana","Etosha1","Etosha1","African elephant - Namibia (Kilian)"
20661294149,true,2013-07-17 20:36:00.000,16.63418,-18.95385,"Halali-Agab",-9999.0,"gps","Loxodonta africana","Etosha1","Etosha1","African elephant - Namibia (Kilian)"
20661294161,true,2013-07-17 21:06:00.000,16.6343,-18.95273,"Halali-Agab",-9999.0,"gps","Loxodonta africana","Etosha1","Etosha1","African elephant - Namibia (Kilian)"
20661294172,true,2013-07-17 21:37:00.000,16.63365,-18.95215,"Halali-Agab",-9999.0,"gps","Loxodonta africana","Etosha1","Etosha1","African elephant - Namibia (Kilian)"
20661294185,true,2013-07-17 22:07:00.000,16.63233,-18.9526,"Halali-Agab",-9999.0,"gps","Loxodonta africana","Etosha1","Etosha1","African elephant - Namibia (Kilian)"
20661294196,true,2013-07-17 22:36:00.000,16.62988,-18.95303,"Halali-Agab",-9999.0,"gps","Loxodonta africana","Etosha1","Etosha1","African elephant - Namibia (Kilian)"
20661294209,true,2013-07-17 23:06:00.000,16.6287,-18.95355,"Halali-Agab",-9999.0,"gps","Loxodonta africana","Etosha1","Etosha1","African elephant - Namibia (Kilian)"
20661294221,true,2013-07-17 23:37:00.000,16.62612,-18.9546,"Halali-Agab",-9999.0,"gps","Loxodonta africana","Etosha1","Etosha1","African elephant - Namibia (Kilian)"
20661294234,true,2013-07-18 00:06:00.000,16.62168,-18.95295,"Halali-Agab",-9999.0,"gps","Loxodonta africana","Etosha1","Etosha1","African elephant - Namibia (Kilian)"
20661294246,true,2013-07-18 00:36:00.000,16.61423,-18.94788,"Halali-Agab",-9999.0,"gps","Loxodonta africana","Etosha1","Etosha1","African elephant - Namibia (Kilian)"
20661294259,true,2013-07-18 01:06:00.000,16.6112,-18.94677,"Halali-Agab",-9999.0,"gps","Loxodonta africana","Etosha1","Etosha1","African elephant - Namibia (Kilian)"
20661294270,true,2013-07-18 01:36:00.000,16.6093,-18.94585,"Halali-Agab",-9999.0,"gps","Loxodonta africana","Etosha1","Etosha1","African elephant - Namibia (Kilian)"
20661294281,true,2013-07-18 02:07:00.000,16.60812,-18.94617,"Halali-Agab",-9999.0,"gps","Loxodonta africana","Etosha1","Etosha1","African elephant - Namibia (Kilian)"
20661294292,true,2013-07-18 02:37:00.000,16.60753,-18.94638,"Halali-Agab",-9999.0,"gps","Loxodonta africana","Etosha1","Etosha1","African elephant - Namibia (Kilian)"
20661294307,true,2013-07-18 03:07:00.000,16.60715,-18.946,"Halali-Agab",-9999.0,"gps","Loxodonta africana","Etosha1","Etosha1","African elephant - Namibia (Kilian)"
20661294317,true,2013-07-18 03:37:00.000,16.607,-18.94592,"Halali-Agab",-9999.0,"gps","Loxodonta africana","Etosha1","Etosha1","African elephant - Namibia (Kilian)"
20661294330,true,2013-07-18 04:07:00.000,16.60638,-18.94538,"Halali-Agab",-9999.0,"gps","Loxodonta africana","Etosha1","Etosha1","African elephant - Namibia (Kilian)"
20661294341,true,2013-07-18 04:36:00.000,16.60638,-18.94555,"Halali-Agab",-9999.0,"gps","Loxodonta africana","Etosha1","Etosha1","African elephant - Namibia (Kilian)"
20661294353,true,2013-07-18 05:07:00.000,16.60607,-18.94577,"Halali-Agab",-9999.0,"gps","Loxodonta africana","Etosha1","Etosha1","African elephant - Namibia (Kilian)"
20661294364,true,2013-07-18 05:37:00.000,16.6012,-18.94717,"Halali-Agab",-9999.0,"gps","Loxodonta africana","Etosha1","Etosha1","African elephant - Namibia (Kilian)"
20661294378,true,2013-07-18 06:07:00.000,16.59608,-18.95007,"Halali-Agab",-9999.0,"gps","Loxodonta africana","Etosha1","Etosha1","African elephant - Namibia (Kilian)"
20661294389,true,2013-07-18 06:37:00.000,16.59302,-18.95248,"Halali-Agab",-9999.0,"gps","Loxodonta africana","Etosha1","Etosha1","African elephant - Namibia (Kilian)"
20661294402,true,2013-07-18 07:06:00.000,16.58738,-18.95593,"Halali-Agab",-9999.0,"gps","Loxodonta africana","Etosha1","Etosha1","African elephant - Namibia (Kilian)"
20661294414,true,2013-07-18 07:36:00.000,16.58383,-18.95887,"Halali-Agab",-9999.0,"gps","Loxodonta africana","Etosha1","Etosha1","African elephant - Namibia (Kilian)"
20661294427,true,2013-07-18 08:07:00.000,16.58052,-18.9606,"Halali-Agab",-9999.0,"gps","Loxodonta africana","Etosha1","Etosha1","African elephant - Namibia (Kilian)"
20661294439,true,2013-07-18 08:36:00.000,16.57805,-18.9593,"Halali-Agab",-9999.0,"gps","Loxodonta africana","Etosha1","Etosha1","African elephant - Namibia (Kilian)"
20661294452,true,2013-07-18 09:06:00.000,16.57495,-18.95788,"Halali-Agab",-9999.0,"gps","Loxodonta africana","Etosha1","Etosha1","African elephant - Namibia (Kilian)"
20661294463,true,2013-07-18 09:36:00.000,16.57277,-18.95617,"Halali-Agab",-9999.0,"gps","Loxodonta africana","Etosha1","Etosha1","African elephant - Namibia (Kilian)"
20661294476,true,2013-07-18 10:06:00.000,16.57153,-18.95598,"Halali-Agab",-9999.0,"gps","Loxodonta africana","Etosha1","Etosha1","African elephant - Namibia (Kilian)"
20661294487,true,2013-07-18 10:36:00.000,16.57075,-18.95625,"Halali-Agab",-9999.0,"gps","Loxodonta africana","Etosha1","Etosha1","African elephant - Namibia (Kilian)"
20661294499,true,2013-07-18 11:07:00.000,16.57078,-18.95627,"Halali-Agab",-9999.0,"gps","Loxodonta africana","Etosha1","Etosha1","African elephant - Namibia (Kilian)"
20661294509,true,2013-07-18 11:36:00.000,16.57088,-18.9563,"Halali-Agab",-9999.0,"gps","Loxodonta africana","Etosha1","Etosha1","African elephant - Namibia (Kilian)"
20661294522,true,2013-07-18 12:06:00.000,16.56953,-18.9557,"Halali-Agab",-9999.0,"gps","Loxodonta africana","Etosha1","Etosha1","African elephant - Namibia (Kilian)"
20661294533,true,2013-07-18 12:36:00.000,16.56888,-18.95448,"Halali-Agab",-9999.0,"gps","Loxodonta africana","Etosha1","Etosha1","African elephant - Namibia (Kilian)"
20661294545,true,2013-07-18 13:07:00.000,16.56775,-18.9535,"Halali-Agab",-9999.0,"gps","Loxodonta africana","Etosha1","Etosha1","African elephant - Namibia (Kilian)"
20661294556,true,2013-07-18 13:37:00.000,16.5643,-18.94945,"Halali-Agab",-9999.0,"gps","Loxodonta africana","Etosha1","Etosha1","African elephant - Namibia (Kilian)"
20661294574,true,2013-07-18 14:21:00.000,16.56893,-18.95223,"Halali-Agab",-9999.0,"gps","Loxodonta africana","Etosha1","Etosha1","African elephant - Namibia (Kilian)"
20661294583,true,2013-07-18 14:49:00.000,16.56088,-18.94707,"Halali-Agab",-9999.0,"gps","Loxodonta africana","Etosha1","Etosha1","African elephant - Namibia (Kilian)"
20661294593,true,2013-07-18 15:18:00.000,16.55767,-18.94472,"Halali-Agab",-9999.0,"gps","Loxodonta africana","Etosha1","Etosha1","African elephant - Namibia (Kilian)"
20661294608,true,2013-07-18 15:48:00.000,16.55585,-18.93973,"Halali-Agab",-9999.0,"gps","Loxodonta africana","Etosha1","Etosha1","African elephant - Namibia (Kilian)"
20661294619,true,2013-07-18 16:18:00.000,16.54967,-18.94197,"Halali-Agab",-9999.0,"gps","Loxodonta africana","Etosha1","Etosha1","African elephant - Namibia (Kilian)"
20661294634,true,2013-07-18 16:49:00.000,16.54615,-18.94157,"Halali-Agab",-9999.0,"gps","Loxodonta africana","Etosha1","Etosha1","African elephant - Namibia (Kilian)"
20661294642,true,2013-07-18 17:18:00.000,16.54535,-18.94195,"Halali-Agab",-9999.0,"gps","Loxodonta africana","Etosha1","Etosha1","African elephant - Namibia (Kilian)"
20661294656,true,2013-07-18 17:49:00.000,16.54458,-18.94105,"Halali-Agab",-9999.0,"gps","Loxodonta africana","Etosha1","Etosha1","African elephant - Namibia (Kilian)"
20661294665,true,2013-07-18 18:18:00.000,16.54382,-18.9399,"Halali-Agab",-9999.0,"gps","Loxodonta africana","Etosha1","Etosha1","African elephant - Namibia (Kilian)"
20661294679,true,2013-07-18 18:48:00.000,16.54282,-18.93872,"Halali-Agab",-9999.0,"gps","Loxodonta africana","Etosha1","Etosha1","African elephant - Namibia (Kilian)"
20661294692,true,2013-07-18 19:20:00.000,16.54175,-18.93738,"Halali-Agab",-9999.0,"gps","Loxodonta africana","Etosha1","Etosha1","African elephant - Namibia (Kilian)"
20661294705,true,2013-07-18 19:49:00.000,16.5411,-18.93593,"Halali-Agab",-9999.0,"gps","Loxodonta africana","Etosha1","Etosha1","African elephant - Namibia (Kilian)"
20661294715,true,2013-07-18 20:18:00.000,16.54065,-18.93545,"Halali-Agab",-9999.0,"gps","Loxodonta africana","Etosha1","Etosha1","African elephant - Namibia (Kilian)"
20661294730,true,2013-07-18 20:48:00.000,16.54043,-18.93517,"Halali-Agab",-9999.0,"gps","Loxodonta africana","Etosha1","Etosha1","African elephant - Namibia (Kilian)"
20661294740,true,2013-07-18 21:18:00.000,16.53957,-18.93428,"Halali-Agab",-9999.0,"gps","Loxodonta africana","Etosha1","Etosha1","African elephant - Namibia (Kilian)"
20661294754,true,2013-07-18 21:49:00.000,16.5393,-18.93435,"Halali-Agab",-9999.0,"gps","Loxodonta africana","Etosha1","Etosha1","African elephant - Namibia (Kilian)"
20661294764,true,2013-07-18 22:18:00.000,16.53848,-18.93415,"Halali-Agab",-9999.0,"gps","Loxodonta africana","Etosha1","Etosha1","African elephant - Namibia (Kilian)"
20661294786,true,2013-07-18 23:19:00.000,16.5384,-18.9335,"Halali-Agab",-9999.0,"gps","Loxodonta africana","Etosha1","Etosha1","African elephant - Namibia (Kilian)"
20661294801,true,2013-07-18 23:49:00.000,16.53855,-18.93375,"Halali-Agab",-9999.0,"gps","Loxodonta africana","Etosha1","Etosha1","African elephant - Namibia (Kilian)"
20661294812,true,2013-07-19 00:18:00.000,16.53697,-18.93328,"Halali-Agab",-9999.0,"gps","Loxodonta africana","Etosha1","Etosha1","African elephant - Namibia (Kilian)"
20661294825,true,2013-07-19 00:48:00.000,16.53657,-18.933,"Halali-Agab",-9999.0,"gps","Loxodonta africana","Etosha1","Etosha1","African elephant - Namibia (Kilian)"
20661294832,true,2013-07-19 01:18:00.000,16.53573,-18.93317,"Halali-Agab",-9999.0,"gps","Loxodonta africana","Etosha1","Etosha1","African elephant - Namibia (Kilian)"
20661294845,true,2013-07-19 01:48:00.000,16.53567,-18.9337,"Halali-Agab",-9999.0,"gps","Loxodonta africana","Etosha1","Etosha1","African elephant - Namibia (Kilian)"
20661294854,true,2013-07-19 02:19:00.000,16.53445,-18.93548,"Halali-Agab",-9999.0,"gps","Loxodonta africana","Etosha1","Etosha1","African elephant - Namibia (Kilian)"
20661294874,true,2013-07-19 03:19:00.000,16.53295,-18.93692,"Halali-Agab",-9999.0,"gps","Loxodonta africana","Etosha1","Etosha1","African elephant - Namibia (Kilian)"
20661294916,true,2013-07-19 05:04:00.000,16.5285,-18.93887,"Halali-Agab",-9999.0,"gps","Loxodonta africana","Etosha1","Etosha1","African elephant - Namibia (Kilian)"
20661294926,true,2013-07-19 05:32:00.000,16.52835,-18.93897,"Halali-Agab",-9999.0,"gps","Loxodonta africana","Etosha1","Etosha1","African elephant - Namibia (Kilian)"
20661294938,true,2013-07-19 06:02:00.000,16.52813,-18.93878,"Halali-Agab",-9999.0,"gps","Loxodonta africana","Etosha1","Etosha1","African elephant - Namibia (Kilian)"
20661294949,true,2013-07-19 06:32:00.000,16.52817,-18.93912,"Halali-Agab",-9999.0,"gps","Loxodonta africana","Etosha1","Etosha1","African elephant - Namibia (Kilian)"
20661294962,true,2013-07-19 07:02:00.000,16.529,-18.93907,"Halali-Agab",-9999.0,"gps","Loxodonta africana","Etosha1","Etosha1","African elephant - Namibia (Kilian)"
20661294972,true,2013-07-19 07:32:00.000,16.52905,-18.93895,"Halali-Agab",-9999.0,"gps","Loxodonta africana","Etosha1","Etosha1","African elephant - Namibia (Kilian)"
20661294985,true,2013-07-19 08:03:00.000,16.52737,-18.9428,"Halali-Agab",-9999.0,"gps","Loxodonta africana","Etosha1","Etosha1","African elephant - Namibia (Kilian)"
20661294996,true,2013-07-19 08:32:00.000,16.5208,-18.94837,"Halali-Agab",-9999.0,"gps","Loxodonta africana","Etosha1","Etosha1","African elephant - Namibia (Kilian)"
20661295009,true,2013-07-19 09:02:00.000,16.51537,-18.9548,"Halali-Agab",-9999.0,"gps","Loxodonta africana","Etosha1","Etosha1","African elephant - Namibia (Kilian)"
20661295020,true,2013-07-19 09:32:00.000,16.50853,-18.9558,"Halali-Agab",-9999.0,"gps","Loxodonta africana","Etosha1","Etosha1","African elephant - Namibia (Kilian)"
20661295033,true,2013-07-19 10:02:00.000,16.50617,-18.95582,"Halali-Agab",-9999.0,"gps","Loxodonta africana","Etosha1","Etosha1","African elephant - Namibia (Kilian)"
20661295044,true,2013-07-19 10:32:00.000,16.50637,-18.95602,"Halali-Agab",-9999.0,"gps","Loxodonta africana","Etosha1","Etosha1","African elephant - Namibia (Kilian)"
20661295057,true,2013-07-19 11:02:00.000,16.50605,-18.95602,"Halali-Agab",-9999.0,"gps","Loxodonta africana","Etosha1","Etosha1","African elephant - Namibia (Kilian)"
20661295069,true,2013-07-19 11:32:00.000,16.5061,-18.95563,"Halali-Agab",-9999.0,"gps","Loxodonta africana","Etosha1","Etosha1","African elephant - Namibia (Kilian)"
20661295082,true,2013-07-19 12:03:00.000,16.506,-18.95592,"Halali-Agab",-9999.0,"gps","Loxodonta africana","Etosha1","Etosha1","African elephant - Namibia (Kilian)"
20661295091,true,2013-07-19 12:32:00.000,16.506,-18.9559,"Halali-Agab",-9999.0,"gps","Loxodonta africana","Etosha1","Etosha1","African elephant - Namibia (Kilian)"
20661295103,true,2013-07-19 13:03:00.000,16.50597,-18.95593,"Halali-Agab",-9999.0,"gps","Loxodonta africana","Etosha1","Etosha1","African elephant - Namibia (Kilian)"
20661295128,true,2013-07-19 14:16:00.000,16.50638,-18.95082,"Halali-Agab",-9999.0,"gps","Loxodonta africana","Etosha1","Etosha1","African elephant - Namibia (Kilian)"
20661295142,true,2013-07-19 14:45:00.000,16.50767,-18.94948,"Halali-Agab",-9999.0,"gps","Loxodonta africana","Etosha1","Etosha1","African elephant - Namibia (Kilian)"
20661295151,true,2013-07-19 15:15:00.000,16.50855,-18.94933,"Halali-Agab",-9999.0,"gps","Loxodonta africana","Etosha1","Etosha1","African elephant - Namibia (Kilian)"
20661295167,true,2013-07-19 15:44:00.000,16.50965,-18.94872,"Halali-Agab",-9999.0,"gps","Loxodonta africana","Etosha1","Etosha1","African elephant - Namibia (Kilian)"
20661295178,true,2013-07-19 16:14:00.000,16.51017,-18.94598,"Halali-Agab",-9999.0,"gps","Loxodonta africana","Etosha1","Etosha1","African elephant - Namibia (Kilian)"
20661295192,true,2013-07-19 16:45:00.000,16.50495,-18.93937,"Halali-Agab",-9999.0,"gps","Loxodonta africana","Etosha1","Etosha1","African elephant - Namibia (Kilian)"
20661295202,true,2013-07-19 17:16:00.000,16.50737,-18.93743,"Halali-Agab",-9999.0,"gps","Loxodonta africana","Etosha1","Etosha1","African elephant - Namibia (Kilian)"
20661295215,true,2013-07-19 17:44:00.000,16.50822,-18.93443,"Halali-Agab",-9999.0,"gps","Loxodonta africana","Etosha1","Etosha1","African elephant - Namibia (Kilian)"
20661295226,true,2013-07-19 18:14:00.000,16.50927,-18.93363,"Halali-Agab",-9999.0,"gps","Loxodonta africana","Etosha1","Etosha1","African elephant - Namibia (Kilian)"
20661295240,true,2013-07-19 18:45:00.000,16.50958,-18.93325,"Halali-Agab",-9999.0,"gps","Loxodonta africana","Etosha1","Etosha1","African elephant - Namibia (Kilian)"
20661295250,true,2013-07-19 19:15:00.000,16.51013,-18.93303,"Halali-Agab",-9999.0,"gps","Loxodonta africana","Etosha1","Etosha1","African elephant - Namibia (Kilian)"
20661295265,true,2013-07-19 19:45:00.000,16.51107,-18.93275,"Halali-Agab",-9999.0,"gps","Loxodonta africana","Etosha1","Etosha1","African elephant - Namibia (Kilian)"
20661295275,true,2013-07-19 20:15:00.000,16.51133,-18.93277,"Halali-Agab",-9999.0,"gps","Loxodonta africana","Etosha1","Etosha1","African elephant - Namibia (Kilian)"
20661295290,true,2013-07-19 20:45:00.000,16.51338,-18.93313,"Halali-Agab",-9999.0,"gps","Loxodonta africana","Etosha1","Etosha1","African elephant - Namibia (Kilian)"
20661295300,true,2013-07-19 21:15:00.000,16.51502,-18.93328,"Halali-Agab",-9999.0,"gps","Loxodonta africana","Etosha1","Etosha1","African elephant - Namibia (Kilian)"
20661295314,true,2013-07-19 21:45:00.000,16.51588,-18.9332,"Halali-Agab",-9999.0,"gps","Loxodonta africana","Etosha1","Etosha1","African elephant - Namibia (Kilian)"
20661295324,true,2013-07-19 22:17:00.000,16.51662,-18.93315,"Halali-Agab",-9999.0,"gps","Loxodonta africana","Etosha1","Etosha1","African elephant - Namibia (Kilian)"
20661295338,true,2013-07-19 22:47:00.000,16.5167,-18.93335,"Halali-Agab",-9999.0,"gps","Loxodonta africana","Etosha1","Etosha1","African elephant - Namibia (Kilian)"
20661295360,true,2013-07-19 23:45:00.000,16.51673,-18.93333,"Halali-Agab",-9999.0,"gps","Loxodonta africana","Etosha1","Etosha1","African elephant - Namibia (Kilian)"
20661295370,true,2013-07-20 00:15:00.000,16.51693,-18.93323,"Halali-Agab",-9999.0,"gps","Loxodonta africana","Etosha1","Etosha1","African elephant - Namibia (Kilian)"
20661295382,true,2013-07-20 00:45:00.000,16.51698,-18.93308,"Halali-Agab",-9999.0,"gps","Loxodonta africana","Etosha1","Etosha1","African elephant - Namibia (Kilian)"
20661295390,true,2013-07-20 01:14:00.000,16.51803,-18.93182,"Halali-Agab",-9999.0,"gps","Loxodonta africana","Etosha1","Etosha1","African elephant - Namibia (Kilian)"
20661295406,true,2013-07-20 01:45:00.000,16.51843,-18.93163,"Halali-Agab",-9999.0,"gps","Loxodonta africana","Etosha1","Etosha1","African elephant - Namibia (Kilian)"
20661295413,true,2013-07-20 02:14:00.000,16.52002,-18.93118,"Halali-Agab",-9999.0,"gps","Loxodonta africana","Etosha1","Etosha1","African elephant - Namibia (Kilian)"
20661295427,true,2013-07-20 02:45:00.000,16.52085,-18.9316,"Halali-Agab",-9999.0,"gps","Loxodonta africana","Etosha1","Etosha1","African elephant - Namibia (Kilian)"
20661295435,true,2013-07-20 03:14:00.000,16.52248,-18.93165,"Halali-Agab",-9999.0,"gps","Loxodonta africana","Etosha1","Etosha1","African elephant - Namibia (Kilian)"
20661295452,true,2013-07-20 03:45:00.000,16.5226,-18.93167,"Halali-Agab",-9999.0,"gps","Loxodonta africana","Etosha1","Etosha1","African elephant - Namibia (Kilian)"
20661295461,true,2013-07-20 04:15:00.000,16.5226,-18.93173,"Halali-Agab",-9999.0,"gps","Loxodonta africana","Etosha1","Etosha1","African elephant - Namibia (Kilian)"
20661295477,true,2013-07-20 04:47:00.000,16.52252,-18.93182,"Halali-Agab",-9999.0,"gps","Loxodonta africana","Etosha1","Etosha1","African elephant - Namibia (Kilian)"
20661295483,true,2013-07-20 05:14:00.000,16.52255,-18.93172,"Halali-Agab",-9999.0,"gps","Loxodonta africana","Etosha1","Etosha1","African elephant - Namibia (Kilian)"
20661295496,true,2013-07-20 05:44:00.000,16.52282,-18.9319,"Halali-Agab",-9999.0,"gps","Loxodonta africana","Etosha1","Etosha1","African elephant - Namibia (Kilian)"
20661295505,true,2013-07-20 06:14:00.000,16.52512,-18.9327,"Halali-Agab",-9999.0,"gps","Loxodonta africana","Etosha1","Etosha1","African elephant - Namibia (Kilian)"
20661295520,true,2013-07-20 06:45:00.000,16.52812,-18.93332,"Halali-Agab",-9999.0,"gps","Loxodonta africana","Etosha1","Etosha1","African elephant - Namibia (Kilian)"
20661295528,true,2013-07-20 07:14:00.000,16.5313,-18.9338,"Halali-Agab",-9999.0,"gps","Loxodonta africana","Etosha1","Etosha1","African elephant - Namibia (Kilian)"
20661295545,true,2013-07-20 07:45:00.000,16.53215,-18.93377,"Halali-Agab",-9999.0,"gps","Loxodonta africana","Etosha1","Etosha1","African elephant - Namibia (Kilian)"
20661295555,true,2013-07-20 08:14:00.000,16.53388,-18.9348,"Halali-Agab",-9999.0,"gps","Loxodonta africana","Etosha1","Etosha1","African elephant - Namibia (Kilian)"
20661295570,true,2013-07-20 08:45:00.000,16.53498,-18.93582,"Halali-Agab",-9999.0,"gps","Loxodonta africana","Etosha1","Etosha1","African elephant - Namibia (Kilian)"
20661295580,true,2013-07-20 09:15:00.000,16.5403,-18.94062,"Halali-Agab",-9999.0,"gps","Loxodonta africana","Etosha1","Etosha1","African elephant - Namibia (Kilian)"
20661295595,true,2013-07-20 09:45:00.000,16.54297,-18.94368,"Halali-Agab",-9999.0,"gps","Loxodonta africana","Etosha1","Etosha1","African elephant - Namibia (Kilian)"
20661295604,true,2013-07-20 10:14:00.000,16.54508,-18.94503,"Halali-Agab",-9999.0,"gps","Loxodonta africana","Etosha1","Etosha1","African elephant - Namibia (Kilian)"
20661295617,true,2013-07-20 10:44:00.000,16.5481,-18.94388,"Halali-Agab",-9999.0,"gps","Loxodonta africana","Etosha1","Etosha1","African elephant - Namibia (Kilian)"
20661295629,true,2013-07-20 11:15:00.000,16.55108,-18.9406,"Halali-Agab",-9999.0,"gps","Loxodonta africana","Etosha1","Etosha1","African elephant - Namibia (Kilian)"
20661295642,true,2013-07-20 11:46:00.000,16.55183,-18.94085,"Halali-Agab",-9999.0,"gps","Loxodonta africana","Etosha1","Etosha1","African elephant - Namibia (Kilian)"
20661295651,true,2013-07-20 12:15:00.000,16.55612,-18.93955,"Halali-Agab",-9999.0,"gps","Loxodonta africana","Etosha1","Etosha1","African elephant - Namibia (Kilian)"
20661295664,true,2013-07-20 12:44:00.000,16.55823,-18.9396,"Halali-Agab",-9999.0,"gps","Loxodonta africana","Etosha1","Etosha1","African elephant - Namibia (Kilian)"
20661295685,true,2013-07-20 13:45:00.000,16.56028,-18.94062,"Halali-Agab",-9999.0,"gps","Loxodonta africana","Etosha1","Etosha1","African elephant - Namibia (Kilian)"
20661295695,true,2013-07-20 14:14:00.000,16.56073,-18.94105,"Halali-Agab",-9999.0,"gps","Loxodonta africana","Etosha1","Etosha1","African elephant - Namibia (Kilian)"
20661295708,true,2013-07-20 14:46:00.000,16.56148,-18.94162,"Halali-Agab",-9999.0,"gps","Loxodonta africana","Etosha1","Etosha1","African elephant - Namibia (Kilian)"
20661295717,true,2013-07-20 15:14:00.000,16.56207,-18.94223,"Halali-Agab",-9999.0,"gps","Loxodonta africana","Etosha1","Etosha1","African elephant - Namibia (Kilian)"
20661295731,true,2013-07-20 15:45:00.000,16.56427,-18.94512,"Halali-Agab",-9999.0,"gps","Loxodonta africana","Etosha1","Etosha1","African elephant - Namibia (Kilian)"
20661295742,true,2013-07-20 16:15:00.000,16.56567,-18.94683,"Halali-Agab",-9999.0,"gps","Loxodonta africana","Etosha1","Etosha1","African elephant - Namibia (Kilian)"
20661295756,true,2013-07-20 16:44:00.000,16.56718,-18.94817,"Halali-Agab",-9999.0,"gps","Loxodonta africana","Etosha1","Etosha1","African elephant - Namibia (Kilian)"
20661295765,true,2013-07-20 17:14:00.000,16.56847,-18.94793,"Halali-Agab",-9999.0,"gps","Loxodonta africana","Etosha1","Etosha1","African elephant - Namibia (Kilian)"
20661295778,true,2013-07-20 17:46:00.000,16.56898,-18.948,"Halali-Agab",-9999.0,"gps","Loxodonta africana","Etosha1","Etosha1","African elephant - Namibia (Kilian)"
20661295788,true,2013-07-20 18:14:00.000,16.5699,-18.94812,"Halali-Agab",-9999.0,"gps","Loxodonta africana","Etosha1","Etosha1","African elephant - Namibia (Kilian)"
20661295811,true,2013-07-20 19:10:00.000,16.571,-18.94677,"Halali-Agab",-9999.0,"gps","Loxodonta africana","Etosha1","Etosha1","African elephant - Namibia (Kilian)"
20661295829,true,2013-07-20 19:58:00.000,16.5707,-18.94208,"Halali-Agab",-9999.0,"gps","Loxodonta africana","Etosha1","Etosha1","African elephant - Namibia (Kilian)"
20661295843,true,2013-07-20 20:28:00.000,16.57015,-18.93985,"Halali-Agab",-9999.0,"gps","Loxodonta africana","Etosha1","Etosha1","African elephant - Namibia (Kilian)"
20661295854,true,2013-07-20 20:57:00.000,16.57018,-18.93565,"Halali-Agab",-9999.0,"gps","Loxodonta africana","Etosha1","Etosha1","African elephant - Namibia (Kilian)"
20661295867,true,2013-07-20 21:28:00.000,16.57138,-18.93295,"Halali-Agab",-9999.0,"gps","Loxodonta africana","Etosha1","Etosha1","African elephant - Namibia (Kilian)"
20661295878,true,2013-07-20 21:57:00.000,16.57133,-18.9323,"Halali-Agab",-9999.0,"gps","Loxodonta africana","Etosha1","Etosha1","African elephant - Namibia (Kilian)"
20661295891,true,2013-07-20 22:27:00.000,16.57092,-18.93147,"Halali-Agab",-9999.0,"gps","Loxodonta africana","Etosha1","Etosha1","African elephant - Namibia (Kilian)"
20661295902,true,2013-07-20 22:58:00.000,16.57098,-18.93108,"Halali-Agab",-9999.0,"gps","Loxodonta africana","Etosha1","Etosha1","African elephant - Namibia (Kilian)"
20661295916,true,2013-07-20 23:29:00.000,16.57105,-18.93147,"Halali-Agab",-9999.0,"gps","Loxodonta africana","Etosha1","Etosha1","African elephant - Namibia (Kilian)"
20661295927,true,2013-07-20 23:58:00.000,16.57198,-18.93182,"Halali-Agab",-9999.0,"gps","Loxodonta africana","Etosha1","Etosha1","African elephant - Namibia (Kilian)"
20661295941,true,2013-07-21 00:27:00.000,16.57283,-18.93195,"Halali-Agab",-9999.0,"gps","Loxodonta africana","Etosha1","Etosha1","African elephant - Namibia (Kilian)"
20661295952,true,2013-07-21 00:58:00.000,16.57578,-18.93203,"Halali-Agab",-9999.0,"gps","Loxodonta africana","Etosha1","Etosha1","African elephant - Namibia (Kilian)"
20661295965,true,2013-07-21 01:27:00.000,16.57682,-18.93225,"Halali-Agab",-9999.0,"gps","Loxodonta africana","Etosha1","Etosha1","African elephant - Namibia (Kilian)"
20661295975,true,2013-07-21 01:58:00.000,16.57708,-18.93238,"Halali-Agab",-9999.0,"gps","Loxodonta africana","Etosha1","Etosha1","African elephant - Namibia (Kilian)"
20661295988,true,2013-07-21 02:30:00.000,16.57732,-18.93217,"Halali-Agab",-9999.0,"gps","Loxodonta africana","Etosha1","Etosha1","African elephant - Namibia (Kilian)"
20661295999,true,2013-07-21 02:57:00.000,16.57723,-18.93212,"Halali-Agab",-9999.0,"gps","Loxodonta africana","Etosha1","Etosha1","African elephant - Namibia (Kilian)"
20661296014,true,2013-07-21 03:28:00.000,16.57717,-18.93245,"Halali-Agab",-9999.0,"gps","Loxodonta africana","Etosha1","Etosha1","African elephant - Namibia (Kilian)"
20661296024,true,2013-07-21 03:58:00.000,16.57712,-18.93243,"Halali-Agab",-9999.0,"gps","Loxodonta africana","Etosha1","Etosha1","African elephant - Namibia (Kilian)"
20661296037,true,2013-07-21 04:28:00.000,16.57722,-18.93233,"Halali-Agab",-9999.0,"gps","Loxodonta africana","Etosha1","Etosha1","African elephant - Namibia (Kilian)"
20661296047,true,2013-07-21 04:58:00.000,16.57732,-18.93362,"Halali-Agab",-9999.0,"gps","Loxodonta africana","Etosha1","Etosha1","African elephant - Namibia (Kilian)"
20661296058,true,2013-07-21 05:28:00.000,16.5775,-18.93515,"Halali-Agab",-9999.0,"gps","Loxodonta africana","Etosha1","Etosha1","African elephant - Namibia (Kilian)"
20661296069,true,2013-07-21 05:58:00.000,16.57725,-18.93927,"Halali-Agab",-9999.0,"gps","Loxodonta africana","Etosha1","Etosha1","African elephant - Namibia (Kilian)"
20661296082,true,2013-07-21 06:27:00.000,16.57728,-18.94377,"Halali-Agab",-9999.0,"gps","Loxodonta africana","Etosha1","Etosha1","African elephant - Namibia (Kilian)"
20661296093,true,2013-07-21 06:57:00.000,16.57633,-18.94828,"Halali-Agab",-9999.0,"gps","Loxodonta africana","Etosha1","Etosha1","African elephant - Namibia (Kilian)"
20661296107,true,2013-07-21 07:28:00.000,16.57237,-18.95072,"Halali-Agab",-9999.0,"gps","Loxodonta africana","Etosha1","Etosha1","African elephant - Namibia (Kilian)"
20661296117,true,2013-07-21 07:57:00.000,16.56973,-18.95133,"Halali-Agab",-9999.0,"gps","Loxodonta africana","Etosha1","Etosha1","African elephant - Namibia (Kilian)"
20661296130,true,2013-07-21 08:27:00.000,16.56747,-18.95325,"Halali-Agab",-9999.0,"gps","Loxodonta africana","Etosha1","Etosha1","African elephant - Namibia (Kilian)"
20661296140,true,2013-07-21 08:58:00.000,16.56472,-18.95627,"Halali-Agab",-9999.0,"gps","Loxodonta africana","Etosha1","Etosha1","African elephant - Namibia (Kilian)"
20661296153,true,2013-07-21 09:27:00.000,16.56298,-18.95963,"Halali-Agab",-9999.0,"gps","Loxodonta africana","Etosha1","Etosha1","African elephant - Namibia (Kilian)"
20661296164,true,2013-07-21 09:58:00.000,16.5619,-18.9618,"Halali-Agab",-9999.0,"gps","Loxodonta africana","Etosha1","Etosha1","African elephant - Namibia (Kilian)"
20661296177,true,2013-07-21 10:28:00.000,16.56177,-18.96178,"Halali-Agab",-9999.0,"gps","Loxodonta africana","Etosha1","Etosha1","African elephant - Namibia (Kilian)"
20661296188,true,2013-07-21 10:58:00.000,16.56103,-18.96268,"Halali-Agab",-9999.0,"gps","Loxodonta africana","Etosha1","Etosha1","African elephant - Namibia (Kilian)"
20661296200,true,2013-07-21 11:27:00.000,16.5604,-18.96485,"Halali-Agab",-9999.0,"gps","Loxodonta africana","Etosha1","Etosha1","African elephant - Namibia (Kilian)"
20661296217,true,2013-07-21 12:10:00.000,16.55965,-18.96877,"Halali-Agab",-9999.0,"gps","Loxodonta africana","Etosha1","Etosha1","African elephant - Namibia (Kilian)"
20661296228,true,2013-07-21 12:38:00.000,16.55882,-18.97123,"Halali-Agab",-9999.0,"gps","Loxodonta africana","Etosha1","Etosha1","African elephant - Namibia (Kilian)"
20661296241,true,2013-07-21 13:09:00.000,16.55928,-18.97543,"Halali-Agab",-9999.0,"gps","Loxodonta africana","Etosha1","Etosha1","African elephant - Namibia (Kilian)"
20661296251,true,2013-07-21 13:38:00.000,16.55865,-18.97685,"Halali-Agab",-9999.0,"gps","Loxodonta africana","Etosha1","Etosha1","African elephant - Namibia (Kilian)"
20661296264,true,2013-07-21 14:10:00.000,16.558,-18.97822,"Halali-Agab",-9999.0,"gps","Loxodonta africana","Etosha1","Etosha1","African elephant - Namibia (Kilian)"
20661296273,true,2013-07-21 14:38:00.000,16.55813,-18.97832,"Halali-Agab",-9999.0,"gps","Loxodonta africana","Etosha1","Etosha1","African elephant - Namibia (Kilian)"
20661296286,true,2013-07-21 15:08:00.000,16.5592,-18.98548,"Halali-Agab",-9999.0,"gps","Loxodonta africana","Etosha1","Etosha1","African elephant - Namibia (Kilian)"
20661296298,true,2013-07-21 15:38:00.000,16.5578,-18.991,"Halali-Agab",-9999.0,"gps","Loxodonta africana","Etosha1","Etosha1","African elephant - Namibia (Kilian)"
20661296310,true,2013-07-21 16:08:00.000,16.55992,-18.98545,"Halali-Agab",-9999.0,"gps","Loxodonta africana","Etosha1","Etosha1","African elephant - Namibia (Kilian)"
20661296323,true,2013-07-21 16:39:00.000,16.56553,-18.97488,"Halali-Agab",-9999.0,"gps","Loxodonta africana","Etosha1","Etosha1","African elephant - Namibia (Kilian)"
20661296336,true,2013-07-21 17:08:00.000,16.56647,-18.97082,"Halali-Agab",-9999.0,"gps","Loxodonta africana","Etosha1","Etosha1","African elephant - Namibia (Kilian)"
20661296347,true,2013-07-21 17:38:00.000,16.56693,-18.96988,"Halali-Agab",-9999.0,"gps","Loxodonta africana","Etosha1","Etosha1","African elephant - Namibia (Kilian)"
20661296360,true,2013-07-21 18:08:00.000,16.5675,-18.96757,"Halali-Agab",-9999.0,"gps","Loxodonta africana","Etosha1","Etosha1","African elephant - Namibia (Kilian)"
20661296371,true,2013-07-21 18:38:00.000,16.56638,-18.96502,"Halali-Agab",-9999.0,"gps","Loxodonta africana","Etosha1","Etosha1","African elephant - Namibia (Kilian)"
20661296383,true,2013-07-21 19:08:00.000,16.56615,-18.96423,"Halali-Agab",-9999.0,"gps","Loxodonta africana","Etosha1","Etosha1","African elephant - Namibia (Kilian)"
20661296396,true,2013-07-21 19:38:00.000,16.56602,-18.96345,"Halali-Agab",-9999.0,"gps","Loxodonta africana","Etosha1","Etosha1","African elephant - Namibia (Kilian)"
20661296410,true,2013-07-21 20:09:00.000,16.5669,-18.96075,"Halali-Agab",-9999.0,"gps","Loxodonta africana","Etosha1","Etosha1","African elephant - Namibia (Kilian)"
20661296420,true,2013-07-21 20:38:00.000,16.56608,-18.95505,"Halali-Agab",-9999.0,"gps","Loxodonta africana","Etosha1","Etosha1","African elephant - Namibia (Kilian)"
20661296434,true,2013-07-21 21:09:00.000,16.56573,-18.95217,"Halali-Agab",-9999.0,"gps","Loxodonta africana","Etosha1","Etosha1","African elephant - Namibia (Kilian)"
20661296445,true,2013-07-21 21:38:00.000,16.5647,-18.94937,"Halali-Agab",-9999.0,"gps","Loxodonta africana","Etosha1","Etosha1","African elephant - Namibia (Kilian)"
20661296457,true,2013-07-21 22:08:00.000,16.56443,-18.94875,"Halali-Agab",-9999.0,"gps","Loxodonta africana","Etosha1","Etosha1","African elephant - Namibia (Kilian)"
20661296489,true,2013-07-21 23:29:00.000,16.56312,-18.94952,"Halali-Agab",-9999.0,"gps","Loxodonta africana","Etosha1","Etosha1","African elephant - Namibia (Kilian)"
20661296500,true,2013-07-21 23:59:00.000,16.56433,-18.94817,"Halali-Agab",-9999.0,"gps","Loxodonta africana","Etosha1","Etosha1","African elephant - Namibia (Kilian)"
20661296513,true,2013-07-22 00:28:00.000,16.5682,-18.94638,"Halali-Agab",-9999.0,"gps","Loxodonta africana","Etosha1","Etosha1","African elephant - Namibia (Kilian)"
20661296524,true,2013-07-22 00:58:00.000,16.56948,-18.94602,"Halali-Agab",-9999.0,"gps","Loxodonta africana","Etosha1","Etosha1","African elephant - Namibia (Kilian)"
20661296537,true,2013-07-22 01:28:00.000,16.56992,-18.9456,"Halali-Agab",-9999.0,"gps","Loxodonta africana","Etosha1","Etosha1","African elephant - Namibia (Kilian)"
20661296548,true,2013-07-22 01:58:00.000,16.56985,-18.9448,"Halali-Agab",-9999.0,"gps","Loxodonta africana","Etosha1","Etosha1","African elephant - Namibia (Kilian)"
20661296561,true,2013-07-22 02:28:00.000,16.56963,-18.9438,"Halali-Agab",-9999.0,"gps","Loxodonta africana","Etosha1","Etosha1","African elephant - Namibia (Kilian)"
20661296574,true,2013-07-22 03:00:00.000,16.56965,-18.94383,"Halali-Agab",-9999.0,"gps","Loxodonta africana","Etosha1","Etosha1","African elephant - Namibia (Kilian)"
20661296586,true,2013-07-22 03:28:00.000,16.5691,-18.9431,"Halali-Agab",-9999.0,"gps","Loxodonta africana","Etosha1","Etosha1","African elephant - Namibia (Kilian)"
20661296596,true,2013-07-22 03:58:00.000,16.56873,-18.94258,"Halali-Agab",-9999.0,"gps","Loxodonta africana","Etosha1","Etosha1","African elephant - Namibia (Kilian)"
20661296626,true,2013-07-22 05:18:00.000,16.56898,-18.94253,"Halali-Agab",-9999.0,"gps","Loxodonta africana","Etosha1","Etosha1","African elephant - Namibia (Kilian)"
20661296669,true,2013-07-22 07:11:00.000,16.5636,-18.9361,"Halali-Agab",-9999.0,"gps","Loxodonta africana","Etosha1","Etosha1","African elephant - Namibia (Kilian)"
20661296708,true,2013-07-22 08:57:00.000,16.56202,-18.93482,"Halali-Agab",-9999.0,"gps","Loxodonta africana","Etosha1","Etosha1","African elephant - Namibia (Kilian)"
20661296721,true,2013-07-22 09:26:00.000,16.56202,-18.93473,"Halali-Agab",-9999.0,"gps","Loxodonta africana","Etosha1","Etosha1","African elephant - Namibia (Kilian)"
20661296732,true,2013-07-22 09:56:00.000,16.56203,-18.93362,"Halali-Agab",-9999.0,"gps","Loxodonta africana","Etosha1","Etosha1","African elephant - Namibia (Kilian)"
20661296745,true,2013-07-22 10:27:00.000,16.56202,-18.93333,"Halali-Agab",-9999.0,"gps","Loxodonta africana","Etosha1","Etosha1","African elephant - Namibia (Kilian)"
20661296755,true,2013-07-22 10:58:00.000,16.56223,-18.9336,"Halali-Agab",-9999.0,"gps","Loxodonta africana","Etosha1","Etosha1","African elephant - Namibia (Kilian)"
20661296768,true,2013-07-22 11:27:00.000,16.56413,-18.93373,"Halali-Agab",-9999.0,"gps","Loxodonta africana","Etosha1","Etosha1","African elephant - Namibia (Kilian)"
20661296779,true,2013-07-22 11:57:00.000,16.56402,-18.9339,"Halali-Agab",-9999.0,"gps","Loxodonta africana","Etosha1","Etosha1","African elephant - Namibia (Kilian)"
20661296792,true,2013-07-22 12:28:00.000,16.564,-18.93398,"Halali-Agab",-9999.0,"gps","Loxodonta africana","Etosha1","Etosha1","African elephant - Namibia (Kilian)"
20661296820,true,2013-07-22 13:59:00.000,16.56453,-18.93392,"Halali-Agab",-9999.0,"gps","Loxodonta africana","Etosha1","Etosha1","African elephant - Namibia (Kilian)"
20661296833,true,2013-07-22 14:26:00.000,16.56647,-18.93205,"Halali-Agab",-9999.0,"gps","Loxodonta africana","Etosha1","Etosha1","African elephant - Namibia (Kilian)"
20661296844,true,2013-07-22 14:56:00.000,16.56665,-18.93242,"Halali-Agab",-9999.0,"gps","Loxodonta africana","Etosha1","Etosha1","African elephant - Namibia (Kilian)"
20661296856,true,2013-07-22 15:26:00.000,16.5677,-18.93272,"Halali-Agab",-9999.0,"gps","Loxodonta africana","Etosha1","Etosha1","African elephant - Namibia (Kilian)"
20661296867,true,2013-07-22 15:56:00.000,16.56835,-18.93273,"Halali-Agab",-9999.0,"gps","Loxodonta africana","Etosha1","Etosha1","African elephant - Namibia (Kilian)"
20661296880,true,2013-07-22 16:26:00.000,16.56788,-18.93303,"Halali-Agab",-9999.0,"gps","Loxodonta africana","Etosha1","Etosha1","African elephant - Namibia (Kilian)"
20661296889,true,2013-07-22 16:56:00.000,16.56632,-18.93313,"Halali-Agab",-9999.0,"gps","Loxodonta africana","Etosha1","Etosha1","African elephant - Namibia (Kilian)"
20661296902,true,2013-07-22 17:26:00.000,16.56453,-18.9326,"Halali-Agab",-9999.0,"gps","Loxodonta africana","Etosha1","Etosha1","African elephant - Namibia (Kilian)"
20661296912,true,2013-07-22 17:56:00.000,16.56357,-18.93275,"Halali-Agab",-9999.0,"gps","Loxodonta africana","Etosha1","Etosha1","African elephant - Namibia (Kilian)"
20661296925,true,2013-07-22 18:26:00.000,16.5614,-18.93448,"Halali-Agab",-9999.0,"gps","Loxodonta africana","Etosha1","Etosha1","African elephant - Namibia (Kilian)"
20661296936,true,2013-07-22 18:56:00.000,16.55915,-18.93642,"Halali-Agab",-9999.0,"gps","Loxodonta africana","Etosha1","Etosha1","African elephant - Namibia (Kilian)"
20661296949,true,2013-07-22 19:26:00.000,16.55612,-18.93898,"Halali-Agab",-9999.0,"gps","Loxodonta africana","Etosha1","Etosha1","African elephant - Namibia (Kilian)"
20661296961,true,2013-07-22 19:56:00.000,16.55592,-18.93962,"Halali-Agab",-9999.0,"gps","Loxodonta africana","Etosha1","Etosha1","African elephant - Namibia (Kilian)"
20661296976,true,2013-07-22 20:27:00.000,16.55425,-18.94097,"Halali-Agab",-9999.0,"gps","Loxodonta africana","Etosha1","Etosha1","African elephant - Namibia (Kilian)"
20661296986,true,2013-07-22 20:56:00.000,16.54818,-18.94343,"Halali-Agab",-9999.0,"gps","Loxodonta africana","Etosha1","Etosha1","African elephant - Namibia (Kilian)"
20661296998,true,2013-07-22 21:26:00.000,16.5477,-18.94317,"Halali-Agab",-9999.0,"gps","Loxodonta africana","Etosha1","Etosha1","African elephant - Namibia (Kilian)"
20661297009,true,2013-07-22 21:56:00.000,16.54647,-18.9425,"Halali-Agab",-9999.0,"gps","Loxodonta africana","Etosha1","Etosha1","African elephant - Namibia (Kilian)"
20661297021,true,2013-07-22 22:26:00.000,16.5445,-18.93985,"Halali-Agab",-9999.0,"gps","Loxodonta africana","Etosha1","Etosha1","African elephant - Namibia (Kilian)"
20661297032,true,2013-07-22 22:56:00.000,16.5432,-18.93832,"Halali-Agab",-9999.0,"gps","Loxodonta africana","Etosha1","Etosha1","African elephant - Namibia (Kilian)"
20661297045,true,2013-07-22 23:26:00.000,16.54065,-18.93535,"Halali-Agab",-9999.0,"gps","Loxodonta africana","Etosha1","Etosha1","African elephant - Namibia (Kilian)"
20661297057,true,2013-07-22 23:56:00.000,16.53908,-18.93428,"Halali-Agab",-9999.0,"gps","Loxodonta africana","Etosha1","Etosha1","African elephant - Namibia (Kilian)"
20661297069,true,2013-07-23 00:26:00.000,16.53642,-18.93348,"Halali-Agab",-9999.0,"gps","Loxodonta africana","Etosha1","Etosha1","African elephant - Namibia (Kilian)"
20661297080,true,2013-07-23 00:56:00.000,16.53447,-18.93303,"Halali-Agab",-9999.0,"gps","Loxodonta africana","Etosha1","Etosha1","African elephant - Namibia (Kilian)"
20661297093,true,2013-07-23 01:24:00.000,16.53362,-18.933,"Halali-Agab",-9999.0,"gps","Loxodonta africana","Etosha1","Etosha1","African elephant - Namibia (Kilian)"
20661297094,true,2013-07-23 01:26:00.000,16.53362,-18.933,"Halali-Agab",-9999.0,"gps","Loxodonta africana","Etosha1","Etosha1","African elephant - Namibia (Kilian)"
20661297105,true,2013-07-23 01:57:00.000,16.53362,-18.93322,"Halali-Agab",-9999.0,"gps","Loxodonta africana","Etosha1","Etosha1","African elephant - Namibia (Kilian)"
20661297118,true,2013-07-23 02:25:00.000,16.5337,-18.93262,"Halali-Agab",-9999.0,"gps","Loxodonta africana","Etosha1","Etosha1","African elephant - Namibia (Kilian)"
20661297128,true,2013-07-23 02:55:00.000,16.53368,-18.93287,"Halali-Agab",-9999.0,"gps","Loxodonta africana","Etosha1","Etosha1","African elephant - Namibia (Kilian)"
20661297140,true,2013-07-23 03:25:00.000,16.53343,-18.93307,"Halali-Agab",-9999.0,"gps","Loxodonta africana","Etosha1","Etosha1","African elephant - Namibia (Kilian)"
20661297151,true,2013-07-23 03:55:00.000,16.53355,-18.933,"Halali-Agab",-9999.0,"gps","Loxodonta africana","Etosha1","Etosha1","African elephant - Namibia (Kilian)"
20661297164,true,2013-07-23 04:25:00.000,16.53263,-18.93327,"Halali-Agab",-9999.0,"gps","Loxodonta africana","Etosha1","Etosha1","African elephant - Namibia (Kilian)"
20661297173,true,2013-07-23 04:54:00.000,16.53142,-18.9344,"Halali-Agab",-9999.0,"gps","Loxodonta africana","Etosha1","Etosha1","African elephant - Namibia (Kilian)"
20661297185,true,2013-07-23 05:24:00.000,16.53097,-18.93592,"Halali-Agab",-9999.0,"gps","Loxodonta africana","Etosha1","Etosha1","African elephant - Namibia (Kilian)"
20661297194,true,2013-07-23 05:54:00.000,16.5308,-18.9359,"Halali-Agab",-9999.0,"gps","Loxodonta africana","Etosha1","Etosha1","African elephant - Namibia (Kilian)"
20661297206,true,2013-07-23 06:24:00.000,16.53077,-18.93615,"Halali-Agab",-9999.0,"gps","Loxodonta africana","Etosha1","Etosha1","African elephant - Namibia (Kilian)"
20661297217,true,2013-07-23 06:54:00.000,16.53147,-18.93823,"Halali-Agab",-9999.0,"gps","Loxodonta africana","Etosha1","Etosha1","African elephant - Namibia (Kilian)"
20661297230,true,2013-07-23 07:25:00.000,16.5266,-18.94123,"Halali-Agab",-9999.0,"gps","Loxodonta africana","Etosha1","Etosha1","African elephant - Namibia (Kilian)"
20661297240,true,2013-07-23 07:54:00.000,16.521,-18.94535,"Halali-Agab",-9999.0,"gps","Loxodonta africana","Etosha1","Etosha1","African elephant - Namibia (Kilian)"
20661297254,true,2013-07-23 08:24:00.000,16.5182,-18.95252,"Halali-Agab",-9999.0,"gps","Loxodonta africana","Etosha1","Etosha1","African elephant - Namibia (Kilian)"
20661297264,true,2013-07-23 08:54:00.000,16.51562,-18.95733,"Halali-Agab",-9999.0,"gps","Loxodonta africana","Etosha1","Etosha1","African elephant - Namibia (Kilian)"
20661297278,true,2013-07-23 09:24:00.000,16.51418,-18.957,"Halali-Agab",-9999.0,"gps","Loxodonta africana","Etosha1","Etosha1","African elephant - Namibia (Kilian)"
20661297290,true,2013-07-23 09:54:00.000,16.50718,-18.95643,"Halali-Agab",-9999.0,"gps","Loxodonta africana","Etosha1","Etosha1","African elephant - Namibia (Kilian)"
20661297303,true,2013-07-23 10:24:00.000,16.50715,-18.95645,"Halali-Agab",-9999.0,"gps","Loxodonta africana","Etosha1","Etosha1","African elephant - Namibia (Kilian)"
20661297313,true,2013-07-23 10:54:00.000,16.50618,-18.9561,"Halali-Agab",-9999.0,"gps","Loxodonta africana","Etosha1","Etosha1","African elephant - Namibia (Kilian)"
20661297326,true,2013-07-23 11:24:00.000,16.50602,-18.9563,"Halali-Agab",-9999.0,"gps","Loxodonta africana","Etosha1","Etosha1","African elephant - Namibia (Kilian)"
20661297338,true,2013-07-23 11:54:00.000,16.506,-18.95593,"Halali-Agab",-9999.0,"gps","Loxodonta africana","Etosha1","Etosha1","African elephant - Namibia (Kilian)"
20661297352,true,2013-07-23 12:24:00.000,16.50597,-18.9559,"Halali-Agab",-9999.0,"gps","Loxodonta africana","Etosha1","Etosha1","African elephant - Namibia (Kilian)"
20661297362,true,2013-07-23 12:54:00.000,16.50622,-18.95067,"Halali-Agab",-9999.0,"gps","Loxodonta africana","Etosha1","Etosha1","African elephant - Namibia (Kilian)"
20661297376,true,2013-07-23 13:25:00.000,16.50442,-18.9461,"Halali-Agab",-9999.0,"gps","Loxodonta africana","Etosha1","Etosha1","African elephant - Namibia (Kilian)"
20661297387,true,2013-07-23 13:54:00.000,16.50468,-18.93975,"Halali-Agab",-9999.0,"gps","Loxodonta africana","Etosha1","Etosha1","African elephant - Namibia (Kilian)"
20661297400,true,2013-07-23 14:24:00.000,16.50487,-18.93868,"Halali-Agab",-9999.0,"gps","Loxodonta africana","Etosha1","Etosha1","African elephant - Namibia (Kilian)"
20661297410,true,2013-07-23 14:54:00.000,16.50492,-18.93852,"Halali-Agab",-9999.0,"gps","Loxodonta africana","Etosha1","Etosha1","African elephant - Namibia (Kilian)"
20661297424,true,2013-07-23 15:24:00.000,16.5033,-18.9364,"Halali-Agab",-9999.0,"gps","Loxodonta africana","Etosha1","Etosha1","African elephant - Namibia (Kilian)"
20661297435,true,2013-07-23 15:55:00.000,16.50318,-18.93713,"Halali-Agab",-9999.0,"gps","Loxodonta africana","Etosha1","Etosha1","African elephant - Namibia (Kilian)"
20661297448,true,2013-07-23 16:24:00.000,16.5026,-18.938,"Halali-Agab",-9999.0,"gps","Loxodonta africana","Etosha1","Etosha1","African elephant - Namibia (Kilian)"
20661297459,true,2013-07-23 16:54:00.000,16.50268,-18.93987,"Halali-Agab",-9999.0,"gps","Loxodonta africana","Etosha1","Etosha1","African elephant - Namibia (Kilian)"
20661297473,true,2013-07-23 17:24:00.000,16.50313,-18.93928,"Halali-Agab",-9999.0,"gps","Loxodonta africana","Etosha1","Etosha1","African elephant - Namibia (Kilian)"
20661297484,true,2013-07-23 17:54:00.000,16.50345,-18.93897,"Halali-Agab",-9999.0,"gps","Loxodonta africana","Etosha1","Etosha1","African elephant - Namibia (Kilian)"
20661297497,true,2013-07-23 18:24:00.000,16.5038,-18.93703,"Halali-Agab",-9999.0,"gps","Loxodonta africana","Etosha1","Etosha1","African elephant - Namibia (Kilian)"
20661297508,true,2013-07-23 18:55:00.000,16.50437,-18.93555,"Halali-Agab",-9999.0,"gps","Loxodonta africana","Etosha1","Etosha1","African elephant - Namibia (Kilian)"
20661297520,true,2013-07-23 19:24:00.000,16.50525,-18.93547,"Halali-Agab",-9999.0,"gps","Loxodonta africana","Etosha1","Etosha1","African elephant - Namibia (Kilian)"
20661297530,true,2013-07-23 19:54:00.000,16.50538,-18.9358,"Halali-Agab",-9999.0,"gps","Loxodonta africana","Etosha1","Etosha1","African elephant - Namibia (Kilian)"
20661297544,true,2013-07-23 20:24:00.000,16.50547,-18.9365,"Halali-Agab",-9999.0,"gps","Loxodonta africana","Etosha1","Etosha1","African elephant - Namibia (Kilian)"
20661297555,true,2013-07-23 20:54:00.000,16.5064,-18.93675,"Halali-Agab",-9999.0,"gps","Loxodonta africana","Etosha1","Etosha1","African elephant - Namibia (Kilian)"
20661297568,true,2013-07-23 21:24:00.000,16.50617,-18.937,"Halali-Agab",-9999.0,"gps","Loxodonta africana","Etosha1","Etosha1","African elephant - Namibia (Kilian)"
20661297579,true,2013-07-23 21:55:00.000,16.50605,-18.93693,"Halali-Agab",-9999.0,"gps","Loxodonta africana","Etosha1","Etosha1","African elephant - Namibia (Kilian)"
20661297591,true,2013-07-23 22:24:00.000,16.50613,-18.93753,"Halali-Agab",-9999.0,"gps","Loxodonta africana","Etosha1","Etosha1","African elephant - Namibia (Kilian)"
20661297601,true,2013-07-23 22:54:00.000,16.50745,-18.93808,"Halali-Agab",-9999.0,"gps","Loxodonta africana","Etosha1","Etosha1","African elephant - Namibia (Kilian)"
20661297613,true,2013-07-23 23:25:00.000,16.50995,-18.93888,"Halali-Agab",-9999.0,"gps","Loxodonta africana","Etosha1","Etosha1","African elephant - Namibia (Kilian)"
20661297623,true,2013-07-23 23:54:00.000,16.51023,-18.93937,"Halali-Agab",-9999.0,"gps","Loxodonta africana","Etosha1","Etosha1","African elephant - Namibia (Kilian)"
20661297638,true,2013-07-24 00:24:00.000,16.51147,-18.93968,"Halali-Agab",-9999.0,"gps","Loxodonta africana","Etosha1","Etosha1","African elephant - Namibia (Kilian)"
20661297649,true,2013-07-24 00:54:00.000,16.5133,-18.93972,"Halali-Agab",-9999.0,"gps","Loxodonta africana","Etosha1","Etosha1","African elephant - Namibia (Kilian)"
20661297662,true,2013-07-24 01:24:00.000,16.51445,-18.93963,"Halali-Agab",-9999.0,"gps","Loxodonta africana","Etosha1","Etosha1","African elephant - Namibia (Kilian)"
20661297673,true,2013-07-24 01:54:00.000,16.51602,-18.9394,"Halali-Agab",-9999.0,"gps","Loxodonta africana","Etosha1","Etosha1","African elephant - Namibia (Kilian)"
20661297688,true,2013-07-24 02:25:00.000,16.51645,-18.93905,"Halali-Agab",-9999.0,"gps","Loxodonta africana","Etosha1","Etosha1","African elephant - Namibia (Kilian)"
20661297697,true,2013-07-24 02:54:00.000,16.51652,-18.93922,"Halali-Agab",-9999.0,"gps","Loxodonta africana","Etosha1","Etosha1","African elephant - Namibia (Kilian)"
20661297730,true,2013-07-24 04:24:00.000,16.51657,-18.93923,"Halali-Agab",-9999.0,"gps","Loxodonta africana","Etosha1","Etosha1","African elephant - Namibia (Kilian)"
20661297740,true,2013-07-24 04:55:00.000,16.51658,-18.93922,"Halali-Agab",-9999.0,"gps","Loxodonta africana","Etosha1","Etosha1","African elephant - Namibia (Kilian)"
20661297753,true,2013-07-24 05:24:00.000,16.51765,-18.93898,"Halali-Agab",-9999.0,"gps","Loxodonta africana","Etosha1","Etosha1","African elephant - Namibia (Kilian)"
20661297764,true,2013-07-24 05:54:00.000,16.51893,-18.93777,"Halali-Agab",-9999.0,"gps","Loxodonta africana","Etosha1","Etosha1","African elephant - Namibia (Kilian)"
20661297778,true,2013-07-24 06:25:00.000,16.52085,-18.93527,"Halali-Agab",-9999.0,"gps","Loxodonta africana","Etosha1","Etosha1","African elephant - Namibia (Kilian)"
20661297788,true,2013-07-24 06:54:00.000,16.52438,-18.9358,"Halali-Agab",-9999.0,"gps","Loxodonta africana","Etosha1","Etosha1","African elephant - Namibia (Kilian)"
20661297801,true,2013-07-24 07:24:00.000,16.52583,-18.93738,"Halali-Agab",-9999.0,"gps","Loxodonta africana","Etosha1","Etosha1","African elephant - Namibia (Kilian)"
20661297812,true,2013-07-24 07:54:00.000,16.52877,-18.9375,"Halali-Agab",-9999.0,"gps","Loxodonta africana","Etosha1","Etosha1","African elephant - Namibia (Kilian)"
20661297825,true,2013-07-24 08:24:00.000,16.5309,-18.93763,"Halali-Agab",-9999.0,"gps","Loxodonta africana","Etosha1","Etosha1","African elephant - Namibia (Kilian)"
20661297836,true,2013-07-24 08:54:00.000,16.53242,-18.9368,"Halali-Agab",-9999.0,"gps","Loxodonta africana","Etosha1","Etosha1","African elephant - Namibia (Kilian)"
20661297850,true,2013-07-24 09:24:00.000,16.53315,-18.93673,"Halali-Agab",-9999.0,"gps","Loxodonta africana","Etosha1","Etosha1","African elephant - Namibia (Kilian)"
20661297862,true,2013-07-24 09:55:00.000,16.53458,-18.93573,"Halali-Agab",-9999.0,"gps","Loxodonta africana","Etosha1","Etosha1","African elephant - Namibia (Kilian)"
20661297874,true,2013-07-24 10:24:00.000,16.53402,-18.93443,"Halali-Agab",-9999.0,"gps","Loxodonta africana","Etosha1","Etosha1","African elephant - Namibia (Kilian)"
20661297885,true,2013-07-24 10:55:00.000,16.53408,-18.93348,"Halali-Agab",-9999.0,"gps","Loxodonta africana","Etosha1","Etosha1","African elephant - Namibia (Kilian)"
20661297897,true,2013-07-24 11:25:00.000,16.53397,-18.93355,"Halali-Agab",-9999.0,"gps","Loxodonta africana","Etosha1","Etosha1","African elephant - Namibia (Kilian)"
20661297908,true,2013-07-24 11:55:00.000,16.53412,-18.93343,"Halali-Agab",-9999.0,"gps","Loxodonta africana","Etosha1","Etosha1","African elephant - Namibia (Kilian)"
20661297919,true,2013-07-24 12:24:00.000,16.53417,-18.93348,"Halali-Agab",-9999.0,"gps","Loxodonta africana","Etosha1","Etosha1","African elephant - Namibia (Kilian)"
20661297928,true,2013-07-24 12:55:00.000,16.53412,-18.93345,"Halali-Agab",-9999.0,"gps","Loxodonta africana","Etosha1","Etosha1","African elephant - Namibia (Kilian)"
20661297940,true,2013-07-24 13:24:00.000,16.53415,-18.93338,"Halali-Agab",-9999.0,"gps","Loxodonta africana","Etosha1","Etosha1","African elephant - Namibia (Kilian)"
20661297951,true,2013-07-24 13:55:00.000,16.53443,-18.9336,"Halali-Agab",-9999.0,"gps","Loxodonta africana","Etosha1","Etosha1","African elephant - Namibia (Kilian)"
20661297964,true,2013-07-24 14:25:00.000,16.53533,-18.93318,"Halali-Agab",-9999.0,"gps","Loxodonta africana","Etosha1","Etosha1","African elephant - Namibia (Kilian)"
20661297974,true,2013-07-24 14:54:00.000,16.53592,-18.93322,"Halali-Agab",-9999.0,"gps","Loxodonta africana","Etosha1","Etosha1","African elephant - Namibia (Kilian)"
20661297987,true,2013-07-24 15:24:00.000,16.54012,-18.93507,"Halali-Agab",-9999.0,"gps","Loxodonta africana","Etosha1","Etosha1","African elephant - Namibia (Kilian)"
20661297998,true,2013-07-24 15:54:00.000,16.54067,-18.9351,"Halali-Agab",-9999.0,"gps","Loxodonta africana","Etosha1","Etosha1","African elephant - Namibia (Kilian)"
20661298012,true,2013-07-24 16:24:00.000,16.54252,-18.93755,"Halali-Agab",-9999.0,"gps","Loxodonta africana","Etosha1","Etosha1","African elephant - Namibia (Kilian)"
20661298023,true,2013-07-24 16:54:00.000,16.5481,-18.94172,"Halali-Agab",-9999.0,"gps","Loxodonta africana","Etosha1","Etosha1","African elephant - Namibia (Kilian)"
20661298040,true,2013-07-24 17:54:00.000,16.55425,-18.93973,"Halali-Agab",-9999.0,"gps","Loxodonta africana","Etosha1","Etosha1","African elephant - Namibia (Kilian)"
20661298053,true,2013-07-24 18:25:00.000,16.55583,-18.93947,"Halali-Agab",-9999.0,"gps","Loxodonta africana","Etosha1","Etosha1","African elephant - Namibia (Kilian)"
20661298064,true,2013-07-24 18:54:00.000,16.55583,-18.93953,"Halali-Agab",-9999.0,"gps","Loxodonta africana","Etosha1","Etosha1","African elephant - Namibia (Kilian)"
20661298077,true,2013-07-24 19:24:00.000,16.5587,-18.94087,"Halali-Agab",-9999.0,"gps","Loxodonta africana","Etosha1","Etosha1","African elephant - Namibia (Kilian)"
20661298088,true,2013-07-24 19:54:00.000,16.56025,-18.9402,"Halali-Agab",-9999.0,"gps","Loxodonta africana","Etosha1","Etosha1","African elephant - Namibia (Kilian)"
20661298103,true,2013-07-24 20:25:00.000,16.56385,-18.9402,"Halali-Agab",-9999.0,"gps","Loxodonta africana","Etosha1","Etosha1","African elephant - Namibia (Kilian)"
20661298114,true,2013-07-24 20:55:00.000,16.56853,-18.9409,"Halali-Agab",-9999.0,"gps","Loxodonta africana","Etosha1","Etosha1","African elephant - Namibia (Kilian)"
20661298128,true,2013-07-24 21:25:00.000,16.57067,-18.9421,"Halali-Agab",-9999.0,"gps","Loxodonta africana","Etosha1","Etosha1","African elephant - Namibia (Kilian)"
20661298136,true,2013-07-24 21:54:00.000,16.57128,-18.94208,"Halali-Agab",-9999.0,"gps","Loxodonta africana","Etosha1","Etosha1","African elephant - Namibia (Kilian)"
20661298149,true,2013-07-24 22:24:00.000,16.57188,-18.94125,"Halali-Agab",-9999.0,"gps","Loxodonta africana","Etosha1","Etosha1","African elephant - Namibia (Kilian)"
20661298160,true,2013-07-24 22:54:00.000,16.57378,-18.93953,"Halali-Agab",-9999.0,"gps","Loxodonta africana","Etosha1","Etosha1","African elephant - Namibia (Kilian)"
20661298173,true,2013-07-24 23:24:00.000,16.5754,-18.9377,"Halali-Agab",-9999.0,"gps","Loxodonta africana","Etosha1","Etosha1","African elephant - Namibia (Kilian)"
20661298184,true,2013-07-24 23:54:00.000,16.57635,-18.93567,"Halali-Agab",-9999.0,"gps","Loxodonta africana","Etosha1","Etosha1","African elephant - Namibia (Kilian)"
20661298198,true,2013-07-25 00:24:00.000,16.57758,-18.93453,"Halali-Agab",-9999.0,"gps","Loxodonta africana","Etosha1","Etosha1","African elephant - Namibia (Kilian)"
20661298210,true,2013-07-25 00:55:00.000,16.57997,-18.93328,"Halali-Agab",-9999.0,"gps","Loxodonta africana","Etosha1","Etosha1","African elephant - Namibia (Kilian)"
20661298224,true,2013-07-25 01:25:00.000,16.58293,-18.93335,"Halali-Agab",-9999.0,"gps","Loxodonta africana","Etosha1","Etosha1","African elephant - Namibia (Kilian)"
20661298262,true,2013-07-25 03:08:00.000,16.58368,-18.93368,"Halali-Agab",-9999.0,"gps","Loxodonta africana","Etosha1","Etosha1","African elephant - Namibia (Kilian)"
20661298272,true,2013-07-25 03:36:00.000,16.58373,-18.93338,"Halali-Agab",-9999.0,"gps","Loxodonta africana","Etosha1","Etosha1","African elephant - Namibia (Kilian)"
20661298301,true,2013-07-25 04:50:00.000,16.58395,-18.93352,"Halali-Agab",-9999.0,"gps","Loxodonta africana","Etosha1","Etosha1","African elephant - Namibia (Kilian)"
20661298312,true,2013-07-25 05:17:00.000,16.58463,-18.93463,"Halali-Agab",-9999.0,"gps","Loxodonta africana","Etosha1","Etosha1","African elephant - Namibia (Kilian)"
20661298324,true,2013-07-25 05:47:00.000,16.58672,-18.93452,"Halali-Agab",-9999.0,"gps","Loxodonta africana","Etosha1","Etosha1","African elephant - Namibia (Kilian)"
20661298334,true,2013-07-25 06:18:00.000,16.58897,-18.9344,"Halali-Agab",-9999.0,"gps","Loxodonta africana","Etosha1","Etosha1","African elephant - Namibia (Kilian)"
20661298348,true,2013-07-25 06:47:00.000,16.58772,-18.94212,"Halali-Agab",-9999.0,"gps","Loxodonta africana","Etosha1","Etosha1","African elephant - Namibia (Kilian)"
20661298364,true,2013-07-25 07:29:00.000,16.58555,-18.95432,"Halali-Agab",-9999.0,"gps","Loxodonta africana","Etosha1","Etosha1","African elephant - Namibia (Kilian)"
20661298374,true,2013-07-25 07:57:00.000,16.58433,-18.9555,"Halali-Agab",-9999.0,"gps","Loxodonta africana","Etosha1","Etosha1","African elephant - Namibia (Kilian)"
20661298388,true,2013-07-25 08:28:00.000,16.58338,-18.95643,"Halali-Agab",-9999.0,"gps","Loxodonta africana","Etosha1","Etosha1","African elephant - Namibia (Kilian)"
20661298398,true,2013-07-25 08:57:00.000,16.58405,-18.95897,"Halali-Agab",-9999.0,"gps","Loxodonta africana","Etosha1","Etosha1","African elephant - Namibia (Kilian)"
20661298412,true,2013-07-25 09:28:00.000,16.58467,-18.96415,"Halali-Agab",-9999.0,"gps","Loxodonta africana","Etosha1","Etosha1","African elephant - Namibia (Kilian)"
20661298423,true,2013-07-25 09:57:00.000,16.58367,-18.96505,"Halali-Agab",-9999.0,"gps","Loxodonta africana","Etosha1","Etosha1","African elephant - Namibia (Kilian)"
20661298436,true,2013-07-25 10:27:00.000,16.58293,-18.96605,"Halali-Agab",-9999.0,"gps","Loxodonta africana","Etosha1","Etosha1","African elephant - Namibia (Kilian)"
20661298447,true,2013-07-25 10:59:00.000,16.58363,-18.96717,"Halali-Agab",-9999.0,"gps","Loxodonta africana","Etosha1","Etosha1","African elephant - Namibia (Kilian)"
20661298460,true,2013-07-25 11:28:00.000,16.58488,-18.9667,"Halali-Agab",-9999.0,"gps","Loxodonta africana","Etosha1","Etosha1","African elephant - Namibia (Kilian)"
20661298470,true,2013-07-25 11:58:00.000,16.58487,-18.9666,"Halali-Agab",-9999.0,"gps","Loxodonta africana","Etosha1","Etosha1","African elephant - Namibia (Kilian)"
20661298483,true,2013-07-25 12:27:00.000,16.58492,-18.96657,"Halali-Agab",-9999.0,"gps","Loxodonta africana","Etosha1","Etosha1","African elephant - Namibia (Kilian)"
20661298494,true,2013-07-25 12:57:00.000,16.58513,-18.96588,"Halali-Agab",-9999.0,"gps","Loxodonta africana","Etosha1","Etosha1","African elephant - Namibia (Kilian)"
20661298508,true,2013-07-25 13:27:00.000,16.58633,-18.96337,"Halali-Agab",-9999.0,"gps","Loxodonta africana","Etosha1","Etosha1","African elephant - Namibia (Kilian)"
20661298519,true,2013-07-25 13:57:00.000,16.58782,-18.9617,"Halali-Agab",-9999.0,"gps","Loxodonta africana","Etosha1","Etosha1","African elephant - Namibia (Kilian)"
20661298532,true,2013-07-25 14:27:00.000,16.59052,-18.96202,"Halali-Agab",-9999.0,"gps","Loxodonta africana","Etosha1","Etosha1","African elephant - Namibia (Kilian)"
20661298543,true,2013-07-25 14:58:00.000,16.59285,-18.96283,"Halali-Agab",-9999.0,"gps","Loxodonta africana","Etosha1","Etosha1","African elephant - Namibia (Kilian)"
20661298555,true,2013-07-25 15:27:00.000,16.59625,-18.96367,"Halali-Agab",-9999.0,"gps","Loxodonta africana","Etosha1","Etosha1","African elephant - Namibia (Kilian)"
20661298566,true,2013-07-25 15:57:00.000,16.60105,-18.96313,"Halali-Agab",-9999.0,"gps","Loxodonta africana","Etosha1","Etosha1","African elephant - Namibia (Kilian)"
20661298578,true,2013-07-25 16:27:00.000,16.60417,-18.96283,"Halali-Agab",-9999.0,"gps","Loxodonta africana","Etosha1","Etosha1","African elephant - Namibia (Kilian)"
20661298589,true,2013-07-25 16:57:00.000,16.60692,-18.96233,"Halali-Agab",-9999.0,"gps","Loxodonta africana","Etosha1","Etosha1","African elephant - Namibia (Kilian)"
20661298603,true,2013-07-25 17:28:00.000,16.61063,-18.96113,"Halali-Agab",-9999.0,"gps","Loxodonta africana","Etosha1","Etosha1","African elephant - Namibia (Kilian)"
20661298614,true,2013-07-25 17:57:00.000,16.61297,-18.9588,"Halali-Agab",-9999.0,"gps","Loxodonta africana","Etosha1","Etosha1","African elephant - Namibia (Kilian)"
20661298627,true,2013-07-25 18:27:00.000,16.61497,-18.95767,"Halali-Agab",-9999.0,"gps","Loxodonta africana","Etosha1","Etosha1","African elephant - Namibia (Kilian)"
20661298638,true,2013-07-25 18:57:00.000,16.61665,-18.95702,"Halali-Agab",-9999.0,"gps","Loxodonta africana","Etosha1","Etosha1","African elephant - Namibia (Kilian)"
20661298651,true,2013-07-25 19:27:00.000,16.61852,-18.95673,"Halali-Agab",-9999.0,"gps","Loxodonta africana","Etosha1","Etosha1","African elephant - Namibia (Kilian)"
20661298662,true,2013-07-25 19:57:00.000,16.61927,-18.9569,"Halali-Agab",-9999.0,"gps","Loxodonta africana","Etosha1","Etosha1","African elephant - Namibia (Kilian)"
20661298676,true,2013-07-25 20:27:00.000,16.62095,-18.9558,"Halali-Agab",-9999.0,"gps","Loxodonta africana","Etosha1","Etosha1","African elephant - Namibia (Kilian)"
20661298687,true,2013-07-25 20:57:00.000,16.62307,-18.95573,"Halali-Agab",-9999.0,"gps","Loxodonta africana","Etosha1","Etosha1","African elephant - Namibia (Kilian)"
20661298701,true,2013-07-25 21:27:00.000,16.62475,-18.95682,"Halali-Agab",-9999.0,"gps","Loxodonta africana","Etosha1","Etosha1","African elephant - Namibia (Kilian)"
20661298712,true,2013-07-25 21:57:00.000,16.62628,-18.9581,"Halali-Agab",-9999.0,"gps","Loxodonta africana","Etosha1","Etosha1","African elephant - Namibia (Kilian)"
20661298725,true,2013-07-25 22:28:00.000,16.62758,-18.9586,"Halali-Agab",-9999.0,"gps","Loxodonta africana","Etosha1","Etosha1","African elephant - Namibia (Kilian)"
20661298736,true,2013-07-25 22:57:00.000,16.62927,-18.95937,"Halali-Agab",-9999.0,"gps","Loxodonta africana","Etosha1","Etosha1","African elephant - Namibia (Kilian)"
20661298749,true,2013-07-25 23:28:00.000,16.63087,-18.95983,"Halali-Agab",-9999.0,"gps","Loxodonta africana","Etosha1","Etosha1","African elephant - Namibia (Kilian)"
20661298760,true,2013-07-25 23:57:00.000,16.63463,-18.96122,"Halali-Agab",-9999.0,"gps","Loxodonta africana","Etosha1","Etosha1","African elephant - Namibia (Kilian)"
20661298773,true,2013-07-26 00:27:00.000,16.63685,-18.96012,"Halali-Agab",-9999.0,"gps","Loxodonta africana","Etosha1","Etosha1","African elephant - Namibia (Kilian)"
20661298783,true,2013-07-26 00:57:00.000,16.6375,-18.95957,"Halali-Agab",-9999.0,"gps","Loxodonta africana","Etosha1","Etosha1","African elephant - Namibia (Kilian)"
20661298796,true,2013-07-26 01:28:00.000,16.63652,-18.95873,"Halali-Agab",-9999.0,"gps","Loxodonta africana","Etosha1","Etosha1","African elephant - Namibia (Kilian)"
20661298827,true,2013-07-26 02:45:00.000,16.63658,-18.95862,"Halali-Agab",-9999.0,"gps","Loxodonta africana","Etosha1","Etosha1","African elephant - Namibia (Kilian)"
20661298837,true,2013-07-26 03:14:00.000,16.63645,-18.95862,"Halali-Agab",-9999.0,"gps","Loxodonta africana","Etosha1","Etosha1","African elephant - Namibia (Kilian)"
20661298858,true,2013-07-26 04:13:00.000,16.63642,-18.95852,"Halali-Agab",-9999.0,"gps","Loxodonta africana","Etosha1","Etosha1","African elephant - Namibia (Kilian)"
20661298869,true,2013-07-26 04:42:00.000,16.63615,-18.95888,"Halali-Agab",-9999.0,"gps","Loxodonta africana","Etosha1","Etosha1","African elephant - Namibia (Kilian)"
20661298879,true,2013-07-26 05:12:00.000,16.63665,-18.95878,"Halali-Agab",-9999.0,"gps","Loxodonta africana","Etosha1","Etosha1","African elephant - Namibia (Kilian)"
20661298892,true,2013-07-26 05:42:00.000,16.63672,-18.95877,"Halali-Agab",-9999.0,"gps","Loxodonta africana","Etosha1","Etosha1","African elephant - Namibia (Kilian)"
20661298902,true,2013-07-26 06:12:00.000,16.63737,-18.95948,"Halali-Agab",-9999.0,"gps","Loxodonta africana","Etosha1","Etosha1","African elephant - Namibia (Kilian)"
20661298916,true,2013-07-26 06:42:00.000,16.63918,-18.961,"Halali-Agab",-9999.0,"gps","Loxodonta africana","Etosha1","Etosha1","African elephant - Namibia (Kilian)"
20661298926,true,2013-07-26 07:13:00.000,16.64208,-18.9636,"Halali-Agab",-9999.0,"gps","Loxodonta africana","Etosha1","Etosha1","African elephant - Namibia (Kilian)"
20661298940,true,2013-07-26 07:42:00.000,16.64345,-18.96503,"Halali-Agab",-9999.0,"gps","Loxodonta africana","Etosha1","Etosha1","African elephant - Namibia (Kilian)"
20661298950,true,2013-07-26 08:12:00.000,16.64548,-18.96665,"Halali-Agab",-9999.0,"gps","Loxodonta africana","Etosha1","Etosha1","African elephant - Namibia (Kilian)"
20661298964,true,2013-07-26 08:42:00.000,16.64823,-18.96805,"Halali-Agab",-9999.0,"gps","Loxodonta africana","Etosha1","Etosha1","African elephant - Namibia (Kilian)"
20661298975,true,2013-07-26 09:13:00.000,16.65112,-18.96998,"Halali-Agab",-9999.0,"gps","Loxodonta africana","Etosha1","Etosha1","African elephant - Namibia (Kilian)"
20661298989,true,2013-07-26 09:42:00.000,16.65798,-18.97428,"Halali-Agab",-9999.0,"gps","Loxodonta africana","Etosha1","Etosha1","African elephant - Namibia (Kilian)"
20661298999,true,2013-07-26 10:12:00.000,16.66557,-18.97422,"Halali-Agab",-9999.0,"gps","Loxodonta africana","Etosha1","Etosha1","African elephant - Namibia (Kilian)"
20661299013,true,2013-07-26 10:43:00.000,16.6691,-18.97493,"Halali-Agab",-9999.0,"gps","Loxodonta africana","Etosha1","Etosha1","African elephant - Namibia (Kilian)"
20661299023,true,2013-07-26 11:13:00.000,16.67078,-18.97452,"Halali-Agab",-9999.0,"gps","Loxodonta africana","Etosha1","Etosha1","African elephant - Namibia (Kilian)"
20661299036,true,2013-07-26 11:43:00.000,16.67243,-18.97542,"Halali-Agab",-9999.0,"gps","Loxodonta africana","Etosha1","Etosha1","African elephant - Namibia (Kilian)"
20661299046,true,2013-07-26 12:12:00.000,16.67447,-18.97672,"Halali-Agab",-9999.0,"gps","Loxodonta africana","Etosha1","Etosha1","African elephant - Namibia (Kilian)"
20661299086,true,2013-07-26 13:57:00.000,16.67548,-18.97885,"Halali-Agab",-9999.0,"gps","Loxodonta africana","Etosha1","Etosha1","African elephant - Namibia (Kilian)"
20661299099,true,2013-07-26 14:25:00.000,16.6755,-18.97898,"Halali-Agab",-9999.0,"gps","Loxodonta africana","Etosha1","Etosha1","African elephant - Namibia (Kilian)"
20661299109,true,2013-07-26 14:55:00.000,16.6757,-18.97928,"Halali-Agab",-9999.0,"gps","Loxodonta africana","Etosha1","Etosha1","African elephant - Namibia (Kilian)"
20661299122,true,2013-07-26 15:26:00.000,16.67577,-18.97915,"Halali-Agab",-9999.0,"gps","Loxodonta africana","Etosha1","Etosha1","African elephant - Namibia (Kilian)"
20661299133,true,2013-07-26 15:56:00.000,16.67553,-18.97963,"Halali-Agab",-9999.0,"gps","Loxodonta africana","Etosha1","Etosha1","African elephant - Namibia (Kilian)"
20661299146,true,2013-07-26 16:25:00.000,16.67597,-18.9799,"Halali-Agab",-9999.0,"gps","Loxodonta africana","Etosha1","Etosha1","African elephant - Namibia (Kilian)"
20661299156,true,2013-07-26 16:56:00.000,16.67567,-18.9801,"Halali-Agab",-9999.0,"gps","Loxodonta africana","Etosha1","Etosha1","African elephant - Namibia (Kilian)"
20661299169,true,2013-07-26 17:25:00.000,16.67513,-18.9807,"Halali-Agab",-9999.0,"gps","Loxodonta africana","Etosha1","Etosha1","African elephant - Namibia (Kilian)"
20661299180,true,2013-07-26 17:55:00.000,16.67468,-18.98133,"Halali-Agab",-9999.0,"gps","Loxodonta africana","Etosha1","Etosha1","African elephant - Namibia (Kilian)"
20661299193,true,2013-07-26 18:25:00.000,16.67425,-18.98198,"Halali-Agab",-9999.0,"gps","Loxodonta africana","Etosha1","Etosha1","African elephant - Namibia (Kilian)"
20661299204,true,2013-07-26 18:55:00.000,16.67352,-18.9821,"Halali-Agab",-9999.0,"gps","Loxodonta africana","Etosha1","Etosha1","African elephant - Namibia (Kilian)"
20661299217,true,2013-07-26 19:25:00.000,16.67312,-18.98357,"Halali-Agab",-9999.0,"gps","Loxodonta africana","Etosha1","Etosha1","African elephant - Namibia (Kilian)"
20661299228,true,2013-07-26 19:56:00.000,16.67362,-18.98537,"Halali-Agab",-9999.0,"gps","Loxodonta africana","Etosha1","Etosha1","African elephant - Namibia (Kilian)"
20661299241,true,2013-07-26 20:25:00.000,16.67358,-18.98548,"Halali-Agab",-9999.0,"gps","Loxodonta africana","Etosha1","Etosha1","African elephant - Namibia (Kilian)"
20661299252,true,2013-07-26 20:56:00.000,16.67352,-18.98573,"Halali-Agab",-9999.0,"gps","Loxodonta africana","Etosha1","Etosha1","African elephant - Namibia (Kilian)"
20661299266,true,2013-07-26 21:26:00.000,16.67352,-18.98573,"Halali-Agab",-9999.0,"gps","Loxodonta africana","Etosha1","Etosha1","African elephant - Namibia (Kilian)"
20661299277,true,2013-07-26 21:55:00.000,16.67492,-18.98785,"Halali-Agab",-9999.0,"gps","Loxodonta africana","Etosha1","Etosha1","African elephant - Namibia (Kilian)"
20661299290,true,2013-07-26 22:25:00.000,16.67542,-18.99103,"Halali-Agab",-9999.0,"gps","Loxodonta africana","Etosha1","Etosha1","African elephant - Namibia (Kilian)"
20661299301,true,2013-07-26 22:55:00.000,16.6759,-18.99308,"Halali-Agab",-9999.0,"gps","Loxodonta africana","Etosha1","Etosha1","African elephant - Namibia (Kilian)"
20661299314,true,2013-07-26 23:25:00.000,16.67572,-18.99417,"Halali-Agab",-9999.0,"gps","Loxodonta africana","Etosha1","Etosha1","African elephant - Namibia (Kilian)"
20661299325,true,2013-07-26 23:55:00.000,16.67592,-18.99475,"Halali-Agab",-9999.0,"gps","Loxodonta africana","Etosha1","Etosha1","African elephant - Namibia (Kilian)"
20661299338,true,2013-07-27 00:25:00.000,16.67695,-18.99543,"Halali-Agab",-9999.0,"gps","Loxodonta africana","Etosha1","Etosha1","African elephant - Namibia (Kilian)"
20661299350,true,2013-07-27 00:56:00.000,16.67708,-18.9951,"Halali-Agab",-9999.0,"gps","Loxodonta africana","Etosha1","Etosha1","African elephant - Namibia (Kilian)"
20661299363,true,2013-07-27 01:25:00.000,16.67755,-18.9954,"Halali-Agab",-9999.0,"gps","Loxodonta africana","Etosha1","Etosha1","African elephant - Namibia (Kilian)"
20661299374,true,2013-07-27 01:55:00.000,16.67828,-18.99667,"Halali-Agab",-9999.0,"gps","Loxodonta africana","Etosha1","Etosha1","African elephant - Namibia (Kilian)"
20661299436,true,2013-07-27 04:36:00.000,16.67898,-18.99768,"Halali-Agab",-9999.0,"gps","Loxodonta africana","Etosha1","Etosha1","African elephant - Namibia (Kilian)"
20661299449,true,2013-07-27 05:06:00.000,16.68092,-18.99963,"Halali-Agab",-9999.0,"gps","Loxodonta africana","Etosha1","Etosha1","African elephant - Namibia (Kilian)"
20661299459,true,2013-07-27 05:35:00.000,16.68152,-18.9996,"Halali-Agab",-9999.0,"gps","Loxodonta africana","Etosha1","Etosha1","African elephant - Namibia (Kilian)"
20661299472,true,2013-07-27 06:05:00.000,16.6815,-18.99987,"Halali-Agab",-9999.0,"gps","Loxodonta africana","Etosha1","Etosha1","African elephant - Namibia (Kilian)"
20661299482,true,2013-07-27 06:35:00.000,16.681,-19.00137,"Halali-Agab",-9999.0,"gps","Loxodonta africana","Etosha1","Etosha1","African elephant - Namibia (Kilian)"
20661299494,true,2013-07-27 07:05:00.000,16.6805,-19.0013,"Halali-Agab",-9999.0,"gps","Loxodonta africana","Etosha1","Etosha1","African elephant - Namibia (Kilian)"
20661299505,true,2013-07-27 07:35:00.000,16.67968,-19.00182,"Halali-Agab",-9999.0,"gps","Loxodonta africana","Etosha1","Etosha1","African elephant - Namibia (Kilian)"
20661299518,true,2013-07-27 08:05:00.000,16.67895,-19.00178,"Halali-Agab",-9999.0,"gps","Loxodonta africana","Etosha1","Etosha1","African elephant - Namibia (Kilian)"
20661299531,true,2013-07-27 08:36:00.000,16.67838,-19.00097,"Halali-Agab",-9999.0,"gps","Loxodonta africana","Etosha1","Etosha1","African elephant - Namibia (Kilian)"
20661299543,true,2013-07-27 09:05:00.000,16.67487,-18.99768,"Halali-Agab",-9999.0,"gps","Loxodonta africana","Etosha1","Etosha1","African elephant - Namibia (Kilian)"
20661299555,true,2013-07-27 09:35:00.000,16.67265,-18.99588,"Halali-Agab",-9999.0,"gps","Loxodonta africana","Etosha1","Etosha1","African elephant - Namibia (Kilian)"
20661299568,true,2013-07-27 10:05:00.000,16.66945,-18.99288,"Halali-Agab",-9999.0,"gps","Loxodonta africana","Etosha1","Etosha1","African elephant - Namibia (Kilian)"
20661299579,true,2013-07-27 10:35:00.000,16.66638,-18.99053,"Halali-Agab",-9999.0,"gps","Loxodonta africana","Etosha1","Etosha1","African elephant - Namibia (Kilian)"
20661299592,true,2013-07-27 11:05:00.000,16.6657,-18.98738,"Halali-Agab",-9999.0,"gps","Loxodonta africana","Etosha1","Etosha1","African elephant - Namibia (Kilian)"
20661299604,true,2013-07-27 11:36:00.000,16.66572,-18.98737,"Halali-Agab",-9999.0,"gps","Loxodonta africana","Etosha1","Etosha1","African elephant - Namibia (Kilian)"
20661299616,true,2013-07-27 12:06:00.000,16.66525,-18.98625,"Halali-Agab",-9999.0,"gps","Loxodonta africana","Etosha1","Etosha1","African elephant - Namibia (Kilian)"
20661299626,true,2013-07-27 12:35:00.000,16.66403,-18.98412,"Halali-Agab",-9999.0,"gps","Loxodonta africana","Etosha1","Etosha1","African elephant - Namibia (Kilian)"
20661299638,true,2013-07-27 13:05:00.000,16.66315,-18.98317,"Halali-Agab",-9999.0,"gps","Loxodonta africana","Etosha1","Etosha1","African elephant - Namibia (Kilian)"
20661299650,true,2013-07-27 13:35:00.000,16.66228,-18.98137,"Halali-Agab",-9999.0,"gps","Loxodonta africana","Etosha1","Etosha1","African elephant - Namibia (Kilian)"
20661299663,true,2013-07-27 14:05:00.000,16.66155,-18.97958,"Halali-Agab",-9999.0,"gps","Loxodonta africana","Etosha1","Etosha1","African elephant - Namibia (Kilian)"
20661299672,true,2013-07-27 14:35:00.000,16.6581,-18.97537,"Halali-Agab",-9999.0,"gps","Loxodonta africana","Etosha1","Etosha1","African elephant - Namibia (Kilian)"
20661299687,true,2013-07-27 15:05:00.000,16.65592,-18.97493,"Halali-Agab",-9999.0,"gps","Loxodonta africana","Etosha1","Etosha1","African elephant - Namibia (Kilian)"
20661299697,true,2013-07-27 15:35:00.000,16.6582,-18.97375,"Halali-Agab",-9999.0,"gps","Loxodonta africana","Etosha1","Etosha1","African elephant - Namibia (Kilian)"
20661299713,true,2013-07-27 16:08:00.000,16.66243,-18.9726,"Halali-Agab",-9999.0,"gps","Loxodonta africana","Etosha1","Etosha1","African elephant - Namibia (Kilian)"
20661299722,true,2013-07-27 16:35:00.000,16.66297,-18.97212,"Halali-Agab",-9999.0,"gps","Loxodonta africana","Etosha1","Etosha1","African elephant - Namibia (Kilian)"
20661299735,true,2013-07-27 17:05:00.000,16.66633,-18.96958,"Halali-Agab",-9999.0,"gps","Loxodonta africana","Etosha1","Etosha1","African elephant - Namibia (Kilian)"
20661299745,true,2013-07-27 17:35:00.000,16.67338,-18.9646,"Halali-Agab",-9999.0,"gps","Loxodonta africana","Etosha1","Etosha1","African elephant - Namibia (Kilian)"
20661299758,true,2013-07-27 18:05:00.000,16.67657,-18.96255,"Halali-Agab",-9999.0,"gps","Loxodonta africana","Etosha1","Etosha1","African elephant - Namibia (Kilian)"
20661299768,true,2013-07-27 18:35:00.000,16.67848,-18.96292,"Halali-Agab",-9999.0,"gps","Loxodonta africana","Etosha1","Etosha1","African elephant - Namibia (Kilian)"
20661299782,true,2013-07-27 19:05:00.000,16.67975,-18.963,"Halali-Agab",-9999.0,"gps","Loxodonta africana","Etosha1","Etosha1","African elephant - Namibia (Kilian)"
20661299792,true,2013-07-27 19:35:00.000,16.68032,-18.96303,"Halali-Agab",-9999.0,"gps","Loxodonta africana","Etosha1","Etosha1","African elephant - Namibia (Kilian)"
20661299807,true,2013-07-27 20:06:00.000,16.68432,-18.96388,"Halali-Agab",-9999.0,"gps","Loxodonta africana","Etosha1","Etosha1","African elephant - Namibia (Kilian)"
20661299817,true,2013-07-27 20:35:00.000,16.68727,-18.96458,"Halali-Agab",-9999.0,"gps","Loxodonta africana","Etosha1","Etosha1","African elephant - Namibia (Kilian)"
20661299831,true,2013-07-27 21:05:00.000,16.69127,-18.96548,"Halali-Agab",-9999.0,"gps","Loxodonta africana","Etosha1","Etosha1","African elephant - Namibia (Kilian)"
20661299841,true,2013-07-27 21:35:00.000,16.693,-18.96635,"Halali-Agab",-9999.0,"gps","Loxodonta africana","Etosha1","Etosha1","African elephant - Namibia (Kilian)"
20661299855,true,2013-07-27 22:06:00.000,16.69407,-18.96698,"Halali-Agab",-9999.0,"gps","Loxodonta africana","Etosha1","Etosha1","African elephant - Namibia (Kilian)"
20661299865,true,2013-07-27 22:35:00.000,16.69487,-18.96683,"Halali-Agab",-9999.0,"gps","Loxodonta africana","Etosha1","Etosha1","African elephant - Namibia (Kilian)"
20661299880,true,2013-07-27 23:05:00.000,16.69523,-18.9673,"Halali-Agab",-9999.0,"gps","Loxodonta africana","Etosha1","Etosha1","African elephant - Namibia (Kilian)"
20661299890,true,2013-07-27 23:35:00.000,16.69687,-18.96893,"Halali-Agab",-9999.0,"gps","Loxodonta africana","Etosha1","Etosha1","African elephant - Namibia (Kilian)"
20661299904,true,2013-07-28 00:05:00.000,16.70105,-18.97017,"Halali-Agab",-9999.0,"gps","Loxodonta africana","Etosha1","Etosha1","African elephant - Namibia (Kilian)"
20661299952,true,2013-07-28 02:15:00.000,16.70668,-18.97143,"Halali-Agab",-9999.0,"gps","Loxodonta africana","Etosha1","Etosha1","African elephant - Namibia (Kilian)"
20661299966,true,2013-07-28 02:46:00.000,16.70672,-18.97132,"Halali-Agab",-9999.0,"gps","Loxodonta africana","Etosha1","Etosha1","African elephant - Namibia (Kilian)"
20661299976,true,2013-07-28 03:16:00.000,16.70665,-18.97138,"Halali-Agab",-9999.0,"gps","Loxodonta africana","Etosha1","Etosha1","African elephant - Namibia (Kilian)"
20661299990,true,2013-07-28 03:47:00.000,16.70658,-18.97145,"Halali-Agab",-9999.0,"gps","Loxodonta africana","Etosha1","Etosha1","African elephant - Namibia (Kilian)"
20661299999,true,2013-07-28 04:15:00.000,16.70663,-18.97132,"Halali-Agab",-9999.0,"gps","Loxodonta africana","Etosha1","Etosha1","African elephant - Namibia (Kilian)"
20661300012,true,2013-07-28 04:44:00.000,16.7069,-18.9718,"Halali-Agab",-9999.0,"gps","Loxodonta africana","Etosha1","Etosha1","African elephant - Namibia (Kilian)"
20661300023,true,2013-07-28 05:15:00.000,16.70692,-18.97282,"Halali-Agab",-9999.0,"gps","Loxodonta africana","Etosha1","Etosha1","African elephant - Namibia (Kilian)"
20661300037,true,2013-07-28 05:43:00.000,16.70617,-18.9734,"Halali-Agab",-9999.0,"gps","Loxodonta africana","Etosha1","Etosha1","African elephant - Namibia (Kilian)"
20661300047,true,2013-07-28 06:14:00.000,16.70628,-18.97367,"Halali-Agab",-9999.0,"gps","Loxodonta africana","Etosha1","Etosha1","African elephant - Namibia (Kilian)"
20661300061,true,2013-07-28 06:44:00.000,16.70372,-18.97558,"Halali-Agab",-9999.0,"gps","Loxodonta africana","Etosha1","Etosha1","African elephant - Namibia (Kilian)"
20661300071,true,2013-07-28 07:16:00.000,16.70058,-18.97823,"Halali-Agab",-9999.0,"gps","Loxodonta africana","Etosha1","Etosha1","African elephant - Namibia (Kilian)"
20661300085,true,2013-07-28 07:43:00.000,16.70067,-18.9798,"Halali-Agab",-9999.0,"gps","Loxodonta africana","Etosha1","Etosha1","African elephant - Namibia (Kilian)"
20661300095,true,2013-07-28 08:14:00.000,16.69775,-18.98093,"Halali-Agab",-9999.0,"gps","Loxodonta africana","Etosha1","Etosha1","African elephant - Namibia (Kilian)"
20661300110,true,2013-07-28 08:43:00.000,16.69575,-18.98147,"Halali-Agab",-9999.0,"gps","Loxodonta africana","Etosha1","Etosha1","African elephant - Namibia (Kilian)"
20661300121,true,2013-07-28 09:14:00.000,16.69075,-18.98165,"Halali-Agab",-9999.0,"gps","Loxodonta africana","Etosha1","Etosha1","African elephant - Namibia (Kilian)"
20661300135,true,2013-07-28 09:44:00.000,16.68953,-18.98178,"Halali-Agab",-9999.0,"gps","Loxodonta africana","Etosha1","Etosha1","African elephant - Namibia (Kilian)"
20661300145,true,2013-07-28 10:14:00.000,16.68955,-18.98187,"Halali-Agab",-9999.0,"gps","Loxodonta africana","Etosha1","Etosha1","African elephant - Namibia (Kilian)"
20661300159,true,2013-07-28 10:44:00.000,16.6895,-18.98165,"Halali-Agab",-9999.0,"gps","Loxodonta africana","Etosha1","Etosha1","African elephant - Namibia (Kilian)"
20661300169,true,2013-07-28 11:15:00.000,16.68947,-18.9818,"Halali-Agab",-9999.0,"gps","Loxodonta africana","Etosha1","Etosha1","African elephant - Namibia (Kilian)"
20661300182,true,2013-07-28 11:44:00.000,16.68957,-18.98178,"Halali-Agab",-9999.0,"gps","Loxodonta africana","Etosha1","Etosha1","African elephant - Namibia (Kilian)"
20661300192,true,2013-07-28 12:14:00.000,16.68962,-18.98172,"Halali-Agab",-9999.0,"gps","Loxodonta africana","Etosha1","Etosha1","African elephant - Namibia (Kilian)"
20661300206,true,2013-07-28 12:44:00.000,16.68943,-18.98173,"Halali-Agab",-9999.0,"gps","Loxodonta africana","Etosha1","Etosha1","African elephant - Namibia (Kilian)"
20661300216,true,2013-07-28 13:14:00.000,16.68838,-18.98158,"Halali-Agab",-9999.0,"gps","Loxodonta africana","Etosha1","Etosha1","African elephant - Namibia (Kilian)"
20661300230,true,2013-07-28 13:44:00.000,16.68667,-18.98233,"Halali-Agab",-9999.0,"gps","Loxodonta africana","Etosha1","Etosha1","African elephant - Namibia (Kilian)"
20661300240,true,2013-07-28 14:14:00.000,16.68487,-18.98408,"Halali-Agab",-9999.0,"gps","Loxodonta africana","Etosha1","Etosha1","African elephant - Namibia (Kilian)"
20661300254,true,2013-07-28 14:44:00.000,16.68477,-18.984,"Halali-Agab",-9999.0,"gps","Loxodonta africana","Etosha1","Etosha1","African elephant - Namibia (Kilian)"
20661300264,true,2013-07-28 15:14:00.000,16.67937,-18.98402,"Halali-Agab",-9999.0,"gps","Loxodonta africana","Etosha1","Etosha1","African elephant - Namibia (Kilian)"
20661300278,true,2013-07-28 15:43:00.000,16.67203,-18.98345,"Halali-Agab",-9999.0,"gps","Loxodonta africana","Etosha1","Etosha1","African elephant - Namibia (Kilian)"
20661300288,true,2013-07-28 16:14:00.000,16.66423,-18.98033,"Halali-Agab",-9999.0,"gps","Loxodonta africana","Etosha1","Etosha1","African elephant - Namibia (Kilian)"
20661300303,true,2013-07-28 16:43:00.000,16.65608,-18.97482,"Halali-Agab",-9999.0,"gps","Loxodonta africana","Etosha1","Etosha1","African elephant - Namibia (Kilian)"
20661300314,true,2013-07-28 17:13:00.000,16.65752,-18.9733,"Halali-Agab",-9999.0,"gps","Loxodonta africana","Etosha1","Etosha1","African elephant - Namibia (Kilian)"
20661300328,true,2013-07-28 17:44:00.000,16.65975,-18.96977,"Halali-Agab",-9999.0,"gps","Loxodonta africana","Etosha1","Etosha1","African elephant - Namibia (Kilian)"
20661300338,true,2013-07-28 18:15:00.000,16.66023,-18.96945,"Halali-Agab",-9999.0,"gps","Loxodonta africana","Etosha1","Etosha1","African elephant - Namibia (Kilian)"
20661300352,true,2013-07-28 18:44:00.000,16.66233,-18.9662,"Halali-Agab",-9999.0,"gps","Loxodonta africana","Etosha1","Etosha1","African elephant - Namibia (Kilian)"
20661300362,true,2013-07-28 19:14:00.000,16.66585,-18.9612,"Halali-Agab",-9999.0,"gps","Loxodonta africana","Etosha1","Etosha1","African elephant - Namibia (Kilian)"
20661300376,true,2013-07-28 19:44:00.000,16.667,-18.95943,"Halali-Agab",-9999.0,"gps","Loxodonta africana","Etosha1","Etosha1","African elephant - Namibia (Kilian)"
20661300387,true,2013-07-28 20:14:00.000,16.6687,-18.95735,"Halali-Agab",-9999.0,"gps","Loxodonta africana","Etosha1","Etosha1","African elephant - Namibia (Kilian)"
20661300401,true,2013-07-28 20:43:00.000,16.66913,-18.95665,"Halali-Agab",-9999.0,"gps","Loxodonta africana","Etosha1","Etosha1","African elephant - Namibia (Kilian)"
20661300412,true,2013-07-28 21:14:00.000,16.6688,-18.95557,"Halali-Agab",-9999.0,"gps","Loxodonta africana","Etosha1","Etosha1","African elephant - Namibia (Kilian)"
20661300426,true,2013-07-28 21:44:00.000,16.66858,-18.95352,"Halali-Agab",-9999.0,"gps","Loxodonta africana","Etosha1","Etosha1","African elephant - Namibia (Kilian)"
20661300435,true,2013-07-28 22:15:00.000,16.66827,-18.95177,"Halali-Agab",-9999.0,"gps","Loxodonta africana","Etosha1","Etosha1","African elephant - Namibia (Kilian)"
20661300449,true,2013-07-28 22:44:00.000,16.66843,-18.9485,"Halali-Agab",-9999.0,"gps","Loxodonta africana","Etosha1","Etosha1","African elephant - Namibia (Kilian)"
20661300459,true,2013-07-28 23:13:00.000,16.66873,-18.94643,"Halali-Agab",-9999.0,"gps","Loxodonta africana","Etosha1","Etosha1","African elephant - Namibia (Kilian)"
20661300473,true,2013-07-28 23:44:00.000,16.66918,-18.94473,"Halali-Agab",-9999.0,"gps","Loxodonta africana","Etosha1","Etosha1","African elephant - Namibia (Kilian)"
20661300483,true,2013-07-29 00:14:00.000,16.66822,-18.9432,"Halali-Agab",-9999.0,"gps","Loxodonta africana","Etosha1","Etosha1","African elephant - Namibia (Kilian)"
20661300498,true,2013-07-29 00:44:00.000,16.66795,-18.9426,"Halali-Agab",-9999.0,"gps","Loxodonta africana","Etosha1","Etosha1","African elephant - Namibia (Kilian)"
20661300509,true,2013-07-29 01:14:00.000,16.66732,-18.94233,"Halali-Agab",-9999.0,"gps","Loxodonta africana","Etosha1","Etosha1","African elephant - Namibia (Kilian)"
20661300538,true,2013-07-29 02:27:00.000,16.66318,-18.9408,"Halali-Agab",-9999.0,"gps","Loxodonta africana","Etosha1","Etosha1","African elephant - Namibia (Kilian)"
20661300549,true,2013-07-29 02:55:00.000,16.66308,-18.94045,"Halali-Agab",-9999.0,"gps","Loxodonta africana","Etosha1","Etosha1","African elephant - Namibia (Kilian)"
20661300562,true,2013-07-29 03:26:00.000,16.66272,-18.94125,"Halali-Agab",-9999.0,"gps","Loxodonta africana","Etosha1","Etosha1","African elephant - Namibia (Kilian)"
20661300572,true,2013-07-29 03:56:00.000,16.66312,-18.94123,"Halali-Agab",-9999.0,"gps","Loxodonta africana","Etosha1","Etosha1","African elephant - Namibia (Kilian)"
20661300602,true,2013-07-29 05:27:00.000,16.66287,-18.94148,"Halali-Agab",-9999.0,"gps","Loxodonta africana","Etosha1","Etosha1","African elephant - Namibia (Kilian)"
20661300632,true,2013-07-29 06:48:00.000,16.66273,-18.94095,"Halali-Agab",-9999.0,"gps","Loxodonta africana","Etosha1","Etosha1","African elephant - Namibia (Kilian)"
20661300641,true,2013-07-29 07:15:00.000,16.66025,-18.94502,"Halali-Agab",-9999.0,"gps","Loxodonta africana","Etosha1","Etosha1","African elephant - Namibia (Kilian)"
20661300654,true,2013-07-29 07:45:00.000,16.65797,-18.94833,"Halali-Agab",-9999.0,"gps","Loxodonta africana","Etosha1","Etosha1","African elephant - Namibia (Kilian)"
20661300664,true,2013-07-29 08:16:00.000,16.6577,-18.94907,"Halali-Agab",-9999.0,"gps","Loxodonta africana","Etosha1","Etosha1","African elephant - Namibia (Kilian)"
20661300679,true,2013-07-29 08:46:00.000,16.6576,-18.94915,"Halali-Agab",-9999.0,"gps","Loxodonta africana","Etosha1","Etosha1","African elephant - Namibia (Kilian)"
20661300689,true,2013-07-29 09:16:00.000,16.65718,-18.94915,"Halali-Agab",-9999.0,"gps","Loxodonta africana","Etosha1","Etosha1","African elephant - Namibia (Kilian)"
20661300704,true,2013-07-29 09:46:00.000,16.65688,-18.9493,"Halali-Agab",-9999.0,"gps","Loxodonta africana","Etosha1","Etosha1","African elephant - Namibia (Kilian)"
20661300713,true,2013-07-29 10:16:00.000,16.65645,-18.94923,"Halali-Agab",-9999.0,"gps","Loxodonta africana","Etosha1","Etosha1","African elephant - Namibia (Kilian)"
20661300726,true,2013-07-29 10:47:00.000,16.6565,-18.94932,"Halali-Agab",-9999.0,"gps","Loxodonta africana","Etosha1","Etosha1","African elephant - Namibia (Kilian)"
20661300735,true,2013-07-29 11:16:00.000,16.65658,-18.94922,"Halali-Agab",-9999.0,"gps","Loxodonta africana","Etosha1","Etosha1","African elephant - Namibia (Kilian)"
20661300749,true,2013-07-29 11:46:00.000,16.65657,-18.94927,"Halali-Agab",-9999.0,"gps","Loxodonta africana","Etosha1","Etosha1","African elephant - Namibia (Kilian)"
20661300759,true,2013-07-29 12:16:00.000,16.65668,-18.94912,"Halali-Agab",-9999.0,"gps","Loxodonta africana","Etosha1","Etosha1","African elephant - Namibia (Kilian)"
20661300773,true,2013-07-29 12:46:00.000,16.65698,-18.94858,"Halali-Agab",-9999.0,"gps","Loxodonta africana","Etosha1","Etosha1","African elephant - Namibia (Kilian)"
20661300782,true,2013-07-29 13:16:00.000,16.65683,-18.94825,"Halali-Agab",-9999.0,"gps","Loxodonta africana","Etosha1","Etosha1","African elephant - Namibia (Kilian)"
20661300796,true,2013-07-29 13:46:00.000,16.65668,-18.94813,"Halali-Agab",-9999.0,"gps","Loxodonta africana","Etosha1","Etosha1","African elephant - Namibia (Kilian)"
20661300805,true,2013-07-29 14:16:00.000,16.6566,-18.94833,"Halali-Agab",-9999.0,"gps","Loxodonta africana","Etosha1","Etosha1","African elephant - Namibia (Kilian)"
20661300819,true,2013-07-29 14:46:00.000,16.65628,-18.94878,"Halali-Agab",-9999.0,"gps","Loxodonta africana","Etosha1","Etosha1","African elephant - Namibia (Kilian)"
20661300829,true,2013-07-29 15:15:00.000,16.6562,-18.94922,"Halali-Agab",-9999.0,"gps","Loxodonta africana","Etosha1","Etosha1","African elephant - Namibia (Kilian)"
20661300843,true,2013-07-29 15:46:00.000,16.65632,-18.9502,"Halali-Agab",-9999.0,"gps","Loxodonta africana","Etosha1","Etosha1","African elephant - Namibia (Kilian)"
20661300853,true,2013-07-29 16:16:00.000,16.6568,-18.95652,"Halali-Agab",-9999.0,"gps","Loxodonta africana","Etosha1","Etosha1","African elephant - Namibia (Kilian)"
20661300870,true,2013-07-29 16:48:00.000,16.65457,-18.96168,"Halali-Agab",-9999.0,"gps","Loxodonta africana","Etosha1","Etosha1","African elephant - Namibia (Kilian)"
20661300877,true,2013-07-29 17:17:00.000,16.6557,-18.96807,"Halali-Agab",-9999.0,"gps","Loxodonta africana","Etosha1","Etosha1","African elephant - Namibia (Kilian)"
20661300892,true,2013-07-29 17:46:00.000,16.65768,-18.97602,"Halali-Agab",-9999.0,"gps","Loxodonta africana","Etosha1","Etosha1","African elephant - Namibia (Kilian)"
20661300902,true,2013-07-29 18:16:00.000,16.66398,-18.98017,"Halali-Agab",-9999.0,"gps","Loxodonta africana","Etosha1","Etosha1","African elephant - Namibia (Kilian)"
20661300916,true,2013-07-29 18:46:00.000,16.66687,-18.98308,"Halali-Agab",-9999.0,"gps","Loxodonta africana","Etosha1","Etosha1","African elephant - Namibia (Kilian)"
20661300926,true,2013-07-29 19:16:00.000,16.6675,-18.9851,"Halali-Agab",-9999.0,"gps","Loxodonta africana","Etosha1","Etosha1","African elephant - Namibia (Kilian)"
20661300940,true,2013-07-29 19:46:00.000,16.66832,-18.98653,"Halali-Agab",-9999.0,"gps","Loxodonta africana","Etosha1","Etosha1","African elephant - Namibia (Kilian)"
20661300950,true,2013-07-29 20:16:00.000,16.67028,-18.98767,"Halali-Agab",-9999.0,"gps","Loxodonta africana","Etosha1","Etosha1","African elephant - Namibia (Kilian)"
20661300964,true,2013-07-29 20:46:00.000,16.67212,-18.98755,"Halali-Agab",-9999.0,"gps","Loxodonta africana","Etosha1","Etosha1","African elephant - Namibia (Kilian)"
20661300974,true,2013-07-29 21:16:00.000,16.67285,-18.9895,"Halali-Agab",-9999.0,"gps","Loxodonta africana","Etosha1","Etosha1","African elephant - Namibia (Kilian)"
20661300987,true,2013-07-29 21:46:00.000,16.674,-18.9902,"Halali-Agab",-9999.0,"gps","Loxodonta africana","Etosha1","Etosha1","African elephant - Namibia (Kilian)"
20661300997,true,2013-07-29 22:16:00.000,16.67725,-18.9933,"Halali-Agab",-9999.0,"gps","Loxodonta africana","Etosha1","Etosha1","African elephant - Namibia (Kilian)"
20661301011,true,2013-07-29 22:46:00.000,16.6767,-18.99403,"Halali-Agab",-9999.0,"gps","Loxodonta africana","Etosha1","Etosha1","African elephant - Namibia (Kilian)"
20661301021,true,2013-07-29 23:17:00.000,16.67663,-18.9957,"Halali-Agab",-9999.0,"gps","Loxodonta africana","Etosha1","Etosha1","African elephant - Namibia (Kilian)"
20661301034,true,2013-07-29 23:46:00.000,16.67662,-18.99722,"Halali-Agab",-9999.0,"gps","Loxodonta africana","Etosha1","Etosha1","African elephant - Namibia (Kilian)"
20661301043,true,2013-07-30 00:16:00.000,16.67728,-18.99948,"Halali-Agab",-9999.0,"gps","Loxodonta africana","Etosha1","Etosha1","African elephant - Namibia (Kilian)"
20661301058,true,2013-07-30 00:46:00.000,16.67753,-19.00193,"Halali-Agab",-9999.0,"gps","Loxodonta africana","Etosha1","Etosha1","African elephant - Namibia (Kilian)"
20661301068,true,2013-07-30 01:16:00.000,16.67648,-19.00413,"Halali-Agab",-9999.0,"gps","Loxodonta africana","Etosha1","Etosha1","African elephant - Namibia (Kilian)"
20661301083,true,2013-07-30 01:45:00.000,16.6763,-19.0048,"Halali-Agab",-9999.0,"gps","Loxodonta africana","Etosha1","Etosha1","African elephant - Namibia (Kilian)"
20661301092,true,2013-07-30 02:16:00.000,16.6763,-19.00487,"Halali-Agab",-9999.0,"gps","Loxodonta africana","Etosha1","Etosha1","African elephant - Namibia (Kilian)"
20661301105,true,2013-07-30 02:46:00.000,16.67638,-19.00492,"Halali-Agab",-9999.0,"gps","Loxodonta africana","Etosha1","Etosha1","African elephant - Namibia (Kilian)"
20661301115,true,2013-07-30 03:16:00.000,16.67638,-19.00492,"Halali-Agab",-9999.0,"gps","Loxodonta africana","Etosha1","Etosha1","African elephant - Namibia (Kilian)"
20661301128,true,2013-07-30 03:46:00.000,16.67637,-19.0049,"Halali-Agab",-9999.0,"gps","Loxodonta africana","Etosha1","Etosha1","African elephant - Namibia (Kilian)"
20661301147,true,2013-07-30 04:45:00.000,16.67633,-19.00498,"Halali-Agab",-9999.0,"gps","Loxodonta africana","Etosha1","Etosha1","African elephant - Namibia (Kilian)"
20661301156,true,2013-07-30 05:17:00.000,16.6774,-19.00478,"Halali-Agab",-9999.0,"gps","Loxodonta africana","Etosha1","Etosha1","African elephant - Namibia (Kilian)"
20661301169,true,2013-07-30 05:46:00.000,16.67867,-19.00432,"Halali-Agab",-9999.0,"gps","Loxodonta africana","Etosha1","Etosha1","African elephant - Namibia (Kilian)"
20661301177,true,2013-07-30 06:16:00.000,16.67905,-19.0032,"Halali-Agab",-9999.0,"gps","Loxodonta africana","Etosha1","Etosha1","African elephant - Namibia (Kilian)"
20661301191,true,2013-07-30 06:45:00.000,16.679,-19.00293,"Halali-Agab",-9999.0,"gps","Loxodonta africana","Etosha1","Etosha1","African elephant - Namibia (Kilian)"
20661301200,true,2013-07-30 07:16:00.000,16.67995,-19.00163,"Halali-Agab",-9999.0,"gps","Loxodonta africana","Etosha1","Etosha1","African elephant - Namibia (Kilian)"
20661301214,true,2013-07-30 07:45:00.000,16.68118,-19.00007,"Halali-Agab",-9999.0,"gps","Loxodonta africana","Etosha1","Etosha1","African elephant - Namibia (Kilian)"
20661301224,true,2013-07-30 08:16:00.000,16.68162,-18.99972,"Halali-Agab",-9999.0,"gps","Loxodonta africana","Etosha1","Etosha1","African elephant - Namibia (Kilian)"
20661301239,true,2013-07-30 08:46:00.000,16.6819,-18.99963,"Halali-Agab",-9999.0,"gps","Loxodonta africana","Etosha1","Etosha1","African elephant - Namibia (Kilian)"
20661301249,true,2013-07-30 09:16:00.000,16.6799,-18.99722,"Halali-Agab",-9999.0,"gps","Loxodonta africana","Etosha1","Etosha1","African elephant - Namibia (Kilian)"
20661301264,true,2013-07-30 09:46:00.000,16.67778,-18.996,"Halali-Agab",-9999.0,"gps","Loxodonta africana","Etosha1","Etosha1","African elephant - Namibia (Kilian)"
20661301274,true,2013-07-30 10:17:00.000,16.67693,-18.99555,"Halali-Agab",-9999.0,"gps","Loxodonta africana","Etosha1","Etosha1","African elephant - Namibia (Kilian)"
20661301288,true,2013-07-30 10:45:00.000,16.6758,-18.99585,"Halali-Agab",-9999.0,"gps","Loxodonta africana","Etosha1","Etosha1","African elephant - Namibia (Kilian)"
20661301298,true,2013-07-30 11:16:00.000,16.67478,-18.99632,"Halali-Agab",-9999.0,"gps","Loxodonta africana","Etosha1","Etosha1","African elephant - Namibia (Kilian)"
20661301312,true,2013-07-30 11:46:00.000,16.67352,-18.99695,"Halali-Agab",-9999.0,"gps","Loxodonta africana","Etosha1","Etosha1","African elephant - Namibia (Kilian)"
20661301321,true,2013-07-30 12:16:00.000,16.6724,-18.99885,"Halali-Agab",-9999.0,"gps","Loxodonta africana","Etosha1","Etosha1","African elephant - Namibia (Kilian)"
20661301335,true,2013-07-30 12:46:00.000,16.6713,-18.99835,"Halali-Agab",-9999.0,"gps","Loxodonta africana","Etosha1","Etosha1","African elephant - Namibia (Kilian)"
20661301344,true,2013-07-30 13:16:00.000,16.67128,-18.99843,"Halali-Agab",-9999.0,"gps","Loxodonta africana","Etosha1","Etosha1","African elephant - Namibia (Kilian)"
20661301357,true,2013-07-30 13:45:00.000,16.67123,-18.99842,"Halali-Agab",-9999.0,"gps","Loxodonta africana","Etosha1","Etosha1","African elephant - Namibia (Kilian)"
20661301366,true,2013-07-30 14:16:00.000,16.67122,-18.99838,"Halali-Agab",-9999.0,"gps","Loxodonta africana","Etosha1","Etosha1","African elephant - Namibia (Kilian)"
20661301380,true,2013-07-30 14:46:00.000,16.66865,-18.99935,"Halali-Agab",-9999.0,"gps","Loxodonta africana","Etosha1","Etosha1","African elephant - Namibia (Kilian)"
20661301390,true,2013-07-30 15:16:00.000,16.66852,-19.00158,"Halali-Agab",-9999.0,"gps","Loxodonta africana","Etosha1","Etosha1","African elephant - Namibia (Kilian)"
20661301404,true,2013-07-30 15:46:00.000,16.66803,-19.0032,"Halali-Agab",-9999.0,"gps","Loxodonta africana","Etosha1","Etosha1","African elephant - Namibia (Kilian)"
20661301414,true,2013-07-30 16:16:00.000,16.66732,-19.00438,"Halali-Agab",-9999.0,"gps","Loxodonta africana","Etosha1","Etosha1","African elephant - Namibia (Kilian)"
20661301428,true,2013-07-30 16:46:00.000,16.66712,-19.00453,"Halali-Agab",-9999.0,"gps","Loxodonta africana","Etosha1","Etosha1","African elephant - Namibia (Kilian)"
20661301438,true,2013-07-30 17:16:00.000,16.66532,-19.0046,"Halali-Agab",-9999.0,"gps","Loxodonta africana","Etosha1","Etosha1","African elephant - Namibia (Kilian)"
20661301453,true,2013-07-30 17:46:00.000,16.66242,-19.00563,"Halali-Agab",-9999.0,"gps","Loxodonta africana","Etosha1","Etosha1","African elephant - Namibia (Kilian)"
20661301463,true,2013-07-30 18:16:00.000,16.66075,-19.00628,"Halali-Agab",-9999.0,"gps","Loxodonta africana","Etosha1","Etosha1","African elephant - Namibia (Kilian)"
20661301477,true,2013-07-30 18:47:00.000,16.66035,-19.00632,"Halali-Agab",-9999.0,"gps","Loxodonta africana","Etosha1","Etosha1","African elephant - Namibia (Kilian)"
20661301487,true,2013-07-30 19:16:00.000,16.6586,-19.00655,"Halali-Agab",-9999.0,"gps","Loxodonta africana","Etosha1","Etosha1","African elephant - Namibia (Kilian)"
20661301501,true,2013-07-30 19:46:00.000,16.65717,-19.00717,"Halali-Agab",-9999.0,"gps","Loxodonta africana","Etosha1","Etosha1","African elephant - Namibia (Kilian)"
20661301511,true,2013-07-30 20:16:00.000,16.6542,-19.00617,"Halali-Agab",-9999.0,"gps","Loxodonta africana","Etosha1","Etosha1","African elephant - Namibia (Kilian)"
20661301526,true,2013-07-30 20:46:00.000,16.65198,-19.006,"Halali-Agab",-9999.0,"gps","Loxodonta africana","Etosha1","Etosha1","African elephant - Namibia (Kilian)"
20661301536,true,2013-07-30 21:16:00.000,16.64943,-19.00528,"Halali-Agab",-9999.0,"gps","Loxodonta africana","Etosha1","Etosha1","African elephant - Namibia (Kilian)"
20661301551,true,2013-07-30 21:46:00.000,16.64757,-19.00555,"Halali-Agab",-9999.0,"gps","Loxodonta africana","Etosha1","Etosha1","African elephant - Namibia (Kilian)"
20661301561,true,2013-07-30 22:17:00.000,16.64658,-19.0058,"Halali-Agab",-9999.0,"gps","Loxodonta africana","Etosha1","Etosha1","African elephant - Namibia (Kilian)"
20661301575,true,2013-07-30 22:46:00.000,16.64665,-19.00562,"Halali-Agab",-9999.0,"gps","Loxodonta africana","Etosha1","Etosha1","African elephant - Namibia (Kilian)"
20661301584,true,2013-07-30 23:16:00.000,16.64662,-19.00572,"Halali-Agab",-9999.0,"gps","Loxodonta africana","Etosha1","Etosha1","African elephant - Namibia (Kilian)"
20661301596,true,2013-07-30 23:46:00.000,16.64443,-19.00583,"Halali-Agab",-9999.0,"gps","Loxodonta africana","Etosha1","Etosha1","African elephant - Namibia (Kilian)"
20661301607,true,2013-07-31 00:16:00.000,16.64298,-19.00613,"Halali-Agab",-9999.0,"gps","Loxodonta africana","Etosha1","Etosha1","African elephant - Namibia (Kilian)"
20661301622,true,2013-07-31 00:46:00.000,16.6412,-19.00572,"Halali-Agab",-9999.0,"gps","Loxodonta africana","Etosha1","Etosha1","African elephant - Namibia (Kilian)"
20661301632,true,2013-07-31 01:16:00.000,16.64112,-19.00558,"Halali-Agab",-9999.0,"gps","Loxodonta africana","Etosha1","Etosha1","African elephant - Namibia (Kilian)"
20661301646,true,2013-07-31 01:46:00.000,16.63998,-19.0046,"Halali-Agab",-9999.0,"gps","Loxodonta africana","Etosha1","Etosha1","African elephant - Namibia (Kilian)"
20661301655,true,2013-07-31 02:16:00.000,16.64022,-19.00515,"Halali-Agab",-9999.0,"gps","Loxodonta africana","Etosha1","Etosha1","African elephant - Namibia (Kilian)"
20661301669,true,2013-07-31 02:46:00.000,16.6402,-19.00573,"Halali-Agab",-9999.0,"gps","Loxodonta africana","Etosha1","Etosha1","African elephant - Namibia (Kilian)"
20661301679,true,2013-07-31 03:17:00.000,16.6396,-19.00545,"Halali-Agab",-9999.0,"gps","Loxodonta africana","Etosha1","Etosha1","African elephant - Namibia (Kilian)"
20661301693,true,2013-07-31 03:46:00.000,16.63942,-19.00545,"Halali-Agab",-9999.0,"gps","Loxodonta africana","Etosha1","Etosha1","African elephant - Namibia (Kilian)"
20661301703,true,2013-07-31 04:17:00.000,16.63962,-19.00552,"Halali-Agab",-9999.0,"gps","Loxodonta africana","Etosha1","Etosha1","African elephant - Namibia (Kilian)"
20661301717,true,2013-07-31 04:46:00.000,16.6398,-19.0056,"Halali-Agab",-9999.0,"gps","Loxodonta africana","Etosha1","Etosha1","African elephant - Namibia (Kilian)"
20661301726,true,2013-07-31 05:16:00.000,16.63985,-19.00553,"Halali-Agab",-9999.0,"gps","Loxodonta africana","Etosha1","Etosha1","African elephant - Namibia (Kilian)"
20661301741,true,2013-07-31 05:46:00.000,16.63762,-19.00553,"Halali-Agab",-9999.0,"gps","Loxodonta africana","Etosha1","Etosha1","African elephant - Namibia (Kilian)"
20661301750,true,2013-07-31 06:15:00.000,16.63382,-19.00503,"Halali-Agab",-9999.0,"gps","Loxodonta africana","Etosha1","Etosha1","African elephant - Namibia (Kilian)"
20661301765,true,2013-07-31 06:46:00.000,16.63118,-19.00433,"Halali-Agab",-9999.0,"gps","Loxodonta africana","Etosha1","Etosha1","African elephant - Namibia (Kilian)"
20661301774,true,2013-07-31 07:16:00.000,16.62937,-19.0034,"Halali-Agab",-9999.0,"gps","Loxodonta africana","Etosha1","Etosha1","African elephant - Namibia (Kilian)"
20661301789,true,2013-07-31 07:46:00.000,16.62912,-19.00248,"Halali-Agab",-9999.0,"gps","Loxodonta africana","Etosha1","Etosha1","African elephant - Namibia (Kilian)"
20661301799,true,2013-07-31 08:16:00.000,16.62912,-19.00225,"Halali-Agab",-9999.0,"gps","Loxodonta africana","Etosha1","Etosha1","African elephant - Namibia (Kilian)"
20661301814,true,2013-07-31 08:46:00.000,16.62882,-19.00222,"Halali-Agab",-9999.0,"gps","Loxodonta africana","Etosha1","Etosha1","African elephant - Namibia (Kilian)"
20661301824,true,2013-07-31 09:16:00.000,16.62872,-19.00167,"Halali-Agab",-9999.0,"gps","Loxodonta africana","Etosha1","Etosha1","African elephant - Namibia (Kilian)"
20661301838,true,2013-07-31 09:46:00.000,16.62913,-19.00147,"Halali-Agab",-9999.0,"gps","Loxodonta africana","Etosha1","Etosha1","African elephant - Namibia (Kilian)"
20661301848,true,2013-07-31 10:16:00.000,16.62927,-19.00072,"Halali-Agab",-9999.0,"gps","Loxodonta africana","Etosha1","Etosha1","African elephant - Namibia (Kilian)"
20661301861,true,2013-07-31 10:46:00.000,16.62955,-18.99965,"Halali-Agab",-9999.0,"gps","Loxodonta africana","Etosha1","Etosha1","African elephant - Namibia (Kilian)"
20661301871,true,2013-07-31 11:16:00.000,16.62975,-18.99823,"Halali-Agab",-9999.0,"gps","Loxodonta africana","Etosha1","Etosha1","African elephant - Namibia (Kilian)"
20661301885,true,2013-07-31 11:46:00.000,16.62977,-18.99708,"Halali-Agab",-9999.0,"gps","Loxodonta africana","Etosha1","Etosha1","African elephant - Namibia (Kilian)"
20661301894,true,2013-07-31 12:16:00.000,16.62983,-18.99722,"Halali-Agab",-9999.0,"gps","Loxodonta africana","Etosha1","Etosha1","African elephant - Namibia (Kilian)"
20661301909,true,2013-07-31 12:46:00.000,16.62993,-18.99725,"Halali-Agab",-9999.0,"gps","Loxodonta africana","Etosha1","Etosha1","African elephant - Namibia (Kilian)"
20661301919,true,2013-07-31 13:16:00.000,16.63022,-18.99712,"Halali-Agab",-9999.0,"gps","Loxodonta africana","Etosha1","Etosha1","African elephant - Namibia (Kilian)"
20661301934,true,2013-07-31 13:46:00.000,16.63055,-18.99547,"Halali-Agab",-9999.0,"gps","Loxodonta africana","Etosha1","Etosha1","African elephant - Namibia (Kilian)"
20661301944,true,2013-07-31 14:16:00.000,16.63045,-18.99477,"Halali-Agab",-9999.0,"gps","Loxodonta africana","Etosha1","Etosha1","African elephant - Namibia (Kilian)"
20661301958,true,2013-07-31 14:46:00.000,16.63058,-18.99393,"Halali-Agab",-9999.0,"gps","Loxodonta africana","Etosha1","Etosha1","African elephant - Namibia (Kilian)"
20661301968,true,2013-07-31 15:16:00.000,16.63107,-18.99275,"Halali-Agab",-9999.0,"gps","Loxodonta africana","Etosha1","Etosha1","African elephant - Namibia (Kilian)"
20661301982,true,2013-07-31 15:46:00.000,16.63147,-18.9923,"Halali-Agab",-9999.0,"gps","Loxodonta africana","Etosha1","Etosha1","African elephant - Namibia (Kilian)"
20661301992,true,2013-07-31 16:17:00.000,16.63435,-18.98952,"Halali-Agab",-9999.0,"gps","Loxodonta africana","Etosha1","Etosha1","African elephant - Namibia (Kilian)"
20661302007,true,2013-07-31 16:46:00.000,16.64365,-18.98548,"Halali-Agab",-9999.0,"gps","Loxodonta africana","Etosha1","Etosha1","African elephant - Namibia (Kilian)"
20661302016,true,2013-07-31 17:16:00.000,16.64477,-18.98562,"Halali-Agab",-9999.0,"gps","Loxodonta africana","Etosha1","Etosha1","African elephant - Namibia (Kilian)"
20661302030,true,2013-07-31 17:46:00.000,16.6488,-18.9798,"Halali-Agab",-9999.0,"gps","Loxodonta africana","Etosha1","Etosha1","African elephant - Namibia (Kilian)"
20661302042,true,2013-07-31 18:16:00.000,16.65575,-18.97453,"Halali-Agab",-9999.0,"gps","Loxodonta africana","Etosha1","Etosha1","African elephant - Namibia (Kilian)"
20661302056,true,2013-07-31 18:46:00.000,16.65582,-18.97452,"Halali-Agab",-9999.0,"gps","Loxodonta africana","Etosha1","Etosha1","African elephant - Namibia (Kilian)"
20661302066,true,2013-07-31 19:16:00.000,16.65273,-18.97735,"Halali-Agab",-9999.0,"gps","Loxodonta africana","Etosha1","Etosha1","African elephant - Namibia (Kilian)"
20661302080,true,2013-07-31 19:46:00.000,16.6487,-18.97972,"Halali-Agab",-9999.0,"gps","Loxodonta africana","Etosha1","Etosha1","African elephant - Namibia (Kilian)"
20661302090,true,2013-07-31 20:16:00.000,16.64677,-18.98015,"Halali-Agab",-9999.0,"gps","Loxodonta africana","Etosha1","Etosha1","African elephant - Namibia (Kilian)"
20661302105,true,2013-07-31 20:46:00.000,16.64438,-18.98128,"Halali-Agab",-9999.0,"gps","Loxodonta africana","Etosha1","Etosha1","African elephant - Namibia (Kilian)"
20661302115,true,2013-07-31 21:16:00.000,16.64162,-18.98207,"Halali-Agab",-9999.0,"gps","Loxodonta africana","Etosha1","Etosha1","African elephant - Namibia (Kilian)"
20661302129,true,2013-07-31 21:47:00.000,16.63868,-18.98382,"Halali-Agab",-9999.0,"gps","Loxodonta africana","Etosha1","Etosha1","African elephant - Namibia (Kilian)"
20661302140,true,2013-07-31 22:16:00.000,16.6359,-18.98542,"Halali-Agab",-9999.0,"gps","Loxodonta africana","Etosha1","Etosha1","African elephant - Namibia (Kilian)"
20661302154,true,2013-07-31 22:46:00.000,16.6323,-18.98805,"Halali-Agab",-9999.0,"gps","Loxodonta africana","Etosha1","Etosha1","African elephant - Namibia (Kilian)"
20661302164,true,2013-07-31 23:16:00.000,16.62995,-18.98953,"Halali-Agab",-9999.0,"gps","Loxodonta africana","Etosha1","Etosha1","African elephant - Namibia (Kilian)"
20661302178,true,2013-07-31 23:46:00.000,16.62828,-18.99042,"Halali-Agab",-9999.0,"gps","Loxodonta africana","Etosha1","Etosha1","African elephant - Namibia (Kilian)"
20661302188,true,2013-08-01 00:16:00.000,16.62685,-18.99073,"Halali-Agab",-9999.0,"gps","Loxodonta africana","Etosha1","Etosha1","African elephant - Namibia (Kilian)"
20661302202,true,2013-08-01 00:47:00.000,16.6264,-18.99125,"Halali-Agab",-9999.0,"gps","Loxodonta africana","Etosha1","Etosha1","African elephant - Namibia (Kilian)"
20661302212,true,2013-08-01 01:16:00.000,16.62565,-18.99182,"Halali-Agab",-9999.0,"gps","Loxodonta africana","Etosha1","Etosha1","African elephant - Namibia (Kilian)"
20661302226,true,2013-08-01 01:46:00.000,16.62538,-18.99292,"Halali-Agab",-9999.0,"gps","Loxodonta africana","Etosha1","Etosha1","African elephant - Namibia (Kilian)"
20661302237,true,2013-08-01 02:16:00.000,16.62513,-18.99282,"Halali-Agab",-9999.0,"gps","Loxodonta africana","Etosha1","Etosha1","African elephant - Namibia (Kilian)"
20661302258,true,2013-08-01 03:16:00.000,16.62498,-18.99328,"Halali-Agab",-9999.0,"gps","Loxodonta africana","Etosha1","Etosha1","African elephant - Namibia (Kilian)"
20661302269,true,2013-08-01 03:46:00.000,16.62507,-18.99372,"Halali-Agab",-9999.0,"gps","Loxodonta africana","Etosha1","Etosha1","African elephant - Namibia (Kilian)"
20661302276,true,2013-08-01 04:16:00.000,16.62497,-18.99445,"Halali-Agab",-9999.0,"gps","Loxodonta africana","Etosha1","Etosha1","African elephant - Namibia (Kilian)"
20661302296,true,2013-08-01 05:19:00.000,16.62467,-18.9951,"Halali-Agab",-9999.0,"gps","Loxodonta africana","Etosha1","Etosha1","African elephant - Namibia (Kilian)"
20661302309,true,2013-08-01 05:46:00.000,16.62497,-18.99498,"Halali-Agab",-9999.0,"gps","Loxodonta africana","Etosha1","Etosha1","African elephant - Namibia (Kilian)"
20661302319,true,2013-08-01 06:16:00.000,16.62492,-18.99498,"Halali-Agab",-9999.0,"gps","Loxodonta africana","Etosha1","Etosha1","African elephant - Namibia (Kilian)"
20661302331,true,2013-08-01 06:46:00.000,16.62377,-18.99573,"Halali-Agab",-9999.0,"gps","Loxodonta africana","Etosha1","Etosha1","African elephant - Namibia (Kilian)"
20661302340,true,2013-08-01 07:16:00.000,16.62215,-18.99465,"Halali-Agab",-9999.0,"gps","Loxodonta africana","Etosha1","Etosha1","African elephant - Namibia (Kilian)"
20661302353,true,2013-08-01 07:46:00.000,16.61955,-18.99412,"Halali-Agab",-9999.0,"gps","Loxodonta africana","Etosha1","Etosha1","African elephant - Namibia (Kilian)"
20661302363,true,2013-08-01 08:16:00.000,16.61845,-18.99445,"Halali-Agab",-9999.0,"gps","Loxodonta africana","Etosha1","Etosha1","African elephant - Namibia (Kilian)"
20661302378,true,2013-08-01 08:46:00.000,16.61727,-18.99465,"Halali-Agab",-9999.0,"gps","Loxodonta africana","Etosha1","Etosha1","African elephant - Namibia (Kilian)"
20661302388,true,2013-08-01 09:16:00.000,16.61612,-18.99468,"Halali-Agab",-9999.0,"gps","Loxodonta africana","Etosha1","Etosha1","African elephant - Namibia (Kilian)"
20661302401,true,2013-08-01 09:45:00.000,16.61522,-18.99478,"Halali-Agab",-9999.0,"gps","Loxodonta africana","Etosha1","Etosha1","African elephant - Namibia (Kilian)"
20661302414,true,2013-08-01 10:17:00.000,16.6141,-18.99495,"Halali-Agab",-9999.0,"gps","Loxodonta africana","Etosha1","Etosha1","African elephant - Namibia (Kilian)"
20661302427,true,2013-08-01 10:46:00.000,16.61292,-18.99628,"Halali-Agab",-9999.0,"gps","Loxodonta africana","Etosha1","Etosha1","African elephant - Namibia (Kilian)"
20661302437,true,2013-08-01 11:17:00.000,16.61117,-19.00208,"Halali-Agab",-9999.0,"gps","Loxodonta africana","Etosha1","Etosha1","African elephant - Namibia (Kilian)"
20661302450,true,2013-08-01 11:46:00.000,16.61117,-19.00923,"Halali-Agab",-9999.0,"gps","Loxodonta africana","Etosha1","Etosha1","African elephant - Namibia (Kilian)"
20661302461,true,2013-08-01 12:17:00.000,16.61123,-19.00987,"Halali-Agab",-9999.0,"gps","Loxodonta africana","Etosha1","Etosha1","African elephant - Namibia (Kilian)"
20661302475,true,2013-08-01 12:46:00.000,16.61125,-19.00988,"Halali-Agab",-9999.0,"gps","Loxodonta africana","Etosha1","Etosha1","African elephant - Namibia (Kilian)"
20661302483,true,2013-08-01 13:16:00.000,16.61173,-19.01067,"Halali-Agab",-9999.0,"gps","Loxodonta africana","Etosha1","Etosha1","African elephant - Namibia (Kilian)"
20661302497,true,2013-08-01 13:46:00.000,16.61167,-19.01058,"Halali-Agab",-9999.0,"gps","Loxodonta africana","Etosha1","Etosha1","African elephant - Namibia (Kilian)"
20661302508,true,2013-08-01 14:16:00.000,16.61163,-19.01058,"Halali-Agab",-9999.0,"gps","Loxodonta africana","Etosha1","Etosha1","African elephant - Namibia (Kilian)"
20661302522,true,2013-08-01 14:46:00.000,16.6117,-19.01065,"Halali-Agab",-9999.0,"gps","Loxodonta africana","Etosha1","Etosha1","African elephant - Namibia (Kilian)"
20661302532,true,2013-08-01 15:16:00.000,16.61223,-19.01072,"Halali-Agab",-9999.0,"gps","Loxodonta africana","Etosha1","Etosha1","African elephant - Namibia (Kilian)"
20661302547,true,2013-08-01 15:47:00.000,16.61355,-19.01052,"Halali-Agab",-9999.0,"gps","Loxodonta africana","Etosha1","Etosha1","African elephant - Namibia (Kilian)"
20661302556,true,2013-08-01 16:16:00.000,16.61462,-19.01107,"Halali-Agab",-9999.0,"gps","Loxodonta africana","Etosha1","Etosha1","African elephant - Namibia (Kilian)"
20661302570,true,2013-08-01 16:46:00.000,16.61575,-19.01153,"Halali-Agab",-9999.0,"gps","Loxodonta africana","Etosha1","Etosha1","African elephant - Namibia (Kilian)"
20661302581,true,2013-08-01 17:16:00.000,16.61682,-19.01193,"Halali-Agab",-9999.0,"gps","Loxodonta africana","Etosha1","Etosha1","African elephant - Namibia (Kilian)"
20661302594,true,2013-08-01 17:46:00.000,16.62025,-19.0183,"Halali-Agab",-9999.0,"gps","Loxodonta africana","Etosha1","Etosha1","African elephant - Namibia (Kilian)"
20661302605,true,2013-08-01 18:16:00.000,16.62347,-19.02227,"Halali-Agab",-9999.0,"gps","Loxodonta africana","Etosha1","Etosha1","African elephant - Namibia (Kilian)"
20661302620,true,2013-08-01 18:47:00.000,16.62765,-19.02548,"Halali-Agab",-9999.0,"gps","Loxodonta africana","Etosha1","Etosha1","African elephant - Namibia (Kilian)"
20661302628,true,2013-08-01 19:16:00.000,16.6339,-19.0339,"Halali-Agab",-9999.0,"gps","Loxodonta africana","Etosha1","Etosha1","African elephant - Namibia (Kilian)"
20661302641,true,2013-08-01 19:46:00.000,16.63975,-19.04082,"Halali-Agab",-9999.0,"gps","Loxodonta africana","Etosha1","Etosha1","African elephant - Namibia (Kilian)"
20661302650,true,2013-08-01 20:16:00.000,16.64168,-19.03798,"Halali-Agab",-9999.0,"gps","Loxodonta africana","Etosha1","Etosha1","African elephant - Namibia (Kilian)"
20661302665,true,2013-08-01 20:47:00.000,16.64687,-19.03237,"Halali-Agab",-9999.0,"gps","Loxodonta africana","Etosha1","Etosha1","African elephant - Namibia (Kilian)"
20661302675,true,2013-08-01 21:17:00.000,16.6484,-19.03132,"Halali-Agab",-9999.0,"gps","Loxodonta africana","Etosha1","Etosha1","African elephant - Namibia (Kilian)"
20661302689,true,2013-08-01 21:47:00.000,16.64782,-19.02705,"Halali-Agab",-9999.0,"gps","Loxodonta africana","Etosha1","Etosha1","African elephant - Namibia (Kilian)"
20661302697,true,2013-08-01 22:16:00.000,16.64598,-19.02378,"Halali-Agab",-9999.0,"gps","Loxodonta africana","Etosha1","Etosha1","African elephant - Namibia (Kilian)"
20661302712,true,2013-08-01 22:46:00.000,16.64438,-19.02042,"Halali-Agab",-9999.0,"gps","Loxodonta africana","Etosha1","Etosha1","African elephant - Namibia (Kilian)"
20661302722,true,2013-08-01 23:16:00.000,16.6422,-19.01712,"Halali-Agab",-9999.0,"gps","Loxodonta africana","Etosha1","Etosha1","African elephant - Namibia (Kilian)"
20661302735,true,2013-08-01 23:46:00.000,16.6419,-19.01563,"Halali-Agab",-9999.0,"gps","Loxodonta africana","Etosha1","Etosha1","African elephant - Namibia (Kilian)"
20661302745,true,2013-08-02 00:16:00.000,16.64203,-19.01518,"Halali-Agab",-9999.0,"gps","Loxodonta africana","Etosha1","Etosha1","African elephant - Namibia (Kilian)"
20661302759,true,2013-08-02 00:46:00.000,16.64092,-19.01285,"Halali-Agab",-9999.0,"gps","Loxodonta africana","Etosha1","Etosha1","African elephant - Namibia (Kilian)"
20661302771,true,2013-08-02 01:17:00.000,16.63973,-19.01145,"Halali-Agab",-9999.0,"gps","Loxodonta africana","Etosha1","Etosha1","African elephant - Namibia (Kilian)"
20661302784,true,2013-08-02 01:46:00.000,16.63972,-19.01135,"Halali-Agab",-9999.0,"gps","Loxodonta africana","Etosha1","Etosha1","African elephant - Namibia (Kilian)"
20661302793,true,2013-08-02 02:15:00.000,16.63837,-19.01013,"Halali-Agab",-9999.0,"gps","Loxodonta africana","Etosha1","Etosha1","African elephant - Namibia (Kilian)"
20661302808,true,2013-08-02 02:46:00.000,16.63827,-19.01007,"Halali-Agab",-9999.0,"gps","Loxodonta africana","Etosha1","Etosha1","African elephant - Namibia (Kilian)"
20661302817,true,2013-08-02 03:16:00.000,16.63823,-19.01013,"Halali-Agab",-9999.0,"gps","Loxodonta africana","Etosha1","Etosha1","African elephant - Namibia (Kilian)"
20661302830,true,2013-08-02 03:47:00.000,16.63823,-19.01015,"Halali-Agab",-9999.0,"gps","Loxodonta africana","Etosha1","Etosha1","African elephant - Namibia (Kilian)"
20661302838,true,2013-08-02 04:17:00.000,16.63837,-19.0101,"Halali-Agab",-9999.0,"gps","Loxodonta africana","Etosha1","Etosha1","African elephant - Namibia (Kilian)"
20661302851,true,2013-08-02 04:46:00.000,16.63637,-19.00885,"Halali-Agab",-9999.0,"gps","Loxodonta africana","Etosha1","Etosha1","African elephant - Namibia (Kilian)"
20661302860,true,2013-08-02 05:17:00.000,16.63523,-19.00795,"Halali-Agab",-9999.0,"gps","Loxodonta africana","Etosha1","Etosha1","African elephant - Namibia (Kilian)"
20661302873,true,2013-08-02 05:47:00.000,16.63387,-19.008,"Halali-Agab",-9999.0,"gps","Loxodonta africana","Etosha1","Etosha1","African elephant - Namibia (Kilian)"
20661302884,true,2013-08-02 06:16:00.000,16.63142,-19.0075,"Halali-Agab",-9999.0,"gps","Loxodonta africana","Etosha1","Etosha1","African elephant - Namibia (Kilian)"
20661302898,true,2013-08-02 06:46:00.000,16.6283,-19.00728,"Halali-Agab",-9999.0,"gps","Loxodonta africana","Etosha1","Etosha1","African elephant - Namibia (Kilian)"
20661302907,true,2013-08-02 07:16:00.000,16.62678,-19.00627,"Halali-Agab",-9999.0,"gps","Loxodonta africana","Etosha1","Etosha1","African elephant - Namibia (Kilian)"
20661302921,true,2013-08-02 07:46:00.000,16.62598,-19.0062,"Halali-Agab",-9999.0,"gps","Loxodonta africana","Etosha1","Etosha1","African elephant - Namibia (Kilian)"
20661302930,true,2013-08-02 08:16:00.000,16.62582,-19.0061,"Halali-Agab",-9999.0,"gps","Loxodonta africana","Etosha1","Etosha1","African elephant - Namibia (Kilian)"
20661302944,true,2013-08-02 08:46:00.000,16.62583,-19.00607,"Halali-Agab",-9999.0,"gps","Loxodonta africana","Etosha1","Etosha1","African elephant - Namibia (Kilian)"
20661302954,true,2013-08-02 09:16:00.000,16.6254,-19.00587,"Halali-Agab",-9999.0,"gps","Loxodonta africana","Etosha1","Etosha1","African elephant - Namibia (Kilian)"
20661302971,true,2013-08-02 10:02:00.000,16.62432,-19.00485,"Halali-Agab",-9999.0,"gps","Loxodonta africana","Etosha1","Etosha1","African elephant - Namibia (Kilian)"
20661302983,true,2013-08-02 10:31:00.000,16.62437,-19.00398,"Halali-Agab",-9999.0,"gps","Loxodonta africana","Etosha1","Etosha1","African elephant - Namibia (Kilian)"
20661302995,true,2013-08-02 11:00:00.000,16.62373,-19.0032,"Halali-Agab",-9999.0,"gps","Loxodonta africana","Etosha1","Etosha1","African elephant - Namibia (Kilian)"
20661303005,true,2013-08-02 11:31:00.000,16.62338,-19.00227,"Halali-Agab",-9999.0,"gps","Loxodonta africana","Etosha1","Etosha1","African elephant - Namibia (Kilian)"
20661303016,true,2013-08-02 12:00:00.000,16.6234,-19.00165,"Halali-Agab",-9999.0,"gps","Loxodonta africana","Etosha1","Etosha1","African elephant - Namibia (Kilian)"
20661303029,true,2013-08-02 12:31:00.000,16.6231,-19.00165,"Halali-Agab",-9999.0,"gps","Loxodonta africana","Etosha1","Etosha1","African elephant - Namibia (Kilian)"
20661303046,true,2013-08-02 13:17:00.000,16.62308,-19.00133,"Halali-Agab",-9999.0,"gps","Loxodonta africana","Etosha1","Etosha1","African elephant - Namibia (Kilian)"
20661303059,true,2013-08-02 13:46:00.000,16.62287,-19.00015,"Halali-Agab",-9999.0,"gps","Loxodonta africana","Etosha1","Etosha1","African elephant - Namibia (Kilian)"
20661303067,true,2013-08-02 14:16:00.000,16.62263,-18.99948,"Halali-Agab",-9999.0,"gps","Loxodonta africana","Etosha1","Etosha1","African elephant - Namibia (Kilian)"
20661303081,true,2013-08-02 14:46:00.000,16.62137,-18.99978,"Halali-Agab",-9999.0,"gps","Loxodonta africana","Etosha1","Etosha1","African elephant - Namibia (Kilian)"
20661303092,true,2013-08-02 15:16:00.000,16.62048,-18.9995,"Halali-Agab",-9999.0,"gps","Loxodonta africana","Etosha1","Etosha1","African elephant - Namibia (Kilian)"
20661303109,true,2013-08-02 16:00:00.000,16.61995,-18.9987,"Halali-Agab",-9999.0,"gps","Loxodonta africana","Etosha1","Etosha1","African elephant - Namibia (Kilian)"
20661303122,true,2013-08-02 16:28:00.000,16.61885,-18.99897,"Halali-Agab",-9999.0,"gps","Loxodonta africana","Etosha1","Etosha1","African elephant - Namibia (Kilian)"
20661303132,true,2013-08-02 16:59:00.000,16.61752,-18.9987,"Halali-Agab",-9999.0,"gps","Loxodonta africana","Etosha1","Etosha1","African elephant - Namibia (Kilian)"
20661303145,true,2013-08-02 17:28:00.000,16.61657,-18.99848,"Halali-Agab",-9999.0,"gps","Loxodonta africana","Etosha1","Etosha1","African elephant - Namibia (Kilian)"
20661303155,true,2013-08-02 17:58:00.000,16.61552,-18.99897,"Halali-Agab",-9999.0,"gps","Loxodonta africana","Etosha1","Etosha1","African elephant - Namibia (Kilian)"
20661303170,true,2013-08-02 18:28:00.000,16.61385,-18.99978,"Halali-Agab",-9999.0,"gps","Loxodonta africana","Etosha1","Etosha1","African elephant - Namibia (Kilian)"
20661303180,true,2013-08-02 18:59:00.000,16.61248,-19.00015,"Halali-Agab",-9999.0,"gps","Loxodonta africana","Etosha1","Etosha1","African elephant - Namibia (Kilian)"
20661303193,true,2013-08-02 19:28:00.000,16.6101,-19.00027,"Halali-Agab",-9999.0,"gps","Loxodonta africana","Etosha1","Etosha1","African elephant - Namibia (Kilian)"
20661303203,true,2013-08-02 19:58:00.000,16.60813,-18.99993,"Halali-Agab",-9999.0,"gps","Loxodonta africana","Etosha1","Etosha1","African elephant - Namibia (Kilian)"
20661303217,true,2013-08-02 20:28:00.000,16.60643,-18.99835,"Halali-Agab",-9999.0,"gps","Loxodonta africana","Etosha1","Etosha1","African elephant - Namibia (Kilian)"
20661303227,true,2013-08-02 20:58:00.000,16.60625,-18.99827,"Halali-Agab",-9999.0,"gps","Loxodonta africana","Etosha1","Etosha1","African elephant - Namibia (Kilian)"
20661303240,true,2013-08-02 21:29:00.000,16.60632,-18.99832,"Halali-Agab",-9999.0,"gps","Loxodonta africana","Etosha1","Etosha1","African elephant - Namibia (Kilian)"
20661303249,true,2013-08-02 21:58:00.000,16.60623,-18.99835,"Halali-Agab",-9999.0,"gps","Loxodonta africana","Etosha1","Etosha1","African elephant - Namibia (Kilian)"
20661303264,true,2013-08-02 22:30:00.000,16.6063,-18.99828,"Halali-Agab",-9999.0,"gps","Loxodonta africana","Etosha1","Etosha1","African elephant - Namibia (Kilian)"
20661303312,true,2013-08-03 00:35:00.000,16.60605,-18.99755,"Halali-Agab",-9999.0,"gps","Loxodonta africana","Etosha1","Etosha1","African elephant - Namibia (Kilian)"
20661303323,true,2013-08-03 01:03:00.000,16.6052,-18.99592,"Halali-Agab",-9999.0,"gps","Loxodonta africana","Etosha1","Etosha1","African elephant - Namibia (Kilian)"
20661303348,true,2013-08-03 02:15:00.000,16.60313,-18.98873,"Halali-Agab",-9999.0,"gps","Loxodonta africana","Etosha1","Etosha1","African elephant - Namibia (Kilian)"
20661303362,true,2013-08-03 02:43:00.000,16.60328,-18.98818,"Halali-Agab",-9999.0,"gps","Loxodonta africana","Etosha1","Etosha1","African elephant - Namibia (Kilian)"
20661303372,true,2013-08-03 03:14:00.000,16.60377,-18.98845,"Halali-Agab",-9999.0,"gps","Loxodonta africana","Etosha1","Etosha1","African elephant - Namibia (Kilian)"
20661303386,true,2013-08-03 03:43:00.000,16.60377,-18.98842,"Halali-Agab",-9999.0,"gps","Loxodonta africana","Etosha1","Etosha1","African elephant - Namibia (Kilian)"
20661303395,true,2013-08-03 04:15:00.000,16.6037,-18.98853,"Halali-Agab",-9999.0,"gps","Loxodonta africana","Etosha1","Etosha1","African elephant - Namibia (Kilian)"
20661303425,true,2013-08-03 05:29:00.000,16.60353,-18.9886,"Halali-Agab",-9999.0,"gps","Loxodonta africana","Etosha1","Etosha1","African elephant - Namibia (Kilian)"
20661303451,true,2013-08-03 06:40:00.000,16.59502,-18.98353,"Halali-Agab",-9999.0,"gps","Loxodonta africana","Etosha1","Etosha1","African elephant - Namibia (Kilian)"
20661303462,true,2013-08-03 07:09:00.000,16.59038,-18.98092,"Halali-Agab",-9999.0,"gps","Loxodonta africana","Etosha1","Etosha1","African elephant - Namibia (Kilian)"
20661303473,true,2013-08-03 07:39:00.000,16.5882,-18.9804,"Halali-Agab",-9999.0,"gps","Loxodonta africana","Etosha1","Etosha1","African elephant - Namibia (Kilian)"
20661303485,true,2013-08-03 08:09:00.000,16.58303,-18.981,"Halali-Agab",-9999.0,"gps","Loxodonta africana","Etosha1","Etosha1","African elephant - Namibia (Kilian)"
20661303497,true,2013-08-03 08:39:00.000,16.57708,-18.98323,"Halali-Agab",-9999.0,"gps","Loxodonta africana","Etosha1","Etosha1","African elephant - Namibia (Kilian)"
20661303510,true,2013-08-03 09:10:00.000,16.57598,-18.98323,"Halali-Agab",-9999.0,"gps","Loxodonta africana","Etosha1","Etosha1","African elephant - Namibia (Kilian)"
20661303521,true,2013-08-03 09:39:00.000,16.57418,-18.98387,"Halali-Agab",-9999.0,"gps","Loxodonta africana","Etosha1","Etosha1","African elephant - Namibia (Kilian)"
20661303535,true,2013-08-03 10:09:00.000,16.57155,-18.98135,"Halali-Agab",-9999.0,"gps","Loxodonta africana","Etosha1","Etosha1","African elephant - Namibia (Kilian)"
20661303546,true,2013-08-03 10:39:00.000,16.57058,-18.98177,"Halali-Agab",-9999.0,"gps","Loxodonta africana","Etosha1","Etosha1","African elephant - Namibia (Kilian)"
20661303560,true,2013-08-03 11:09:00.000,16.57075,-18.98173,"Halali-Agab",-9999.0,"gps","Loxodonta africana","Etosha1","Etosha1","African elephant - Namibia (Kilian)"
20661303571,true,2013-08-03 11:39:00.000,16.57068,-18.98168,"Halali-Agab",-9999.0,"gps","Loxodonta africana","Etosha1","Etosha1","African elephant - Namibia (Kilian)"
20661303584,true,2013-08-03 12:10:00.000,16.56862,-18.98233,"Halali-Agab",-9999.0,"gps","Loxodonta africana","Etosha1","Etosha1","African elephant - Namibia (Kilian)"
20661303598,true,2013-08-03 12:40:00.000,16.56822,-18.9828,"Halali-Agab",-9999.0,"gps","Loxodonta africana","Etosha1","Etosha1","African elephant - Namibia (Kilian)"
20661303619,true,2013-08-03 13:39:00.000,16.56047,-18.98808,"Halali-Agab",-9999.0,"gps","Loxodonta africana","Etosha1","Etosha1","African elephant - Namibia (Kilian)"
20661303633,true,2013-08-03 14:09:00.000,16.55792,-18.99033,"Halali-Agab",-9999.0,"gps","Loxodonta africana","Etosha1","Etosha1","African elephant - Namibia (Kilian)"
20661303644,true,2013-08-03 14:39:00.000,16.56232,-18.99185,"Halali-Agab",-9999.0,"gps","Loxodonta africana","Etosha1","Etosha1","African elephant - Namibia (Kilian)"
20661303657,true,2013-08-03 15:09:00.000,16.56598,-18.99157,"Halali-Agab",-9999.0,"gps","Loxodonta africana","Etosha1","Etosha1","African elephant - Namibia (Kilian)"
20661303670,true,2013-08-03 15:40:00.000,16.5673,-18.99125,"Halali-Agab",-9999.0,"gps","Loxodonta africana","Etosha1","Etosha1","African elephant - Namibia (Kilian)"
20661303681,true,2013-08-03 16:10:00.000,16.57132,-18.99227,"Halali-Agab",-9999.0,"gps","Loxodonta africana","Etosha1","Etosha1","African elephant - Namibia (Kilian)"
20661303696,true,2013-08-03 16:41:00.000,16.57268,-18.99198,"Halali-Agab",-9999.0,"gps","Loxodonta africana","Etosha1","Etosha1","African elephant - Namibia (Kilian)"
20661303706,true,2013-08-03 17:10:00.000,16.5741,-18.9924,"Halali-Agab",-9999.0,"gps","Loxodonta africana","Etosha1","Etosha1","African elephant - Namibia (Kilian)"
20661303717,true,2013-08-03 17:39:00.000,16.57573,-18.99512,"Halali-Agab",-9999.0,"gps","Loxodonta africana","Etosha1","Etosha1","African elephant - Namibia (Kilian)"
20661303731,true,2013-08-03 18:09:00.000,16.57573,-18.99605,"Halali-Agab",-9999.0,"gps","Loxodonta africana","Etosha1","Etosha1","African elephant - Namibia (Kilian)"
20661303742,true,2013-08-03 18:39:00.000,16.57642,-18.99645,"Halali-Agab",-9999.0,"gps","Loxodonta africana","Etosha1","Etosha1","African elephant - Namibia (Kilian)"
20661303754,true,2013-08-03 19:09:00.000,16.57782,-18.99735,"Halali-Agab",-9999.0,"gps","Loxodonta africana","Etosha1","Etosha1","African elephant - Namibia (Kilian)"
20661303764,true,2013-08-03 19:39:00.000,16.57843,-18.99732,"Halali-Agab",-9999.0,"gps","Loxodonta africana","Etosha1","Etosha1","African elephant - Namibia (Kilian)"
20661303777,true,2013-08-03 20:09:00.000,16.57908,-18.99745,"Halali-Agab",-9999.0,"gps","Loxodonta africana","Etosha1","Etosha1","African elephant - Namibia (Kilian)"
20661303790,true,2013-08-03 20:39:00.000,16.57933,-18.9973,"Halali-Agab",-9999.0,"gps","Loxodonta africana","Etosha1","Etosha1","African elephant - Namibia (Kilian)"
20661303804,true,2013-08-03 21:09:00.000,16.5797,-18.99712,"Halali-Agab",-9999.0,"gps","Loxodonta africana","Etosha1","Etosha1","African elephant - Namibia (Kilian)"
20661303815,true,2013-08-03 21:39:00.000,16.58083,-18.99698,"Halali-Agab",-9999.0,"gps","Loxodonta africana","Etosha1","Etosha1","African elephant - Namibia (Kilian)"
20661303829,true,2013-08-03 22:09:00.000,16.58263,-18.99685,"Halali-Agab",-9999.0,"gps","Loxodonta africana","Etosha1","Etosha1","African elephant - Namibia (Kilian)"
20661303840,true,2013-08-03 22:39:00.000,16.58345,-18.99658,"Halali-Agab",-9999.0,"gps","Loxodonta africana","Etosha1","Etosha1","African elephant - Namibia (Kilian)"
20661303854,true,2013-08-03 23:09:00.000,16.58355,-18.9962,"Halali-Agab",-9999.0,"gps","Loxodonta africana","Etosha1","Etosha1","African elephant - Namibia (Kilian)"
20661303865,true,2013-08-03 23:39:00.000,16.58413,-18.99628,"Halali-Agab",-9999.0,"gps","Loxodonta africana","Etosha1","Etosha1","African elephant - Namibia (Kilian)"
20661303878,true,2013-08-04 00:09:00.000,16.58517,-18.99625,"Halali-Agab",-9999.0,"gps","Loxodonta africana","Etosha1","Etosha1","African elephant - Namibia (Kilian)"
20661303890,true,2013-08-04 00:39:00.000,16.5861,-18.99575,"Halali-Agab",-9999.0,"gps","Loxodonta africana","Etosha1","Etosha1","African elephant - Namibia (Kilian)"
20661303903,true,2013-08-04 01:09:00.000,16.58633,-18.99565,"Halali-Agab",-9999.0,"gps","Loxodonta africana","Etosha1","Etosha1","African elephant - Namibia (Kilian)"
20661303913,true,2013-08-04 01:39:00.000,16.58668,-18.99528,"Halali-Agab",-9999.0,"gps","Loxodonta africana","Etosha1","Etosha1","African elephant - Namibia (Kilian)"
20661303927,true,2013-08-04 02:11:00.000,16.58658,-18.99525,"Halali-Agab",-9999.0,"gps","Loxodonta africana","Etosha1","Etosha1","African elephant - Namibia (Kilian)"
20661303938,true,2013-08-04 02:39:00.000,16.58647,-18.99565,"Halali-Agab",-9999.0,"gps","Loxodonta africana","Etosha1","Etosha1","African elephant - Namibia (Kilian)"
20661303951,true,2013-08-04 03:09:00.000,16.58655,-18.99542,"Halali-Agab",-9999.0,"gps","Loxodonta africana","Etosha1","Etosha1","African elephant - Namibia (Kilian)"
20661303964,true,2013-08-04 03:41:00.000,16.5864,-18.99552,"Halali-Agab",-9999.0,"gps","Loxodonta africana","Etosha1","Etosha1","African elephant - Namibia (Kilian)"
20661303973,true,2013-08-04 04:09:00.000,16.58762,-18.99512,"Halali-Agab",-9999.0,"gps","Loxodonta africana","Etosha1","Etosha1","African elephant - Namibia (Kilian)"
20661303985,true,2013-08-04 04:39:00.000,16.58858,-18.99455,"Halali-Agab",-9999.0,"gps","Loxodonta africana","Etosha1","Etosha1","African elephant - Namibia (Kilian)"
20661303998,true,2013-08-04 05:09:00.000,16.58915,-18.99438,"Halali-Agab",-9999.0,"gps","Loxodonta africana","Etosha1","Etosha1","African elephant - Namibia (Kilian)"
20661304008,true,2013-08-04 05:39:00.000,16.58963,-18.99445,"Halali-Agab",-9999.0,"gps","Loxodonta africana","Etosha1","Etosha1","African elephant - Namibia (Kilian)"
20661304021,true,2013-08-04 06:09:00.000,16.58953,-18.9944,"Halali-Agab",-9999.0,"gps","Loxodonta africana","Etosha1","Etosha1","African elephant - Namibia (Kilian)"
20661304032,true,2013-08-04 06:39:00.000,16.58937,-18.99393,"Halali-Agab",-9999.0,"gps","Loxodonta africana","Etosha1","Etosha1","African elephant - Namibia (Kilian)"
20661304045,true,2013-08-04 07:09:00.000,16.58853,-18.99373,"Halali-Agab",-9999.0,"gps","Loxodonta africana","Etosha1","Etosha1","African elephant - Namibia (Kilian)"
20661304056,true,2013-08-04 07:39:00.000,16.58805,-18.99358,"Halali-Agab",-9999.0,"gps","Loxodonta africana","Etosha1","Etosha1","African elephant - Namibia (Kilian)"
20661304069,true,2013-08-04 08:09:00.000,16.58643,-18.99293,"Halali-Agab",-9999.0,"gps","Loxodonta africana","Etosha1","Etosha1","African elephant - Namibia (Kilian)"
20661304080,true,2013-08-04 08:39:00.000,16.58532,-18.99142,"Halali-Agab",-9999.0,"gps","Loxodonta africana","Etosha1","Etosha1","African elephant - Namibia (Kilian)"
20661304093,true,2013-08-04 09:09:00.000,16.58637,-18.99027,"Halali-Agab",-9999.0,"gps","Loxodonta africana","Etosha1","Etosha1","African elephant - Namibia (Kilian)"
20661304103,true,2013-08-04 09:39:00.000,16.58628,-18.98993,"Halali-Agab",-9999.0,"gps","Loxodonta africana","Etosha1","Etosha1","African elephant - Namibia (Kilian)"
20661304117,true,2013-08-04 10:09:00.000,16.5865,-18.98998,"Halali-Agab",-9999.0,"gps","Loxodonta africana","Etosha1","Etosha1","African elephant - Namibia (Kilian)"
20661304129,true,2013-08-04 10:40:00.000,16.5855,-18.99073,"Halali-Agab",-9999.0,"gps","Loxodonta africana","Etosha1","Etosha1","African elephant - Namibia (Kilian)"
20661304185,true,2013-08-04 13:02:00.000,16.5841,-18.99015,"Halali-Agab",-9999.0,"gps","Loxodonta africana","Etosha1","Etosha1","African elephant - Namibia (Kilian)"
20661304195,true,2013-08-04 13:30:00.000,16.58365,-18.99012,"Halali-Agab",-9999.0,"gps","Loxodonta africana","Etosha1","Etosha1","African elephant - Namibia (Kilian)"
20661304204,true,2013-08-04 13:59:00.000,16.58353,-18.99027,"Halali-Agab",-9999.0,"gps","Loxodonta africana","Etosha1","Etosha1","African elephant - Namibia (Kilian)"
20661304219,true,2013-08-04 14:30:00.000,16.5829,-18.98995,"Halali-Agab",-9999.0,"gps","Loxodonta africana","Etosha1","Etosha1","African elephant - Namibia (Kilian)"
20661304231,true,2013-08-04 15:00:00.000,16.57808,-18.98903,"Halali-Agab",-9999.0,"gps","Loxodonta africana","Etosha1","Etosha1","African elephant - Namibia (Kilian)"
20661304243,true,2013-08-04 15:30:00.000,16.57158,-18.98912,"Halali-Agab",-9999.0,"gps","Loxodonta africana","Etosha1","Etosha1","African elephant - Namibia (Kilian)"
20661304253,true,2013-08-04 15:59:00.000,16.56123,-18.98975,"Halali-Agab",-9999.0,"gps","Loxodonta africana","Etosha1","Etosha1","African elephant - Namibia (Kilian)"
20661304268,true,2013-08-04 16:31:00.000,16.5571,-18.99108,"Halali-Agab",-9999.0,"gps","Loxodonta africana","Etosha1","Etosha1","African elephant - Namibia (Kilian)"
20661304279,true,2013-08-04 17:00:00.000,16.5608,-18.99143,"Halali-Agab",-9999.0,"gps","Loxodonta africana","Etosha1","Etosha1","African elephant - Namibia (Kilian)"
20661304293,true,2013-08-04 17:32:00.000,16.56213,-18.99152,"Halali-Agab",-9999.0,"gps","Loxodonta africana","Etosha1","Etosha1","African elephant - Namibia (Kilian)"
20661304304,true,2013-08-04 18:00:00.000,16.56497,-18.993,"Halali-Agab",-9999.0,"gps","Loxodonta africana","Etosha1","Etosha1","African elephant - Namibia (Kilian)"
20661304317,true,2013-08-04 18:30:00.000,16.5696,-18.99612,"Halali-Agab",-9999.0,"gps","Loxodonta africana","Etosha1","Etosha1","African elephant - Namibia (Kilian)"
20661304327,true,2013-08-04 18:59:00.000,16.57705,-19.00197,"Halali-Agab",-9999.0,"gps","Loxodonta africana","Etosha1","Etosha1","African elephant - Namibia (Kilian)"
20661304341,true,2013-08-04 19:30:00.000,16.57785,-19.00262,"Halali-Agab",-9999.0,"gps","Loxodonta africana","Etosha1","Etosha1","African elephant - Namibia (Kilian)"
20661304353,true,2013-08-04 20:00:00.000,16.57818,-19.0027,"Halali-Agab",-9999.0,"gps","Loxodonta africana","Etosha1","Etosha1","African elephant - Namibia (Kilian)"
20661304365,true,2013-08-04 20:30:00.000,16.57863,-19.00282,"Halali-Agab",-9999.0,"gps","Loxodonta africana","Etosha1","Etosha1","African elephant - Namibia (Kilian)"
20661304375,true,2013-08-04 20:59:00.000,16.57877,-19.0028,"Halali-Agab",-9999.0,"gps","Loxodonta africana","Etosha1","Etosha1","African elephant - Namibia (Kilian)"
20661304389,true,2013-08-04 21:30:00.000,16.57925,-19.00335,"Halali-Agab",-9999.0,"gps","Loxodonta africana","Etosha1","Etosha1","African elephant - Namibia (Kilian)"
20661304402,true,2013-08-04 22:01:00.000,16.57967,-19.0038,"Halali-Agab",-9999.0,"gps","Loxodonta africana","Etosha1","Etosha1","African elephant - Namibia (Kilian)"
20661304413,true,2013-08-04 22:30:00.000,16.58025,-19.00393,"Halali-Agab",-9999.0,"gps","Loxodonta africana","Etosha1","Etosha1","African elephant - Namibia (Kilian)"
20661304425,true,2013-08-04 23:00:00.000,16.58058,-19.00452,"Halali-Agab",-9999.0,"gps","Loxodonta africana","Etosha1","Etosha1","African elephant - Namibia (Kilian)"
20661304437,true,2013-08-04 23:30:00.000,16.58077,-19.00462,"Halali-Agab",-9999.0,"gps","Loxodonta africana","Etosha1","Etosha1","African elephant - Namibia (Kilian)"
20661304449,true,2013-08-05 00:00:00.000,16.5808,-19.00503,"Halali-Agab",-9999.0,"gps","Loxodonta africana","Etosha1","Etosha1","African elephant - Namibia (Kilian)"
20661304462,true,2013-08-05 00:30:00.000,16.58117,-19.00555,"Halali-Agab",-9999.0,"gps","Loxodonta africana","Etosha1","Etosha1","African elephant - Namibia (Kilian)"
20661304474,true,2013-08-05 01:00:00.000,16.58113,-19.00568,"Halali-Agab",-9999.0,"gps","Loxodonta africana","Etosha1","Etosha1","African elephant - Namibia (Kilian)"
20661304486,true,2013-08-05 01:30:00.000,16.58118,-19.0057,"Halali-Agab",-9999.0,"gps","Loxodonta africana","Etosha1","Etosha1","African elephant - Namibia (Kilian)"
20661304499,true,2013-08-05 02:01:00.000,16.58118,-19.00578,"Halali-Agab",-9999.0,"gps","Loxodonta africana","Etosha1","Etosha1","African elephant - Namibia (Kilian)"
20661304510,true,2013-08-05 02:31:00.000,16.5813,-19.0058,"Halali-Agab",-9999.0,"gps","Loxodonta africana","Etosha1","Etosha1","African elephant - Namibia (Kilian)"
20661304520,true,2013-08-05 02:59:00.000,16.58117,-19.00573,"Halali-Agab",-9999.0,"gps","Loxodonta africana","Etosha1","Etosha1","African elephant - Namibia (Kilian)"
20661304533,true,2013-08-05 03:30:00.000,16.58152,-19.00563,"Halali-Agab",-9999.0,"gps","Loxodonta africana","Etosha1","Etosha1","African elephant - Namibia (Kilian)"
20661304548,true,2013-08-05 04:02:00.000,16.58112,-19.00563,"Halali-Agab",-9999.0,"gps","Loxodonta africana","Etosha1","Etosha1","African elephant - Namibia (Kilian)"
20661304564,true,2013-08-05 05:00:00.000,16.5806,-19.00577,"Halali-Agab",-9999.0,"gps","Loxodonta africana","Etosha1","Etosha1","African elephant - Namibia (Kilian)"
20661304576,true,2013-08-05 05:31:00.000,16.58127,-19.00575,"Halali-Agab",-9999.0,"gps","Loxodonta africana","Etosha1","Etosha1","African elephant - Namibia (Kilian)"
20661304586,true,2013-08-05 05:59:00.000,16.58177,-19.00585,"Halali-Agab",-9999.0,"gps","Loxodonta africana","Etosha1","Etosha1","African elephant - Namibia (Kilian)"
20661304602,true,2013-08-05 06:31:00.000,16.5818,-19.00602,"Halali-Agab",-9999.0,"gps","Loxodonta africana","Etosha1","Etosha1","African elephant - Namibia (Kilian)"
20661304611,true,2013-08-05 06:59:00.000,16.58213,-19.00555,"Halali-Agab",-9999.0,"gps","Loxodonta africana","Etosha1","Etosha1","African elephant - Namibia (Kilian)"
20661304625,true,2013-08-05 07:29:00.000,16.58308,-19.00493,"Halali-Agab",-9999.0,"gps","Loxodonta africana","Etosha1","Etosha1","African elephant - Namibia (Kilian)"
20661304637,true,2013-08-05 08:00:00.000,16.58355,-19.0038,"Halali-Agab",-9999.0,"gps","Loxodonta africana","Etosha1","Etosha1","African elephant - Namibia (Kilian)"
20661304650,true,2013-08-05 08:30:00.000,16.58433,-19.00262,"Halali-Agab",-9999.0,"gps","Loxodonta africana","Etosha1","Etosha1","African elephant - Namibia (Kilian)"
20661304664,true,2013-08-05 09:01:00.000,16.58702,-19.0034,"Halali-Agab",-9999.0,"gps","Loxodonta africana","Etosha1","Etosha1","African elephant - Namibia (Kilian)"
20661304674,true,2013-08-05 09:29:00.000,16.58907,-19.0046,"Halali-Agab",-9999.0,"gps","Loxodonta africana","Etosha1","Etosha1","African elephant - Namibia (Kilian)"
20661304686,true,2013-08-05 10:00:00.000,16.58928,-19.00457,"Halali-Agab",-9999.0,"gps","Loxodonta africana","Etosha1","Etosha1","African elephant - Namibia (Kilian)"
20661304699,true,2013-08-05 10:30:00.000,16.58923,-19.00448,"Halali-Agab",-9999.0,"gps","Loxodonta africana","Etosha1","Etosha1","African elephant - Namibia (Kilian)"
20661304711,true,2013-08-05 11:00:00.000,16.5894,-19.00435,"Halali-Agab",-9999.0,"gps","Loxodonta africana","Etosha1","Etosha1","African elephant - Namibia (Kilian)"
20661304752,true,2013-08-05 12:45:00.000,16.58885,-19.00432,"Halali-Agab",-9999.0,"gps","Loxodonta africana","Etosha1","Etosha1","African elephant - Namibia (Kilian)"
20661304793,true,2013-08-05 14:31:00.000,16.591,-19.004,"Halali-Agab",-9999.0,"gps","Loxodonta africana","Etosha1","Etosha1","African elephant - Namibia (Kilian)"
20661304828,true,2013-08-05 16:03:00.000,16.6009,-19.00025,"Halali-Agab",-9999.0,"gps","Loxodonta africana","Etosha1","Etosha1","African elephant - Namibia (Kilian)"
20661304839,true,2013-08-05 16:30:00.000,16.59877,-19.00452,"Halali-Agab",-9999.0,"gps","Loxodonta africana","Etosha1","Etosha1","African elephant - Namibia (Kilian)"
20661304849,true,2013-08-05 16:59:00.000,16.60047,-19.00432,"Halali-Agab",-9999.0,"gps","Loxodonta africana","Etosha1","Etosha1","African elephant - Namibia (Kilian)"
20661304863,true,2013-08-05 17:30:00.000,16.60152,-19.0009,"Halali-Agab",-9999.0,"gps","Loxodonta africana","Etosha1","Etosha1","African elephant - Namibia (Kilian)"
20661304875,true,2013-08-05 18:00:00.000,16.60318,-18.99875,"Halali-Agab",-9999.0,"gps","Loxodonta africana","Etosha1","Etosha1","African elephant - Namibia (Kilian)"
20661304888,true,2013-08-05 18:29:00.000,16.60423,-18.99827,"Halali-Agab",-9999.0,"gps","Loxodonta africana","Etosha1","Etosha1","African elephant - Namibia (Kilian)"
20661304917,true,2013-08-05 19:47:00.000,16.6063,-18.99592,"Halali-Agab",-9999.0,"gps","Loxodonta africana","Etosha1","Etosha1","African elephant - Namibia (Kilian)"
20661304927,true,2013-08-05 20:17:00.000,16.60645,-18.9955,"Halali-Agab",-9999.0,"gps","Loxodonta africana","Etosha1","Etosha1","African elephant - Namibia (Kilian)"
20661304941,true,2013-08-05 20:45:00.000,16.60697,-18.99553,"Halali-Agab",-9999.0,"gps","Loxodonta africana","Etosha1","Etosha1","African elephant - Namibia (Kilian)"
20661304951,true,2013-08-05 21:16:00.000,16.60777,-18.99467,"Halali-Agab",-9999.0,"gps","Loxodonta africana","Etosha1","Etosha1","African elephant - Namibia (Kilian)"
20661304966,true,2013-08-05 21:46:00.000,16.60862,-18.99393,"Halali-Agab",-9999.0,"gps","Loxodonta africana","Etosha1","Etosha1","African elephant - Namibia (Kilian)"
20661304974,true,2013-08-05 22:16:00.000,16.60853,-18.99395,"Halali-Agab",-9999.0,"gps","Loxodonta africana","Etosha1","Etosha1","African elephant - Namibia (Kilian)"
20661304989,true,2013-08-05 22:46:00.000,16.60833,-18.99387,"Halali-Agab",-9999.0,"gps","Loxodonta africana","Etosha1","Etosha1","African elephant - Namibia (Kilian)"
20661304999,true,2013-08-05 23:16:00.000,16.6083,-18.9936,"Halali-Agab",-9999.0,"gps","Loxodonta africana","Etosha1","Etosha1","African elephant - Namibia (Kilian)"
20661305011,true,2013-08-05 23:45:00.000,16.60817,-18.99333,"Halali-Agab",-9999.0,"gps","Loxodonta africana","Etosha1","Etosha1","African elephant - Namibia (Kilian)"
20661305022,true,2013-08-06 00:15:00.000,16.60765,-18.99068,"Halali-Agab",-9999.0,"gps","Loxodonta africana","Etosha1","Etosha1","African elephant - Namibia (Kilian)"
20661305038,true,2013-08-06 00:47:00.000,16.60698,-18.9885,"Halali-Agab",-9999.0,"gps","Loxodonta africana","Etosha1","Etosha1","African elephant - Namibia (Kilian)"
20661305048,true,2013-08-06 01:16:00.000,16.60697,-18.9885,"Halali-Agab",-9999.0,"gps","Loxodonta africana","Etosha1","Etosha1","African elephant - Namibia (Kilian)"
20661305069,true,2013-08-06 02:15:00.000,16.60682,-18.98848,"Halali-Agab",-9999.0,"gps","Loxodonta africana","Etosha1","Etosha1","African elephant - Namibia (Kilian)"
20661305106,true,2013-08-06 03:47:00.000,16.6068,-18.9885,"Halali-Agab",-9999.0,"gps","Loxodonta africana","Etosha1","Etosha1","African elephant - Namibia (Kilian)"
20661305116,true,2013-08-06 04:17:00.000,16.60678,-18.98845,"Halali-Agab",-9999.0,"gps","Loxodonta africana","Etosha1","Etosha1","African elephant - Namibia (Kilian)"
20661305130,true,2013-08-06 04:46:00.000,16.60677,-18.98843,"Halali-Agab",-9999.0,"gps","Loxodonta africana","Etosha1","Etosha1","African elephant - Namibia (Kilian)"
20661305150,true,2013-08-06 05:46:00.000,16.6078,-18.98833,"Halali-Agab",-9999.0,"gps","Loxodonta africana","Etosha1","Etosha1","African elephant - Namibia (Kilian)"
20661305159,true,2013-08-06 06:15:00.000,16.6081,-18.98797,"Halali-Agab",-9999.0,"gps","Loxodonta africana","Etosha1","Etosha1","African elephant - Namibia (Kilian)"
20661305174,true,2013-08-06 06:45:00.000,16.60777,-18.98717,"Halali-Agab",-9999.0,"gps","Loxodonta africana","Etosha1","Etosha1","African elephant - Namibia (Kilian)"
20661305184,true,2013-08-06 07:15:00.000,16.60772,-18.9871,"Halali-Agab",-9999.0,"gps","Loxodonta africana","Etosha1","Etosha1","African elephant - Namibia (Kilian)"
20661305198,true,2013-08-06 07:46:00.000,16.5988,-18.98943,"Halali-Agab",-9999.0,"gps","Loxodonta africana","Etosha1","Etosha1","African elephant - Namibia (Kilian)"
20661305209,true,2013-08-06 08:16:00.000,16.59383,-18.99203,"Halali-Agab",-9999.0,"gps","Loxodonta africana","Etosha1","Etosha1","African elephant - Namibia (Kilian)"
20661305223,true,2013-08-06 08:45:00.000,16.5927,-18.99348,"Halali-Agab",-9999.0,"gps","Loxodonta africana","Etosha1","Etosha1","African elephant - Namibia (Kilian)"
20661305233,true,2013-08-06 09:15:00.000,16.592,-18.99373,"Halali-Agab",-9999.0,"gps","Loxodonta africana","Etosha1","Etosha1","African elephant - Namibia (Kilian)"
20661305247,true,2013-08-06 09:45:00.000,16.59208,-18.99442,"Halali-Agab",-9999.0,"gps","Loxodonta africana","Etosha1","Etosha1","African elephant - Namibia (Kilian)"
20661305257,true,2013-08-06 10:15:00.000,16.59087,-18.99508,"Halali-Agab",-9999.0,"gps","Loxodonta africana","Etosha1","Etosha1","African elephant - Namibia (Kilian)"
20661305273,true,2013-08-06 10:46:00.000,16.58888,-18.99593,"Halali-Agab",-9999.0,"gps","Loxodonta africana","Etosha1","Etosha1","African elephant - Namibia (Kilian)"
20661305283,true,2013-08-06 11:16:00.000,16.58767,-18.99648,"Halali-Agab",-9999.0,"gps","Loxodonta africana","Etosha1","Etosha1","African elephant - Namibia (Kilian)"
20661305296,true,2013-08-06 11:45:00.000,16.57865,-18.9955,"Halali-Agab",-9999.0,"gps","Loxodonta africana","Etosha1","Etosha1","African elephant - Namibia (Kilian)"
20661305307,true,2013-08-06 12:16:00.000,16.57177,-18.99408,"Halali-Agab",-9999.0,"gps","Loxodonta africana","Etosha1","Etosha1","African elephant - Namibia (Kilian)"
20661305330,true,2013-08-06 13:15:00.000,16.56373,-18.99237,"Halali-Agab",-9999.0,"gps","Loxodonta africana","Etosha1","Etosha1","African elephant - Namibia (Kilian)"
20661305344,true,2013-08-06 13:45:00.000,16.55788,-18.991,"Halali-Agab",-9999.0,"gps","Loxodonta africana","Etosha1","Etosha1","African elephant - Namibia (Kilian)"
20661305355,true,2013-08-06 14:16:00.000,16.56337,-18.98738,"Halali-Agab",-9999.0,"gps","Loxodonta africana","Etosha1","Etosha1","African elephant - Namibia (Kilian)"
20661305370,true,2013-08-06 14:46:00.000,16.568,-18.984,"Halali-Agab",-9999.0,"gps","Loxodonta africana","Etosha1","Etosha1","African elephant - Namibia (Kilian)"
20661305403,true,2013-08-06 16:19:00.000,16.57498,-18.98597,"Halali-Agab",-9999.0,"gps","Loxodonta africana","Etosha1","Etosha1","African elephant - Namibia (Kilian)"
20661305424,true,2013-08-06 17:12:00.000,16.57537,-18.98698,"Halali-Agab",-9999.0,"gps","Loxodonta africana","Etosha1","Etosha1","African elephant - Namibia (Kilian)"
20661305438,true,2013-08-06 17:41:00.000,16.5754,-18.98713,"Halali-Agab",-9999.0,"gps","Loxodonta africana","Etosha1","Etosha1","African elephant - Namibia (Kilian)"
20661305448,true,2013-08-06 18:12:00.000,16.57523,-18.9882,"Halali-Agab",-9999.0,"gps","Loxodonta africana","Etosha1","Etosha1","African elephant - Namibia (Kilian)"
20661305463,true,2013-08-06 18:41:00.000,16.57535,-18.98887,"Halali-Agab",-9999.0,"gps","Loxodonta africana","Etosha1","Etosha1","African elephant - Namibia (Kilian)"
20661305473,true,2013-08-06 19:11:00.000,16.5754,-18.98898,"Halali-Agab",-9999.0,"gps","Loxodonta africana","Etosha1","Etosha1","African elephant - Namibia (Kilian)"
20661305486,true,2013-08-06 19:41:00.000,16.5756,-18.98982,"Halali-Agab",-9999.0,"gps","Loxodonta africana","Etosha1","Etosha1","African elephant - Namibia (Kilian)"
20661305495,true,2013-08-06 20:11:00.000,16.5756,-18.9905,"Halali-Agab",-9999.0,"gps","Loxodonta africana","Etosha1","Etosha1","African elephant - Namibia (Kilian)"
20661305509,true,2013-08-06 20:42:00.000,16.5754,-18.99118,"Halali-Agab",-9999.0,"gps","Loxodonta africana","Etosha1","Etosha1","African elephant - Namibia (Kilian)"
20661305518,true,2013-08-06 21:11:00.000,16.57552,-18.99127,"Halali-Agab",-9999.0,"gps","Loxodonta africana","Etosha1","Etosha1","African elephant - Namibia (Kilian)"
20661305535,true,2013-08-06 21:55:00.000,16.57677,-18.99355,"Halali-Agab",-9999.0,"gps","Loxodonta africana","Etosha1","Etosha1","African elephant - Namibia (Kilian)"
20661305549,true,2013-08-06 22:24:00.000,16.57748,-18.99513,"Halali-Agab",-9999.0,"gps","Loxodonta africana","Etosha1","Etosha1","African elephant - Namibia (Kilian)"
20661305560,true,2013-08-06 22:55:00.000,16.58043,-18.99707,"Halali-Agab",-9999.0,"gps","Loxodonta africana","Etosha1","Etosha1","African elephant - Namibia (Kilian)"
20661305574,true,2013-08-06 23:25:00.000,16.58112,-19.00003,"Halali-Agab",-9999.0,"gps","Loxodonta africana","Etosha1","Etosha1","African elephant - Namibia (Kilian)"
20661305584,true,2013-08-06 23:54:00.000,16.5813,-19.00042,"Halali-Agab",-9999.0,"gps","Loxodonta africana","Etosha1","Etosha1","African elephant - Namibia (Kilian)"
20661305599,true,2013-08-07 00:24:00.000,16.5818,-19.00078,"Halali-Agab",-9999.0,"gps","Loxodonta africana","Etosha1","Etosha1","African elephant - Namibia (Kilian)"
20661305609,true,2013-08-07 00:54:00.000,16.58312,-19.00095,"Halali-Agab",-9999.0,"gps","Loxodonta africana","Etosha1","Etosha1","African elephant - Namibia (Kilian)"
20661305622,true,2013-08-07 01:24:00.000,16.58365,-19.0011,"Halali-Agab",-9999.0,"gps","Loxodonta africana","Etosha1","Etosha1","African elephant - Namibia (Kilian)"
20661305631,true,2013-08-07 01:54:00.000,16.58382,-19.0011,"Halali-Agab",-9999.0,"gps","Loxodonta africana","Etosha1","Etosha1","African elephant - Namibia (Kilian)"
20661305646,true,2013-08-07 02:25:00.000,16.58388,-19.00115,"Halali-Agab",-9999.0,"gps","Loxodonta africana","Etosha1","Etosha1","African elephant - Namibia (Kilian)"
20661305655,true,2013-08-07 02:54:00.000,16.58377,-19.00118,"Halali-Agab",-9999.0,"gps","Loxodonta africana","Etosha1","Etosha1","African elephant - Namibia (Kilian)"
20661305716,true,2013-08-07 05:42:00.000,16.58365,-19.00173,"Halali-Agab",-9999.0,"gps","Loxodonta africana","Etosha1","Etosha1","African elephant - Namibia (Kilian)"
20661305728,true,2013-08-07 06:12:00.000,16.5837,-19.00205,"Halali-Agab",-9999.0,"gps","Loxodonta africana","Etosha1","Etosha1","African elephant - Namibia (Kilian)"
20661305741,true,2013-08-07 06:41:00.000,16.58375,-19.00187,"Halali-Agab",-9999.0,"gps","Loxodonta africana","Etosha1","Etosha1","African elephant - Namibia (Kilian)"
20661305752,true,2013-08-07 07:11:00.000,16.58537,-18.99918,"Halali-Agab",-9999.0,"gps","Loxodonta africana","Etosha1","Etosha1","African elephant - Namibia (Kilian)"
20661305765,true,2013-08-07 07:42:00.000,16.58542,-18.99355,"Halali-Agab",-9999.0,"gps","Loxodonta africana","Etosha1","Etosha1","African elephant - Namibia (Kilian)"
20661305776,true,2013-08-07 08:11:00.000,16.58465,-18.99317,"Halali-Agab",-9999.0,"gps","Loxodonta africana","Etosha1","Etosha1","African elephant - Namibia (Kilian)"
20661305791,true,2013-08-07 08:42:00.000,16.58422,-18.99283,"Halali-Agab",-9999.0,"gps","Loxodonta africana","Etosha1","Etosha1","African elephant - Namibia (Kilian)"
20661305801,true,2013-08-07 09:11:00.000,16.58377,-18.9929,"Halali-Agab",-9999.0,"gps","Loxodonta africana","Etosha1","Etosha1","African elephant - Namibia (Kilian)"
20661305815,true,2013-08-07 09:43:00.000,16.58353,-18.99307,"Halali-Agab",-9999.0,"gps","Loxodonta africana","Etosha1","Etosha1","African elephant - Namibia (Kilian)"
20661305825,true,2013-08-07 10:12:00.000,16.58352,-18.99312,"Halali-Agab",-9999.0,"gps","Loxodonta africana","Etosha1","Etosha1","African elephant - Namibia (Kilian)"
20661305838,true,2013-08-07 10:42:00.000,16.58362,-18.99303,"Halali-Agab",-9999.0,"gps","Loxodonta africana","Etosha1","Etosha1","African elephant - Namibia (Kilian)"
20661305847,true,2013-08-07 11:12:00.000,16.58307,-18.99333,"Halali-Agab",-9999.0,"gps","Loxodonta africana","Etosha1","Etosha1","African elephant - Namibia (Kilian)"
20661305858,true,2013-08-07 11:42:00.000,16.5825,-18.99315,"Halali-Agab",-9999.0,"gps","Loxodonta africana","Etosha1","Etosha1","African elephant - Namibia (Kilian)"
20661305878,true,2013-08-07 12:41:00.000,16.58207,-18.9929,"Halali-Agab",-9999.0,"gps","Loxodonta africana","Etosha1","Etosha1","African elephant - Namibia (Kilian)"
20661305889,true,2013-08-07 13:12:00.000,16.5821,-18.99283,"Halali-Agab",-9999.0,"gps","Loxodonta africana","Etosha1","Etosha1","African elephant - Namibia (Kilian)"
20661305902,true,2013-08-07 13:42:00.000,16.57643,-18.99155,"Halali-Agab",-9999.0,"gps","Loxodonta africana","Etosha1","Etosha1","African elephant - Namibia (Kilian)"
20661305913,true,2013-08-07 14:11:00.000,16.5748,-18.99088,"Halali-Agab",-9999.0,"gps","Loxodonta africana","Etosha1","Etosha1","African elephant - Namibia (Kilian)"
20661305927,true,2013-08-07 14:41:00.000,16.5715,-18.99088,"Halali-Agab",-9999.0,"gps","Loxodonta africana","Etosha1","Etosha1","African elephant - Namibia (Kilian)"
20661305936,true,2013-08-07 15:11:00.000,16.56918,-18.99097,"Halali-Agab",-9999.0,"gps","Loxodonta africana","Etosha1","Etosha1","African elephant - Namibia (Kilian)"
20661305948,true,2013-08-07 15:41:00.000,16.5598,-18.99093,"Halali-Agab",-9999.0,"gps","Loxodonta africana","Etosha1","Etosha1","African elephant - Namibia (Kilian)"
20661305959,true,2013-08-07 16:12:00.000,16.55827,-18.98958,"Halali-Agab",-9999.0,"gps","Loxodonta africana","Etosha1","Etosha1","African elephant - Namibia (Kilian)"
20661305974,true,2013-08-07 16:42:00.000,16.5637,-18.98773,"Halali-Agab",-9999.0,"gps","Loxodonta africana","Etosha1","Etosha1","African elephant - Namibia (Kilian)"
20661305985,true,2013-08-07 17:11:00.000,16.57178,-18.98592,"Halali-Agab",-9999.0,"gps","Loxodonta africana","Etosha1","Etosha1","African elephant - Namibia (Kilian)"
20661305998,true,2013-08-07 17:42:00.000,16.57373,-18.98623,"Halali-Agab",-9999.0,"gps","Loxodonta africana","Etosha1","Etosha1","African elephant - Namibia (Kilian)"
20661306009,true,2013-08-07 18:12:00.000,16.57578,-18.98822,"Halali-Agab",-9999.0,"gps","Loxodonta africana","Etosha1","Etosha1","African elephant - Namibia (Kilian)"
20661306022,true,2013-08-07 18:42:00.000,16.57627,-18.98887,"Halali-Agab",-9999.0,"gps","Loxodonta africana","Etosha1","Etosha1","African elephant - Namibia (Kilian)"
20661306033,true,2013-08-07 19:12:00.000,16.57663,-18.98993,"Halali-Agab",-9999.0,"gps","Loxodonta africana","Etosha1","Etosha1","African elephant - Namibia (Kilian)"
20661306046,true,2013-08-07 19:42:00.000,16.57677,-18.99077,"Halali-Agab",-9999.0,"gps","Loxodonta africana","Etosha1","Etosha1","African elephant - Namibia (Kilian)"
20661306057,true,2013-08-07 20:12:00.000,16.5766,-18.99183,"Halali-Agab",-9999.0,"gps","Loxodonta africana","Etosha1","Etosha1","African elephant - Namibia (Kilian)"
20661306071,true,2013-08-07 20:42:00.000,16.57668,-18.9923,"Halali-Agab",-9999.0,"gps","Loxodonta africana","Etosha1","Etosha1","African elephant - Namibia (Kilian)"
20661306082,true,2013-08-07 21:13:00.000,16.5785,-18.99597,"Halali-Agab",-9999.0,"gps","Loxodonta africana","Etosha1","Etosha1","African elephant - Namibia (Kilian)"
20661306095,true,2013-08-07 21:43:00.000,16.57968,-18.99838,"Halali-Agab",-9999.0,"gps","Loxodonta africana","Etosha1","Etosha1","African elephant - Namibia (Kilian)"
20661306105,true,2013-08-07 22:12:00.000,16.57982,-18.9995,"Halali-Agab",-9999.0,"gps","Loxodonta africana","Etosha1","Etosha1","African elephant - Namibia (Kilian)"
20661306118,true,2013-08-07 22:41:00.000,16.58062,-18.99988,"Halali-Agab",-9999.0,"gps","Loxodonta africana","Etosha1","Etosha1","African elephant - Namibia (Kilian)"
20661306129,true,2013-08-07 23:11:00.000,16.5817,-19.00007,"Halali-Agab",-9999.0,"gps","Loxodonta africana","Etosha1","Etosha1","African elephant - Namibia (Kilian)"
20661306142,true,2013-08-07 23:41:00.000,16.5826,-18.99973,"Halali-Agab",-9999.0,"gps","Loxodonta africana","Etosha1","Etosha1","African elephant - Namibia (Kilian)"
20661306153,true,2013-08-08 00:12:00.000,16.58437,-18.9987,"Halali-Agab",-9999.0,"gps","Loxodonta africana","Etosha1","Etosha1","African elephant - Namibia (Kilian)"
20661306167,true,2013-08-08 00:43:00.000,16.58625,-18.99795,"Halali-Agab",-9999.0,"gps","Loxodonta africana","Etosha1","Etosha1","African elephant - Namibia (Kilian)"
20661306177,true,2013-08-08 01:11:00.000,16.5872,-18.99782,"Halali-Agab",-9999.0,"gps","Loxodonta africana","Etosha1","Etosha1","African elephant - Namibia (Kilian)"
20661306190,true,2013-08-08 01:42:00.000,16.58942,-18.99882,"Halali-Agab",-9999.0,"gps","Loxodonta africana","Etosha1","Etosha1","African elephant - Namibia (Kilian)"
20661306200,true,2013-08-08 02:12:00.000,16.59177,-18.99952,"Halali-Agab",-9999.0,"gps","Loxodonta africana","Etosha1","Etosha1","African elephant - Namibia (Kilian)"
20661306214,true,2013-08-08 02:41:00.000,16.59377,-19.00015,"Halali-Agab",-9999.0,"gps","Loxodonta africana","Etosha1","Etosha1","African elephant - Namibia (Kilian)"
20661306225,true,2013-08-08 03:12:00.000,16.59482,-18.9994,"Halali-Agab",-9999.0,"gps","Loxodonta africana","Etosha1","Etosha1","African elephant - Namibia (Kilian)"
20661306236,true,2013-08-08 03:43:00.000,16.59503,-18.99925,"Halali-Agab",-9999.0,"gps","Loxodonta africana","Etosha1","Etosha1","African elephant - Namibia (Kilian)"
20661306245,true,2013-08-08 04:13:00.000,16.59502,-18.99937,"Halali-Agab",-9999.0,"gps","Loxodonta africana","Etosha1","Etosha1","African elephant - Namibia (Kilian)"
20661306266,true,2013-08-08 05:12:00.000,16.59495,-18.99917,"Halali-Agab",-9999.0,"gps","Loxodonta africana","Etosha1","Etosha1","African elephant - Namibia (Kilian)"
20661306279,true,2013-08-08 05:42:00.000,16.59457,-18.99875,"Halali-Agab",-9999.0,"gps","Loxodonta africana","Etosha1","Etosha1","African elephant - Namibia (Kilian)"
20661306290,true,2013-08-08 06:12:00.000,16.59603,-19.00082,"Halali-Agab",-9999.0,"gps","Loxodonta africana","Etosha1","Etosha1","African elephant - Namibia (Kilian)"
20661306304,true,2013-08-08 06:42:00.000,16.5962,-19.00147,"Halali-Agab",-9999.0,"gps","Loxodonta africana","Etosha1","Etosha1","African elephant - Namibia (Kilian)"
20661306312,true,2013-08-08 07:11:00.000,16.59628,-19.0017,"Halali-Agab",-9999.0,"gps","Loxodonta africana","Etosha1","Etosha1","African elephant - Namibia (Kilian)"
20661306325,true,2013-08-08 07:42:00.000,16.59613,-19.00213,"Halali-Agab",-9999.0,"gps","Loxodonta africana","Etosha1","Etosha1","African elephant - Namibia (Kilian)"
20661306336,true,2013-08-08 08:12:00.000,16.59772,-19.00253,"Halali-Agab",-9999.0,"gps","Loxodonta africana","Etosha1","Etosha1","African elephant - Namibia (Kilian)"
20661306349,true,2013-08-08 08:42:00.000,16.59913,-19.00192,"Halali-Agab",-9999.0,"gps","Loxodonta africana","Etosha1","Etosha1","African elephant - Namibia (Kilian)"
20661306360,true,2013-08-08 09:12:00.000,16.6002,-18.99943,"Halali-Agab",-9999.0,"gps","Loxodonta africana","Etosha1","Etosha1","African elephant - Namibia (Kilian)"
20661306373,true,2013-08-08 09:41:00.000,16.60318,-18.99762,"Halali-Agab",-9999.0,"gps","Loxodonta africana","Etosha1","Etosha1","African elephant - Namibia (Kilian)"
20661306383,true,2013-08-08 10:12:00.000,16.6057,-18.99707,"Halali-Agab",-9999.0,"gps","Loxodonta africana","Etosha1","Etosha1","African elephant - Namibia (Kilian)"
20661306398,true,2013-08-08 10:44:00.000,16.60585,-18.99693,"Halali-Agab",-9999.0,"gps","Loxodonta africana","Etosha1","Etosha1","African elephant - Namibia (Kilian)"
20661306408,true,2013-08-08 11:12:00.000,16.60573,-18.9972,"Halali-Agab",-9999.0,"gps","Loxodonta africana","Etosha1","Etosha1","African elephant - Namibia (Kilian)"
20661306421,true,2013-08-08 11:42:00.000,16.60578,-18.99712,"Halali-Agab",-9999.0,"gps","Loxodonta africana","Etosha1","Etosha1","African elephant - Namibia (Kilian)"
20661306432,true,2013-08-08 12:12:00.000,16.60587,-18.99723,"Halali-Agab",-9999.0,"gps","Loxodonta africana","Etosha1","Etosha1","African elephant - Namibia (Kilian)"
20661306447,true,2013-08-08 12:45:00.000,16.60587,-18.99742,"Halali-Agab",-9999.0,"gps","Loxodonta africana","Etosha1","Etosha1","African elephant - Namibia (Kilian)"
20661306456,true,2013-08-08 13:12:00.000,16.60593,-18.99725,"Halali-Agab",-9999.0,"gps","Loxodonta africana","Etosha1","Etosha1","African elephant - Namibia (Kilian)"
20661306469,true,2013-08-08 13:42:00.000,16.60635,-18.99748,"Halali-Agab",-9999.0,"gps","Loxodonta africana","Etosha1","Etosha1","African elephant - Namibia (Kilian)"
20661306481,true,2013-08-08 14:13:00.000,16.60627,-18.9972,"Halali-Agab",-9999.0,"gps","Loxodonta africana","Etosha1","Etosha1","African elephant - Namibia (Kilian)"
20661306494,true,2013-08-08 14:41:00.000,16.6063,-18.99717,"Halali-Agab",-9999.0,"gps","Loxodonta africana","Etosha1","Etosha1","African elephant - Namibia (Kilian)"
20661306505,true,2013-08-08 15:11:00.000,16.60698,-18.99778,"Halali-Agab",-9999.0,"gps","Loxodonta africana","Etosha1","Etosha1","African elephant - Namibia (Kilian)"
20661306518,true,2013-08-08 15:42:00.000,16.6082,-18.99952,"Halali-Agab",-9999.0,"gps","Loxodonta africana","Etosha1","Etosha1","African elephant - Namibia (Kilian)"
20661306537,true,2013-08-08 16:32:00.000,16.60783,-19.00318,"Halali-Agab",-9999.0,"gps","Loxodonta africana","Etosha1","Etosha1","African elephant - Namibia (Kilian)"
20661306550,true,2013-08-08 17:01:00.000,16.6094,-19.00488,"Halali-Agab",-9999.0,"gps","Loxodonta africana","Etosha1","Etosha1","African elephant - Namibia (Kilian)"
20661306560,true,2013-08-08 17:30:00.000,16.61058,-19.00497,"Halali-Agab",-9999.0,"gps","Loxodonta africana","Etosha1","Etosha1","African elephant - Namibia (Kilian)"
20661306572,true,2013-08-08 18:00:00.000,16.61115,-19.00467,"Halali-Agab",-9999.0,"gps","Loxodonta africana","Etosha1","Etosha1","African elephant - Namibia (Kilian)"
20661306585,true,2013-08-08 18:30:00.000,16.61123,-19.00437,"Halali-Agab",-9999.0,"gps","Loxodonta africana","Etosha1","Etosha1","African elephant - Namibia (Kilian)"
20661306599,true,2013-08-08 19:01:00.000,16.61197,-19.00328,"Halali-Agab",-9999.0,"gps","Loxodonta africana","Etosha1","Etosha1","African elephant - Namibia (Kilian)"
20661306609,true,2013-08-08 19:30:00.000,16.6127,-19.00188,"Halali-Agab",-9999.0,"gps","Loxodonta africana","Etosha1","Etosha1","African elephant - Namibia (Kilian)"
20661306621,true,2013-08-08 20:00:00.000,16.61422,-19.00045,"Halali-Agab",-9999.0,"gps","Loxodonta africana","Etosha1","Etosha1","African elephant - Namibia (Kilian)"
20661306634,true,2013-08-08 20:30:00.000,16.6152,-18.99997,"Halali-Agab",-9999.0,"gps","Loxodonta africana","Etosha1","Etosha1","African elephant - Namibia (Kilian)"
20661306648,true,2013-08-08 21:01:00.000,16.61607,-18.99883,"Halali-Agab",-9999.0,"gps","Loxodonta africana","Etosha1","Etosha1","African elephant - Namibia (Kilian)"
20661306658,true,2013-08-08 21:30:00.000,16.61673,-18.99855,"Halali-Agab",-9999.0,"gps","Loxodonta africana","Etosha1","Etosha1","African elephant - Namibia (Kilian)"
20661306688,true,2013-08-08 22:47:00.000,16.61888,-18.9978,"Halali-Agab",-9999.0,"gps","Loxodonta africana","Etosha1","Etosha1","African elephant - Namibia (Kilian)"
20661306699,true,2013-08-08 23:15:00.000,16.61918,-18.99652,"Halali-Agab",-9999.0,"gps","Loxodonta africana","Etosha1","Etosha1","African elephant - Namibia (Kilian)"
20661306712,true,2013-08-08 23:46:00.000,16.61988,-18.99522,"Halali-Agab",-9999.0,"gps","Loxodonta africana","Etosha1","Etosha1","African elephant - Namibia (Kilian)"
20661306723,true,2013-08-09 00:15:00.000,16.61955,-18.99355,"Halali-Agab",-9999.0,"gps","Loxodonta africana","Etosha1","Etosha1","African elephant - Namibia (Kilian)"
20661306737,true,2013-08-09 00:45:00.000,16.61963,-18.99113,"Halali-Agab",-9999.0,"gps","Loxodonta africana","Etosha1","Etosha1","African elephant - Namibia (Kilian)"
20661306748,true,2013-08-09 01:16:00.000,16.62003,-18.98948,"Halali-Agab",-9999.0,"gps","Loxodonta africana","Etosha1","Etosha1","African elephant - Namibia (Kilian)"
20661306761,true,2013-08-09 01:46:00.000,16.61972,-18.9886,"Halali-Agab",-9999.0,"gps","Loxodonta africana","Etosha1","Etosha1","African elephant - Namibia (Kilian)"
20661306771,true,2013-08-09 02:16:00.000,16.61987,-18.9886,"Halali-Agab",-9999.0,"gps","Loxodonta africana","Etosha1","Etosha1","African elephant - Namibia (Kilian)"
20661306785,true,2013-08-09 02:46:00.000,16.6199,-18.98862,"Halali-Agab",-9999.0,"gps","Loxodonta africana","Etosha1","Etosha1","African elephant - Namibia (Kilian)"
20661306796,true,2013-08-09 03:16:00.000,16.61997,-18.98865,"Halali-Agab",-9999.0,"gps","Loxodonta africana","Etosha1","Etosha1","African elephant - Namibia (Kilian)"
20661306809,true,2013-08-09 03:46:00.000,16.62,-18.98855,"Halali-Agab",-9999.0,"gps","Loxodonta africana","Etosha1","Etosha1","African elephant - Namibia (Kilian)"
20661306819,true,2013-08-09 04:16:00.000,16.61992,-18.9887,"Halali-Agab",-9999.0,"gps","Loxodonta africana","Etosha1","Etosha1","African elephant - Namibia (Kilian)"
20661306854,true,2013-08-09 05:46:00.000,16.62093,-18.98855,"Halali-Agab",-9999.0,"gps","Loxodonta africana","Etosha1","Etosha1","African elephant - Namibia (Kilian)"
20661306864,true,2013-08-09 06:16:00.000,16.6212,-18.98805,"Halali-Agab",-9999.0,"gps","Loxodonta africana","Etosha1","Etosha1","African elephant - Namibia (Kilian)"
20661306878,true,2013-08-09 06:45:00.000,16.622,-18.98857,"Halali-Agab",-9999.0,"gps","Loxodonta africana","Etosha1","Etosha1","African elephant - Namibia (Kilian)"
20661306887,true,2013-08-09 07:15:00.000,16.6224,-18.98833,"Halali-Agab",-9999.0,"gps","Loxodonta africana","Etosha1","Etosha1","African elephant - Namibia (Kilian)"
20661306900,true,2013-08-09 07:45:00.000,16.62375,-18.98848,"Halali-Agab",-9999.0,"gps","Loxodonta africana","Etosha1","Etosha1","African elephant - Namibia (Kilian)"
20661306911,true,2013-08-09 08:16:00.000,16.62495,-18.98738,"Halali-Agab",-9999.0,"gps","Loxodonta africana","Etosha1","Etosha1","African elephant - Namibia (Kilian)"
20661306925,true,2013-08-09 08:46:00.000,16.6261,-18.98518,"Halali-Agab",-9999.0,"gps","Loxodonta africana","Etosha1","Etosha1","African elephant - Namibia (Kilian)"
20661306935,true,2013-08-09 09:16:00.000,16.62697,-18.98335,"Halali-Agab",-9999.0,"gps","Loxodonta africana","Etosha1","Etosha1","African elephant - Namibia (Kilian)"
20661306948,true,2013-08-09 09:46:00.000,16.62883,-18.98145,"Halali-Agab",-9999.0,"gps","Loxodonta africana","Etosha1","Etosha1","African elephant - Namibia (Kilian)"
20661306959,true,2013-08-09 10:16:00.000,16.6376,-18.97668,"Halali-Agab",-9999.0,"gps","Loxodonta africana","Etosha1","Etosha1","African elephant - Namibia (Kilian)"
20661306972,true,2013-08-09 10:46:00.000,16.64623,-18.97533,"Halali-Agab",-9999.0,"gps","Loxodonta africana","Etosha1","Etosha1","African elephant - Namibia (Kilian)"
20661306983,true,2013-08-09 11:16:00.000,16.65573,-18.97465,"Halali-Agab",-9999.0,"gps","Loxodonta africana","Etosha1","Etosha1","African elephant - Namibia (Kilian)"
20661306995,true,2013-08-09 11:45:00.000,16.66265,-18.9736,"Halali-Agab",-9999.0,"gps","Loxodonta africana","Etosha1","Etosha1","African elephant - Namibia (Kilian)"
20661307006,true,2013-08-09 12:16:00.000,16.66507,-18.975,"Halali-Agab",-9999.0,"gps","Loxodonta africana","Etosha1","Etosha1","African elephant - Namibia (Kilian)"
20661307020,true,2013-08-09 12:47:00.000,16.66865,-18.9775,"Halali-Agab",-9999.0,"gps","Loxodonta africana","Etosha1","Etosha1","African elephant - Namibia (Kilian)"
20661307031,true,2013-08-09 13:16:00.000,16.66953,-18.9776,"Halali-Agab",-9999.0,"gps","Loxodonta africana","Etosha1","Etosha1","African elephant - Namibia (Kilian)"
20661307043,true,2013-08-09 13:46:00.000,16.6695,-18.97768,"Halali-Agab",-9999.0,"gps","Loxodonta africana","Etosha1","Etosha1","African elephant - Namibia (Kilian)"
20661307055,true,2013-08-09 14:16:00.000,16.67063,-18.97825,"Halali-Agab",-9999.0,"gps","Loxodonta africana","Etosha1","Etosha1","African elephant - Namibia (Kilian)"
20661307069,true,2013-08-09 14:45:00.000,16.67405,-18.9798,"Halali-Agab",-9999.0,"gps","Loxodonta africana","Etosha1","Etosha1","African elephant - Namibia (Kilian)"
20661307079,true,2013-08-09 15:16:00.000,16.67573,-18.97995,"Halali-Agab",-9999.0,"gps","Loxodonta africana","Etosha1","Etosha1","African elephant - Namibia (Kilian)"
20661307090,true,2013-08-09 15:46:00.000,16.67705,-18.9804,"Halali-Agab",-9999.0,"gps","Loxodonta africana","Etosha1","Etosha1","African elephant - Namibia (Kilian)"
20661307099,true,2013-08-09 16:17:00.000,16.67718,-18.9821,"Halali-Agab",-9999.0,"gps","Loxodonta africana","Etosha1","Etosha1","African elephant - Namibia (Kilian)"
20661307112,true,2013-08-09 16:45:00.000,16.6764,-18.9823,"Halali-Agab",-9999.0,"gps","Loxodonta africana","Etosha1","Etosha1","African elephant - Namibia (Kilian)"
20661307122,true,2013-08-09 17:16:00.000,16.67607,-18.98048,"Halali-Agab",-9999.0,"gps","Loxodonta africana","Etosha1","Etosha1","African elephant - Namibia (Kilian)"
20661307135,true,2013-08-09 17:46:00.000,16.6763,-18.97908,"Halali-Agab",-9999.0,"gps","Loxodonta africana","Etosha1","Etosha1","African elephant - Namibia (Kilian)"
20661307146,true,2013-08-09 18:16:00.000,16.67533,-18.9754,"Halali-Agab",-9999.0,"gps","Loxodonta africana","Etosha1","Etosha1","African elephant - Namibia (Kilian)"
20661307160,true,2013-08-09 18:46:00.000,16.67398,-18.97442,"Halali-Agab",-9999.0,"gps","Loxodonta africana","Etosha1","Etosha1","African elephant - Namibia (Kilian)"
20661307170,true,2013-08-09 19:16:00.000,16.67345,-18.97328,"Halali-Agab",-9999.0,"gps","Loxodonta africana","Etosha1","Etosha1","African elephant - Namibia (Kilian)"
20661307183,true,2013-08-09 19:45:00.000,16.67455,-18.97282,"Halali-Agab",-9999.0,"gps","Loxodonta africana","Etosha1","Etosha1","African elephant - Namibia (Kilian)"
20661307194,true,2013-08-09 20:15:00.000,16.67755,-18.9725,"Halali-Agab",-9999.0,"gps","Loxodonta africana","Etosha1","Etosha1","African elephant - Namibia (Kilian)"
20661307207,true,2013-08-09 20:45:00.000,16.68423,-18.97365,"Halali-Agab",-9999.0,"gps","Loxodonta africana","Etosha1","Etosha1","African elephant - Namibia (Kilian)"
20661307218,true,2013-08-09 21:17:00.000,16.68648,-18.97452,"Halali-Agab",-9999.0,"gps","Loxodonta africana","Etosha1","Etosha1","African elephant - Namibia (Kilian)"
20661307231,true,2013-08-09 21:45:00.000,16.68672,-18.97492,"Halali-Agab",-9999.0,"gps","Loxodonta africana","Etosha1","Etosha1","African elephant - Namibia (Kilian)"
20661307242,true,2013-08-09 22:16:00.000,16.6871,-18.97487,"Halali-Agab",-9999.0,"gps","Loxodonta africana","Etosha1","Etosha1","African elephant - Namibia (Kilian)"
20661307256,true,2013-08-09 22:45:00.000,16.68788,-18.97515,"Halali-Agab",-9999.0,"gps","Loxodonta africana","Etosha1","Etosha1","African elephant - Namibia (Kilian)"
20661307266,true,2013-08-09 23:15:00.000,16.68893,-18.97513,"Halali-Agab",-9999.0,"gps","Loxodonta africana","Etosha1","Etosha1","African elephant - Namibia (Kilian)"
20661307279,true,2013-08-09 23:46:00.000,16.69108,-18.97703,"Halali-Agab",-9999.0,"gps","Loxodonta africana","Etosha1","Etosha1","African elephant - Namibia (Kilian)"
20661307289,true,2013-08-10 00:16:00.000,16.69272,-18.98018,"Halali-Agab",-9999.0,"gps","Loxodonta africana","Etosha1","Etosha1","African elephant - Namibia (Kilian)"
20661307302,true,2013-08-10 00:46:00.000,16.6969,-18.982,"Halali-Agab",-9999.0,"gps","Loxodonta africana","Etosha1","Etosha1","African elephant - Namibia (Kilian)"
20661307313,true,2013-08-10 01:16:00.000,16.69698,-18.98315,"Halali-Agab",-9999.0,"gps","Loxodonta africana","Etosha1","Etosha1","African elephant - Namibia (Kilian)"
20661307326,true,2013-08-10 01:45:00.000,16.69683,-18.98378,"Halali-Agab",-9999.0,"gps","Loxodonta africana","Etosha1","Etosha1","African elephant - Namibia (Kilian)"
20661307335,true,2013-08-10 02:16:00.000,16.69682,-18.98483,"Halali-Agab",-9999.0,"gps","Loxodonta africana","Etosha1","Etosha1","African elephant - Namibia (Kilian)"
20661307349,true,2013-08-10 02:45:00.000,16.69635,-18.98588,"Halali-Agab",-9999.0,"gps","Loxodonta africana","Etosha1","Etosha1","African elephant - Namibia (Kilian)"
20661307359,true,2013-08-10 03:16:00.000,16.69625,-18.9868,"Halali-Agab",-9999.0,"gps","Loxodonta africana","Etosha1","Etosha1","African elephant - Namibia (Kilian)"
20661307372,true,2013-08-10 03:45:00.000,16.69658,-18.98692,"Halali-Agab",-9999.0,"gps","Loxodonta africana","Etosha1","Etosha1","African elephant - Namibia (Kilian)"
20661307383,true,2013-08-10 04:16:00.000,16.69655,-18.98828,"Halali-Agab",-9999.0,"gps","Loxodonta africana","Etosha1","Etosha1","African elephant - Namibia (Kilian)"
20661307396,true,2013-08-10 04:47:00.000,16.69635,-18.98905,"Halali-Agab",-9999.0,"gps","Loxodonta africana","Etosha1","Etosha1","African elephant - Namibia (Kilian)"
20661307406,true,2013-08-10 05:16:00.000,16.69655,-18.98865,"Halali-Agab",-9999.0,"gps","Loxodonta africana","Etosha1","Etosha1","African elephant - Namibia (Kilian)"
20661307419,true,2013-08-10 05:47:00.000,16.69655,-18.98858,"Halali-Agab",-9999.0,"gps","Loxodonta africana","Etosha1","Etosha1","African elephant - Namibia (Kilian)"
20661307430,true,2013-08-10 06:16:00.000,16.69657,-18.9884,"Halali-Agab",-9999.0,"gps","Loxodonta africana","Etosha1","Etosha1","African elephant - Namibia (Kilian)"
20661307444,true,2013-08-10 06:46:00.000,16.6954,-18.98795,"Halali-Agab",-9999.0,"gps","Loxodonta africana","Etosha1","Etosha1","African elephant - Namibia (Kilian)"
20661307455,true,2013-08-10 07:16:00.000,16.69408,-18.98787,"Halali-Agab",-9999.0,"gps","Loxodonta africana","Etosha1","Etosha1","African elephant - Namibia (Kilian)"
20661307468,true,2013-08-10 07:45:00.000,16.6935,-18.98728,"Halali-Agab",-9999.0,"gps","Loxodonta africana","Etosha1","Etosha1","African elephant - Namibia (Kilian)"
20661307479,true,2013-08-10 08:16:00.000,16.69265,-18.9872,"Halali-Agab",-9999.0,"gps","Loxodonta africana","Etosha1","Etosha1","African elephant - Namibia (Kilian)"
20661307491,true,2013-08-10 08:46:00.000,16.69148,-18.98722,"Halali-Agab",-9999.0,"gps","Loxodonta africana","Etosha1","Etosha1","African elephant - Namibia (Kilian)"
20661307502,true,2013-08-10 09:15:00.000,16.69072,-18.98722,"Halali-Agab",-9999.0,"gps","Loxodonta africana","Etosha1","Etosha1","African elephant - Namibia (Kilian)"
20661307515,true,2013-08-10 09:46:00.000,16.68997,-18.98757,"Halali-Agab",-9999.0,"gps","Loxodonta africana","Etosha1","Etosha1","African elephant - Namibia (Kilian)"
20661307526,true,2013-08-10 10:16:00.000,16.68943,-18.98782,"Halali-Agab",-9999.0,"gps","Loxodonta africana","Etosha1","Etosha1","African elephant - Namibia (Kilian)"
20661307550,true,2013-08-10 11:15:00.000,16.68928,-18.98807,"Halali-Agab",-9999.0,"gps","Loxodonta africana","Etosha1","Etosha1","African elephant - Namibia (Kilian)"
20661307564,true,2013-08-10 11:45:00.000,16.68738,-18.9886,"Halali-Agab",-9999.0,"gps","Loxodonta africana","Etosha1","Etosha1","African elephant - Namibia (Kilian)"
20661307575,true,2013-08-10 12:15:00.000,16.68402,-18.9876,"Halali-Agab",-9999.0,"gps","Loxodonta africana","Etosha1","Etosha1","African elephant - Namibia (Kilian)"
20661307587,true,2013-08-10 12:46:00.000,16.68025,-18.98565,"Halali-Agab",-9999.0,"gps","Loxodonta africana","Etosha1","Etosha1","African elephant - Namibia (Kilian)"
20661307597,true,2013-08-10 13:15:00.000,16.67272,-18.9837,"Halali-Agab",-9999.0,"gps","Loxodonta africana","Etosha1","Etosha1","African elephant - Namibia (Kilian)"
20661307609,true,2013-08-10 13:45:00.000,16.66342,-18.97987,"Halali-Agab",-9999.0,"gps","Loxodonta africana","Etosha1","Etosha1","African elephant - Namibia (Kilian)"
20661307620,true,2013-08-10 14:15:00.000,16.65602,-18.97497,"Halali-Agab",-9999.0,"gps","Loxodonta africana","Etosha1","Etosha1","African elephant - Namibia (Kilian)"
20661307634,true,2013-08-10 14:46:00.000,16.65647,-18.97815,"Halali-Agab",-9999.0,"gps","Loxodonta africana","Etosha1","Etosha1","African elephant - Namibia (Kilian)"
20661307645,true,2013-08-10 15:16:00.000,16.65712,-18.97885,"Halali-Agab",-9999.0,"gps","Loxodonta africana","Etosha1","Etosha1","African elephant - Namibia (Kilian)"
20661307656,true,2013-08-10 15:46:00.000,16.65747,-18.97885,"Halali-Agab",-9999.0,"gps","Loxodonta africana","Etosha1","Etosha1","African elephant - Namibia (Kilian)"
20661307668,true,2013-08-10 16:16:00.000,16.65777,-18.97918,"Halali-Agab",-9999.0,"gps","Loxodonta africana","Etosha1","Etosha1","African elephant - Namibia (Kilian)"
20661307681,true,2013-08-10 16:46:00.000,16.65828,-18.97918,"Halali-Agab",-9999.0,"gps","Loxodonta africana","Etosha1","Etosha1","African elephant - Namibia (Kilian)"
20661307692,true,2013-08-10 17:15:00.000,16.65892,-18.98047,"Halali-Agab",-9999.0,"gps","Loxodonta africana","Etosha1","Etosha1","African elephant - Namibia (Kilian)"
20661307705,true,2013-08-10 17:46:00.000,16.66115,-18.98203,"Halali-Agab",-9999.0,"gps","Loxodonta africana","Etosha1","Etosha1","African elephant - Namibia (Kilian)"
20661307716,true,2013-08-10 18:15:00.000,16.6614,-18.98218,"Halali-Agab",-9999.0,"gps","Loxodonta africana","Etosha1","Etosha1","African elephant - Namibia (Kilian)"
20661307729,true,2013-08-10 18:46:00.000,16.66318,-18.98375,"Halali-Agab",-9999.0,"gps","Loxodonta africana","Etosha1","Etosha1","African elephant - Namibia (Kilian)"
20661307739,true,2013-08-10 19:15:00.000,16.66405,-18.98613,"Halali-Agab",-9999.0,"gps","Loxodonta africana","Etosha1","Etosha1","African elephant - Namibia (Kilian)"
20661307752,true,2013-08-10 19:46:00.000,16.66582,-18.98867,"Halali-Agab",-9999.0,"gps","Loxodonta africana","Etosha1","Etosha1","African elephant - Namibia (Kilian)"
20661307764,true,2013-08-10 20:16:00.000,16.66875,-18.98965,"Halali-Agab",-9999.0,"gps","Loxodonta africana","Etosha1","Etosha1","African elephant - Namibia (Kilian)"
20661307777,true,2013-08-10 20:46:00.000,16.67038,-18.99015,"Halali-Agab",-9999.0,"gps","Loxodonta africana","Etosha1","Etosha1","African elephant - Namibia (Kilian)"
20661307788,true,2013-08-10 21:16:00.000,16.67413,-18.99423,"Halali-Agab",-9999.0,"gps","Loxodonta africana","Etosha1","Etosha1","African elephant - Namibia (Kilian)"
20661307801,true,2013-08-10 21:46:00.000,16.67652,-18.99445,"Halali-Agab",-9999.0,"gps","Loxodonta africana","Etosha1","Etosha1","African elephant - Namibia (Kilian)"
20661307812,true,2013-08-10 22:15:00.000,16.67733,-18.99458,"Halali-Agab",-9999.0,"gps","Loxodonta africana","Etosha1","Etosha1","African elephant - Namibia (Kilian)"
20661307825,true,2013-08-10 22:45:00.000,16.67787,-18.99483,"Halali-Agab",-9999.0,"gps","Loxodonta africana","Etosha1","Etosha1","African elephant - Namibia (Kilian)"
20661307836,true,2013-08-10 23:15:00.000,16.67845,-18.99538,"Halali-Agab",-9999.0,"gps","Loxodonta africana","Etosha1","Etosha1","African elephant - Namibia (Kilian)"
20661307849,true,2013-08-10 23:47:00.000,16.67968,-18.99615,"Halali-Agab",-9999.0,"gps","Loxodonta africana","Etosha1","Etosha1","African elephant - Namibia (Kilian)"
20661307858,true,2013-08-11 00:15:00.000,16.68257,-18.99887,"Halali-Agab",-9999.0,"gps","Loxodonta africana","Etosha1","Etosha1","African elephant - Namibia (Kilian)"
20661307870,true,2013-08-11 00:46:00.000,16.6843,-19.00023,"Halali-Agab",-9999.0,"gps","Loxodonta africana","Etosha1","Etosha1","African elephant - Namibia (Kilian)"
20661307883,true,2013-08-11 01:17:00.000,16.68402,-19.00022,"Halali-Agab",-9999.0,"gps","Loxodonta africana","Etosha1","Etosha1","African elephant - Namibia (Kilian)"
20661307895,true,2013-08-11 01:47:00.000,16.68395,-19.00015,"Halali-Agab",-9999.0,"gps","Loxodonta africana","Etosha1","Etosha1","African elephant - Namibia (Kilian)"
20661307907,true,2013-08-11 02:16:00.000,16.68408,-19.00023,"Halali-Agab",-9999.0,"gps","Loxodonta africana","Etosha1","Etosha1","African elephant - Namibia (Kilian)"
20661307921,true,2013-08-11 02:46:00.000,16.68405,-19.00018,"Halali-Agab",-9999.0,"gps","Loxodonta africana","Etosha1","Etosha1","African elephant - Namibia (Kilian)"
20661307932,true,2013-08-11 03:15:00.000,16.68408,-19.00018,"Halali-Agab",-9999.0,"gps","Loxodonta africana","Etosha1","Etosha1","African elephant - Namibia (Kilian)"
20661307966,true,2013-08-11 04:46:00.000,16.68418,-19.00017,"Halali-Agab",-9999.0,"gps","Loxodonta africana","Etosha1","Etosha1","African elephant - Namibia (Kilian)"
20661307977,true,2013-08-11 05:16:00.000,16.68497,-19.00027,"Halali-Agab",-9999.0,"gps","Loxodonta africana","Etosha1","Etosha1","African elephant - Namibia (Kilian)"
20661307989,true,2013-08-11 05:45:00.000,16.68683,-18.99992,"Halali-Agab",-9999.0,"gps","Loxodonta africana","Etosha1","Etosha1","African elephant - Namibia (Kilian)"
20661308000,true,2013-08-11 06:16:00.000,16.68743,-18.99967,"Halali-Agab",-9999.0,"gps","Loxodonta africana","Etosha1","Etosha1","African elephant - Namibia (Kilian)"
20661308014,true,2013-08-11 06:45:00.000,16.6884,-19.00002,"Halali-Agab",-9999.0,"gps","Loxodonta africana","Etosha1","Etosha1","African elephant - Namibia (Kilian)"
20661308025,true,2013-08-11 07:16:00.000,16.68895,-18.99968,"Halali-Agab",-9999.0,"gps","Loxodonta africana","Etosha1","Etosha1","African elephant - Namibia (Kilian)"
20661308038,true,2013-08-11 07:45:00.000,16.68962,-18.99668,"Halali-Agab",-9999.0,"gps","Loxodonta africana","Etosha1","Etosha1","African elephant - Namibia (Kilian)"
20661308050,true,2013-08-11 08:16:00.000,16.68968,-18.99527,"Halali-Agab",-9999.0,"gps","Loxodonta africana","Etosha1","Etosha1","African elephant - Namibia (Kilian)"
20661308063,true,2013-08-11 08:45:00.000,16.6896,-18.99375,"Halali-Agab",-9999.0,"gps","Loxodonta africana","Etosha1","Etosha1","African elephant - Namibia (Kilian)"
20661308074,true,2013-08-11 09:16:00.000,16.68907,-18.99367,"Halali-Agab",-9999.0,"gps","Loxodonta africana","Etosha1","Etosha1","African elephant - Namibia (Kilian)"
20661308086,true,2013-08-11 09:46:00.000,16.68817,-18.9935,"Halali-Agab",-9999.0,"gps","Loxodonta africana","Etosha1","Etosha1","African elephant - Namibia (Kilian)"
20661308097,true,2013-08-11 10:15:00.000,16.68793,-18.9919,"Halali-Agab",-9999.0,"gps","Loxodonta africana","Etosha1","Etosha1","African elephant - Namibia (Kilian)"
20661308111,true,2013-08-11 10:46:00.000,16.68807,-18.98863,"Halali-Agab",-9999.0,"gps","Loxodonta africana","Etosha1","Etosha1","African elephant - Namibia (Kilian)"
20661308122,true,2013-08-11 11:15:00.000,16.68815,-18.9887,"Halali-Agab",-9999.0,"gps","Loxodonta africana","Etosha1","Etosha1","African elephant - Namibia (Kilian)"
20661308135,true,2013-08-11 11:46:00.000,16.68827,-18.98887,"Halali-Agab",-9999.0,"gps","Loxodonta africana","Etosha1","Etosha1","African elephant - Namibia (Kilian)"
20661308145,true,2013-08-11 12:15:00.000,16.68817,-18.9886,"Halali-Agab",-9999.0,"gps","Loxodonta africana","Etosha1","Etosha1","African elephant - Namibia (Kilian)"
20661308157,true,2013-08-11 12:45:00.000,16.6876,-18.98723,"Halali-Agab",-9999.0,"gps","Loxodonta africana","Etosha1","Etosha1","African elephant - Namibia (Kilian)"
20661308167,true,2013-08-11 13:16:00.000,16.68718,-18.98572,"Halali-Agab",-9999.0,"gps","Loxodonta africana","Etosha1","Etosha1","African elephant - Namibia (Kilian)"
20661308180,true,2013-08-11 13:46:00.000,16.69132,-18.98353,"Halali-Agab",-9999.0,"gps","Loxodonta africana","Etosha1","Etosha1","African elephant - Namibia (Kilian)"
20661308191,true,2013-08-11 14:16:00.000,16.69118,-18.98332,"Halali-Agab",-9999.0,"gps","Loxodonta africana","Etosha1","Etosha1","African elephant - Namibia (Kilian)"
20661308205,true,2013-08-11 14:45:00.000,16.6912,-18.9832,"Halali-Agab",-9999.0,"gps","Loxodonta africana","Etosha1","Etosha1","African elephant - Namibia (Kilian)"
20661308214,true,2013-08-11 15:15:00.000,16.69118,-18.98318,"Halali-Agab",-9999.0,"gps","Loxodonta africana","Etosha1","Etosha1","African elephant - Namibia (Kilian)"
20661308226,true,2013-08-11 15:46:00.000,16.69017,-18.98318,"Halali-Agab",-9999.0,"gps","Loxodonta africana","Etosha1","Etosha1","African elephant - Namibia (Kilian)"
20661308237,true,2013-08-11 16:16:00.000,16.68968,-18.98342,"Halali-Agab",-9999.0,"gps","Loxodonta africana","Etosha1","Etosha1","African elephant - Namibia (Kilian)"
20661308249,true,2013-08-11 16:45:00.000,16.68772,-18.98357,"Halali-Agab",-9999.0,"gps","Loxodonta africana","Etosha1","Etosha1","African elephant - Namibia (Kilian)"
20661308260,true,2013-08-11 17:15:00.000,16.68357,-18.9801,"Halali-Agab",-9999.0,"gps","Loxodonta africana","Etosha1","Etosha1","African elephant - Namibia (Kilian)"
20661308273,true,2013-08-11 17:46:00.000,16.67728,-18.97808,"Halali-Agab",-9999.0,"gps","Loxodonta africana","Etosha1","Etosha1","African elephant - Namibia (Kilian)"
20661308284,true,2013-08-11 18:16:00.000,16.66772,-18.9769,"Halali-Agab",-9999.0,"gps","Loxodonta africana","Etosha1","Etosha1","African elephant - Namibia (Kilian)"
20661308298,true,2013-08-11 18:45:00.000,16.65962,-18.97373,"Halali-Agab",-9999.0,"gps","Loxodonta africana","Etosha1","Etosha1","African elephant - Namibia (Kilian)"
20661308309,true,2013-08-11 19:15:00.000,16.656,-18.97492,"Halali-Agab",-9999.0,"gps","Loxodonta africana","Etosha1","Etosha1","African elephant - Namibia (Kilian)"
20661308322,true,2013-08-11 19:45:00.000,16.65767,-18.97555,"Halali-Agab",-9999.0,"gps","Loxodonta africana","Etosha1","Etosha1","African elephant - Namibia (Kilian)"
20661308334,true,2013-08-11 20:16:00.000,16.65905,-18.97587,"Halali-Agab",-9999.0,"gps","Loxodonta africana","Etosha1","Etosha1","African elephant - Namibia (Kilian)"
20661308347,true,2013-08-11 20:45:00.000,16.66008,-18.97562,"Halali-Agab",-9999.0,"gps","Loxodonta africana","Etosha1","Etosha1","African elephant - Namibia (Kilian)"
20661308358,true,2013-08-11 21:15:00.000,16.66155,-18.97687,"Halali-Agab",-9999.0,"gps","Loxodonta africana","Etosha1","Etosha1","African elephant - Namibia (Kilian)"
20661308371,true,2013-08-11 21:45:00.000,16.662,-18.97712,"Halali-Agab",-9999.0,"gps","Loxodonta africana","Etosha1","Etosha1","African elephant - Namibia (Kilian)"
20661308382,true,2013-08-11 22:16:00.000,16.66482,-18.9781,"Halali-Agab",-9999.0,"gps","Loxodonta africana","Etosha1","Etosha1","African elephant - Namibia (Kilian)"
20661308395,true,2013-08-11 22:45:00.000,16.66607,-18.979,"Halali-Agab",-9999.0,"gps","Loxodonta africana","Etosha1","Etosha1","African elephant - Namibia (Kilian)"
20661308406,true,2013-08-11 23:15:00.000,16.66862,-18.97995,"Halali-Agab",-9999.0,"gps","Loxodonta africana","Etosha1","Etosha1","African elephant - Namibia (Kilian)"
20661308419,true,2013-08-11 23:45:00.000,16.67077,-18.98057,"Halali-Agab",-9999.0,"gps","Loxodonta africana","Etosha1","Etosha1","African elephant - Namibia (Kilian)"
20661308431,true,2013-08-12 00:16:00.000,16.6757,-18.98265,"Halali-Agab",-9999.0,"gps","Loxodonta africana","Etosha1","Etosha1","African elephant - Namibia (Kilian)"
20661308444,true,2013-08-12 00:46:00.000,16.68102,-18.98562,"Halali-Agab",-9999.0,"gps","Loxodonta africana","Etosha1","Etosha1","African elephant - Namibia (Kilian)"
20661308455,true,2013-08-12 01:16:00.000,16.6844,-18.98752,"Halali-Agab",-9999.0,"gps","Loxodonta africana","Etosha1","Etosha1","African elephant - Namibia (Kilian)"
20661308468,true,2013-08-12 01:45:00.000,16.68758,-18.98862,"Halali-Agab",-9999.0,"gps","Loxodonta africana","Etosha1","Etosha1","African elephant - Namibia (Kilian)"
20661308477,true,2013-08-12 02:16:00.000,16.69045,-18.98938,"Halali-Agab",-9999.0,"gps","Loxodonta africana","Etosha1","Etosha1","African elephant - Namibia (Kilian)"
20661308490,true,2013-08-12 02:45:00.000,16.69092,-18.9897,"Halali-Agab",-9999.0,"gps","Loxodonta africana","Etosha1","Etosha1","African elephant - Namibia (Kilian)"
20661308499,true,2013-08-12 03:15:00.000,16.69112,-18.98977,"Halali-Agab",-9999.0,"gps","Loxodonta africana","Etosha1","Etosha1","African elephant - Namibia (Kilian)"
20661308510,true,2013-08-12 03:45:00.000,16.69273,-18.98955,"Halali-Agab",-9999.0,"gps","Loxodonta africana","Etosha1","Etosha1","African elephant - Namibia (Kilian)"
20661308522,true,2013-08-12 04:16:00.000,16.69683,-18.98857,"Halali-Agab",-9999.0,"gps","Loxodonta africana","Etosha1","Etosha1","African elephant - Namibia (Kilian)"
20661308534,true,2013-08-12 04:46:00.000,16.69655,-18.9887,"Halali-Agab",-9999.0,"gps","Loxodonta africana","Etosha1","Etosha1","African elephant - Namibia (Kilian)"
20661308545,true,2013-08-12 05:15:00.000,16.69675,-18.98868,"Halali-Agab",-9999.0,"gps","Loxodonta africana","Etosha1","Etosha1","African elephant - Namibia (Kilian)"
20661308557,true,2013-08-12 05:45:00.000,16.69662,-18.98865,"Halali-Agab",-9999.0,"gps","Loxodonta africana","Etosha1","Etosha1","African elephant - Namibia (Kilian)"
20661308567,true,2013-08-12 06:15:00.000,16.69665,-18.98863,"Halali-Agab",-9999.0,"gps","Loxodonta africana","Etosha1","Etosha1","African elephant - Namibia (Kilian)"
20661308581,true,2013-08-12 06:45:00.000,16.69658,-18.9888,"Halali-Agab",-9999.0,"gps","Loxodonta africana","Etosha1","Etosha1","African elephant - Namibia (Kilian)"
20661308592,true,2013-08-12 07:16:00.000,16.69665,-18.98812,"Halali-Agab",-9999.0,"gps","Loxodonta africana","Etosha1","Etosha1","African elephant - Namibia (Kilian)"
20661308605,true,2013-08-12 07:45:00.000,16.69803,-18.9877,"Halali-Agab",-9999.0,"gps","Loxodonta africana","Etosha1","Etosha1","African elephant - Namibia (Kilian)"
20661308617,true,2013-08-12 08:16:00.000,16.69935,-18.98573,"Halali-Agab",-9999.0,"gps","Loxodonta africana","Etosha1","Etosha1","African elephant - Namibia (Kilian)"
20661308630,true,2013-08-12 08:45:00.000,16.70015,-18.98562,"Halali-Agab",-9999.0,"gps","Loxodonta africana","Etosha1","Etosha1","African elephant - Namibia (Kilian)"
20661308640,true,2013-08-12 09:16:00.000,16.70048,-18.9852,"Halali-Agab",-9999.0,"gps","Loxodonta africana","Etosha1","Etosha1","African elephant - Namibia (Kilian)"
20661308653,true,2013-08-12 09:46:00.000,16.70058,-18.98512,"Halali-Agab",-9999.0,"gps","Loxodonta africana","Etosha1","Etosha1","African elephant - Namibia (Kilian)"
20661308663,true,2013-08-12 10:16:00.000,16.70055,-18.985,"Halali-Agab",-9999.0,"gps","Loxodonta africana","Etosha1","Etosha1","African elephant - Namibia (Kilian)"
20661308677,true,2013-08-12 10:46:00.000,16.7006,-18.9847,"Halali-Agab",-9999.0,"gps","Loxodonta africana","Etosha1","Etosha1","African elephant - Namibia (Kilian)"
20661308688,true,2013-08-12 11:15:00.000,16.70045,-18.98425,"Halali-Agab",-9999.0,"gps","Loxodonta africana","Etosha1","Etosha1","African elephant - Namibia (Kilian)"
20661308701,true,2013-08-12 11:45:00.000,16.70048,-18.98417,"Halali-Agab",-9999.0,"gps","Loxodonta africana","Etosha1","Etosha1","African elephant - Namibia (Kilian)"
20661308738,true,2013-08-12 13:25:00.000,16.70067,-18.98347,"Halali-Agab",-9999.0,"gps","Loxodonta africana","Etosha1","Etosha1","African elephant - Namibia (Kilian)"
20661308746,true,2013-08-12 13:55:00.000,16.70055,-18.98337,"Halali-Agab",-9999.0,"gps","Loxodonta africana","Etosha1","Etosha1","African elephant - Namibia (Kilian)"
20661308759,true,2013-08-12 14:24:00.000,16.70058,-18.98212,"Halali-Agab",-9999.0,"gps","Loxodonta africana","Etosha1","Etosha1","African elephant - Namibia (Kilian)"
20661308768,true,2013-08-12 14:55:00.000,16.7004,-18.98077,"Halali-Agab",-9999.0,"gps","Loxodonta africana","Etosha1","Etosha1","African elephant - Namibia (Kilian)"
20661308781,true,2013-08-12 15:25:00.000,16.7003,-18.98072,"Halali-Agab",-9999.0,"gps","Loxodonta africana","Etosha1","Etosha1","African elephant - Namibia (Kilian)"
20661308790,true,2013-08-12 15:54:00.000,16.70048,-18.98077,"Halali-Agab",-9999.0,"gps","Loxodonta africana","Etosha1","Etosha1","African elephant - Namibia (Kilian)"
20661308805,true,2013-08-12 16:24:00.000,16.70028,-18.98077,"Halali-Agab",-9999.0,"gps","Loxodonta africana","Etosha1","Etosha1","African elephant - Namibia (Kilian)"
20661308815,true,2013-08-12 16:54:00.000,16.70065,-18.9799,"Halali-Agab",-9999.0,"gps","Loxodonta africana","Etosha1","Etosha1","African elephant - Namibia (Kilian)"
20661308829,true,2013-08-12 17:25:00.000,16.70118,-18.97857,"Halali-Agab",-9999.0,"gps","Loxodonta africana","Etosha1","Etosha1","African elephant - Namibia (Kilian)"
20661308840,true,2013-08-12 17:56:00.000,16.70153,-18.97763,"Halali-Agab",-9999.0,"gps","Loxodonta africana","Etosha1","Etosha1","African elephant - Namibia (Kilian)"
20661308854,true,2013-08-12 18:24:00.000,16.70252,-18.97623,"Halali-Agab",-9999.0,"gps","Loxodonta africana","Etosha1","Etosha1","African elephant - Namibia (Kilian)"
20661308865,true,2013-08-12 18:56:00.000,16.70335,-18.97505,"Halali-Agab",-9999.0,"gps","Loxodonta africana","Etosha1","Etosha1","African elephant - Namibia (Kilian)"
20661308878,true,2013-08-12 19:24:00.000,16.70438,-18.97408,"Halali-Agab",-9999.0,"gps","Loxodonta africana","Etosha1","Etosha1","African elephant - Namibia (Kilian)"
20661308888,true,2013-08-12 19:54:00.000,16.70478,-18.9726,"Halali-Agab",-9999.0,"gps","Loxodonta africana","Etosha1","Etosha1","African elephant - Namibia (Kilian)"
20661308904,true,2013-08-12 20:25:00.000,16.70533,-18.97167,"Halali-Agab",-9999.0,"gps","Loxodonta africana","Etosha1","Etosha1","African elephant - Namibia (Kilian)"
20661308913,true,2013-08-12 20:54:00.000,16.70543,-18.97102,"Halali-Agab",-9999.0,"gps","Loxodonta africana","Etosha1","Etosha1","African elephant - Namibia (Kilian)"
20661308927,true,2013-08-12 21:24:00.000,16.70592,-18.97018,"Halali-Agab",-9999.0,"gps","Loxodonta africana","Etosha1","Etosha1","African elephant - Namibia (Kilian)"
20661308937,true,2013-08-12 21:55:00.000,16.70628,-18.97,"Halali-Agab",-9999.0,"gps","Loxodonta africana","Etosha1","Etosha1","African elephant - Namibia (Kilian)"
20661308961,true,2013-08-12 22:41:00.000,16.70758,-18.9709,"Halali-Agab",-9999.0,"gps","Loxodonta africana","Etosha1","Etosha1","African elephant - Namibia (Kilian)"
20661308972,true,2013-08-12 23:08:00.000,16.70812,-18.97127,"Halali-Agab",-9999.0,"gps","Loxodonta africana","Etosha1","Etosha1","African elephant - Namibia (Kilian)"
20661308982,true,2013-08-12 23:38:00.000,16.7085,-18.97185,"Halali-Agab",-9999.0,"gps","Loxodonta africana","Etosha1","Etosha1","African elephant - Namibia (Kilian)"
20661308999,true,2013-08-13 00:22:00.000,16.70858,-18.97243,"Halali-Agab",-9999.0,"gps","Loxodonta africana","Etosha1","Etosha1","African elephant - Namibia (Kilian)"
20661309009,true,2013-08-13 00:51:00.000,16.70833,-18.9724,"Halali-Agab",-9999.0,"gps","Loxodonta africana","Etosha1","Etosha1","African elephant - Namibia (Kilian)"
20661309024,true,2013-08-13 01:21:00.000,16.70845,-18.97238,"Halali-Agab",-9999.0,"gps","Loxodonta africana","Etosha1","Etosha1","African elephant - Namibia (Kilian)"
20661309034,true,2013-08-13 01:50:00.000,16.70793,-18.97297,"Halali-Agab",-9999.0,"gps","Loxodonta africana","Etosha1","Etosha1","African elephant - Namibia (Kilian)"
20661309047,true,2013-08-13 02:20:00.000,16.70808,-18.97342,"Halali-Agab",-9999.0,"gps","Loxodonta africana","Etosha1","Etosha1","African elephant - Namibia (Kilian)"
20661309059,true,2013-08-13 02:51:00.000,16.70798,-18.97338,"Halali-Agab",-9999.0,"gps","Loxodonta africana","Etosha1","Etosha1","African elephant - Namibia (Kilian)"
20661309145,true,2013-08-13 06:32:00.000,16.70825,-18.9742,"Halali-Agab",-9999.0,"gps","Loxodonta africana","Etosha1","Etosha1","African elephant - Namibia (Kilian)"
20661309158,true,2013-08-13 07:01:00.000,16.70703,-18.97533,"Halali-Agab",-9999.0,"gps","Loxodonta africana","Etosha1","Etosha1","African elephant - Namibia (Kilian)"
20661309169,true,2013-08-13 07:31:00.000,16.70493,-18.9772,"Halali-Agab",-9999.0,"gps","Loxodonta africana","Etosha1","Etosha1","African elephant - Namibia (Kilian)"
20661309183,true,2013-08-13 08:02:00.000,16.70337,-18.97695,"Halali-Agab",-9999.0,"gps","Loxodonta africana","Etosha1","Etosha1","African elephant - Namibia (Kilian)"
20661309194,true,2013-08-13 08:31:00.000,16.70218,-18.97677,"Halali-Agab",-9999.0,"gps","Loxodonta africana","Etosha1","Etosha1","African elephant - Namibia (Kilian)"
20661309212,true,2013-08-13 09:25:00.000,16.69803,-18.97692,"Halali-Agab",-9999.0,"gps","Loxodonta africana","Etosha1","Etosha1","African elephant - Namibia (Kilian)"
20661309222,true,2013-08-13 09:53:00.000,16.69755,-18.97718,"Halali-Agab",-9999.0,"gps","Loxodonta africana","Etosha1","Etosha1","African elephant - Namibia (Kilian)"
20661309237,true,2013-08-13 10:24:00.000,16.69758,-18.97718,"Halali-Agab",-9999.0,"gps","Loxodonta africana","Etosha1","Etosha1","African elephant - Namibia (Kilian)"
20661309247,true,2013-08-13 10:53:00.000,16.69758,-18.97713,"Halali-Agab",-9999.0,"gps","Loxodonta africana","Etosha1","Etosha1","African elephant - Namibia (Kilian)"
20661309261,true,2013-08-13 11:23:00.000,16.69753,-18.97715,"Halali-Agab",-9999.0,"gps","Loxodonta africana","Etosha1","Etosha1","African elephant - Namibia (Kilian)"
20661309270,true,2013-08-13 11:53:00.000,16.69483,-18.97683,"Halali-Agab",-9999.0,"gps","Loxodonta africana","Etosha1","Etosha1","African elephant - Namibia (Kilian)"
20661309285,true,2013-08-13 12:23:00.000,16.6855,-18.9734,"Halali-Agab",-9999.0,"gps","Loxodonta africana","Etosha1","Etosha1","African elephant - Namibia (Kilian)"
20661309293,true,2013-08-13 12:53:00.000,16.67197,-18.97342,"Halali-Agab",-9999.0,"gps","Loxodonta africana","Etosha1","Etosha1","African elephant - Namibia (Kilian)"
20661309308,true,2013-08-13 13:24:00.000,16.66038,-18.97373,"Halali-Agab",-9999.0,"gps","Loxodonta africana","Etosha1","Etosha1","African elephant - Namibia (Kilian)"
20661309318,true,2013-08-13 13:53:00.000,16.65608,-18.9767,"Halali-Agab",-9999.0,"gps","Loxodonta africana","Etosha1","Etosha1","African elephant - Namibia (Kilian)"
20661309333,true,2013-08-13 14:24:00.000,16.65592,-18.97942,"Halali-Agab",-9999.0,"gps","Loxodonta africana","Etosha1","Etosha1","African elephant - Namibia (Kilian)"
20661309344,true,2013-08-13 14:53:00.000,16.65583,-18.97998,"Halali-Agab",-9999.0,"gps","Loxodonta africana","Etosha1","Etosha1","African elephant - Namibia (Kilian)"
20661309358,true,2013-08-13 15:23:00.000,16.65583,-18.98125,"Halali-Agab",-9999.0,"gps","Loxodonta africana","Etosha1","Etosha1","African elephant - Namibia (Kilian)"
20661309367,true,2013-08-13 15:54:00.000,16.6565,-18.98428,"Halali-Agab",-9999.0,"gps","Loxodonta africana","Etosha1","Etosha1","African elephant - Namibia (Kilian)"
20661309381,true,2013-08-13 16:24:00.000,16.65845,-18.98702,"Halali-Agab",-9999.0,"gps","Loxodonta africana","Etosha1","Etosha1","African elephant - Namibia (Kilian)"
20661309391,true,2013-08-13 16:53:00.000,16.6597,-18.98873,"Halali-Agab",-9999.0,"gps","Loxodonta africana","Etosha1","Etosha1","African elephant - Namibia (Kilian)"
20661309405,true,2013-08-13 17:24:00.000,16.6609,-18.99033,"Halali-Agab",-9999.0,"gps","Loxodonta africana","Etosha1","Etosha1","African elephant - Namibia (Kilian)"
20661309415,true,2013-08-13 17:53:00.000,16.66308,-18.99213,"Halali-Agab",-9999.0,"gps","Loxodonta africana","Etosha1","Etosha1","African elephant - Namibia (Kilian)"
20661309429,true,2013-08-13 18:24:00.000,16.66563,-18.99188,"Halali-Agab",-9999.0,"gps","Loxodonta africana","Etosha1","Etosha1","African elephant - Namibia (Kilian)"
20661309440,true,2013-08-13 18:53:00.000,16.6672,-18.99197,"Halali-Agab",-9999.0,"gps","Loxodonta africana","Etosha1","Etosha1","African elephant - Namibia (Kilian)"
20661309453,true,2013-08-13 19:23:00.000,16.66813,-18.99165,"Halali-Agab",-9999.0,"gps","Loxodonta africana","Etosha1","Etosha1","African elephant - Namibia (Kilian)"
20661309464,true,2013-08-13 19:53:00.000,16.66895,-18.99152,"Halali-Agab",-9999.0,"gps","Loxodonta africana","Etosha1","Etosha1","African elephant - Namibia (Kilian)"
20661309479,true,2013-08-13 20:23:00.000,16.67,-18.99155,"Halali-Agab",-9999.0,"gps","Loxodonta africana","Etosha1","Etosha1","African elephant - Namibia (Kilian)"
20661309489,true,2013-08-13 20:53:00.000,16.67158,-18.99215,"Halali-Agab",-9999.0,"gps","Loxodonta africana","Etosha1","Etosha1","African elephant - Namibia (Kilian)"
20661309502,true,2013-08-13 21:23:00.000,16.67493,-18.99472,"Halali-Agab",-9999.0,"gps","Loxodonta africana","Etosha1","Etosha1","African elephant - Namibia (Kilian)"
20661309520,true,2013-08-13 22:12:00.000,16.67765,-18.99602,"Halali-Agab",-9999.0,"gps","Loxodonta africana","Etosha1","Etosha1","African elephant - Namibia (Kilian)"
20661309534,true,2013-08-13 22:42:00.000,16.67905,-18.99755,"Halali-Agab",-9999.0,"gps","Loxodonta africana","Etosha1","Etosha1","African elephant - Namibia (Kilian)"
20661309545,true,2013-08-13 23:11:00.000,16.6818,-19.00157,"Halali-Agab",-9999.0,"gps","Loxodonta africana","Etosha1","Etosha1","African elephant - Namibia (Kilian)"
20661309558,true,2013-08-13 23:41:00.000,16.68365,-19.00307,"Halali-Agab",-9999.0,"gps","Loxodonta africana","Etosha1","Etosha1","African elephant - Namibia (Kilian)"
20661309570,true,2013-08-14 00:10:00.000,16.68507,-19.00278,"Halali-Agab",-9999.0,"gps","Loxodonta africana","Etosha1","Etosha1","African elephant - Namibia (Kilian)"
20661309583,true,2013-08-14 00:41:00.000,16.68705,-19.0006,"Halali-Agab",-9999.0,"gps","Loxodonta africana","Etosha1","Etosha1","African elephant - Namibia (Kilian)"
20661309594,true,2013-08-14 01:11:00.000,16.68762,-19.00012,"Halali-Agab",-9999.0,"gps","Loxodonta africana","Etosha1","Etosha1","African elephant - Namibia (Kilian)"
20661309607,true,2013-08-14 01:41:00.000,16.68738,-18.99988,"Halali-Agab",-9999.0,"gps","Loxodonta africana","Etosha1","Etosha1","African elephant - Namibia (Kilian)"
20661309618,true,2013-08-14 02:11:00.000,16.68737,-18.99992,"Halali-Agab",-9999.0,"gps","Loxodonta africana","Etosha1","Etosha1","African elephant - Namibia (Kilian)"
20661309631,true,2013-08-14 02:41:00.000,16.68768,-18.9999,"Halali-Agab",-9999.0,"gps","Loxodonta africana","Etosha1","Etosha1","African elephant - Namibia (Kilian)"
20661309642,true,2013-08-14 03:13:00.000,16.68813,-18.99977,"Halali-Agab",-9999.0,"gps","Loxodonta africana","Etosha1","Etosha1","African elephant - Namibia (Kilian)"
20661309655,true,2013-08-14 03:42:00.000,16.68822,-18.99982,"Halali-Agab",-9999.0,"gps","Loxodonta africana","Etosha1","Etosha1","African elephant - Namibia (Kilian)"
20661309666,true,2013-08-14 04:14:00.000,16.68818,-18.99983,"Halali-Agab",-9999.0,"gps","Loxodonta africana","Etosha1","Etosha1","African elephant - Namibia (Kilian)"
20661309679,true,2013-08-14 04:41:00.000,16.6884,-18.9998,"Halali-Agab",-9999.0,"gps","Loxodonta africana","Etosha1","Etosha1","African elephant - Namibia (Kilian)"
20661309689,true,2013-08-14 05:11:00.000,16.68838,-18.99945,"Halali-Agab",-9999.0,"gps","Loxodonta africana","Etosha1","Etosha1","African elephant - Namibia (Kilian)"
20661309702,true,2013-08-14 05:41:00.000,16.6884,-18.9964,"Halali-Agab",-9999.0,"gps","Loxodonta africana","Etosha1","Etosha1","African elephant - Namibia (Kilian)"
20661309712,true,2013-08-14 06:11:00.000,16.68817,-18.99497,"Halali-Agab",-9999.0,"gps","Loxodonta africana","Etosha1","Etosha1","African elephant - Namibia (Kilian)"
20661309727,true,2013-08-14 06:41:00.000,16.68832,-18.99323,"Halali-Agab",-9999.0,"gps","Loxodonta africana","Etosha1","Etosha1","African elephant - Namibia (Kilian)"
20661309737,true,2013-08-14 07:11:00.000,16.68947,-18.99065,"Halali-Agab",-9999.0,"gps","Loxodonta africana","Etosha1","Etosha1","African elephant - Namibia (Kilian)"
20661309751,true,2013-08-14 07:41:00.000,16.68988,-18.9892,"Halali-Agab",-9999.0,"gps","Loxodonta africana","Etosha1","Etosha1","African elephant - Namibia (Kilian)"
20661309762,true,2013-08-14 08:11:00.000,16.68975,-18.9884,"Halali-Agab",-9999.0,"gps","Loxodonta africana","Etosha1","Etosha1","African elephant - Namibia (Kilian)"
20661309776,true,2013-08-14 08:41:00.000,16.68957,-18.9879,"Halali-Agab",-9999.0,"gps","Loxodonta africana","Etosha1","Etosha1","African elephant - Namibia (Kilian)"
20661309786,true,2013-08-14 09:11:00.000,16.68953,-18.98788,"Halali-Agab",-9999.0,"gps","Loxodonta africana","Etosha1","Etosha1","African elephant - Namibia (Kilian)"
20661309800,true,2013-08-14 09:41:00.000,16.68845,-18.9868,"Halali-Agab",-9999.0,"gps","Loxodonta africana","Etosha1","Etosha1","African elephant - Namibia (Kilian)"
20661309809,true,2013-08-14 10:11:00.000,16.68737,-18.98617,"Halali-Agab",-9999.0,"gps","Loxodonta africana","Etosha1","Etosha1","African elephant - Namibia (Kilian)"
20661309823,true,2013-08-14 10:41:00.000,16.685,-18.9842,"Halali-Agab",-9999.0,"gps","Loxodonta africana","Etosha1","Etosha1","African elephant - Namibia (Kilian)"
20661309832,true,2013-08-14 11:11:00.000,16.6849,-18.98418,"Halali-Agab",-9999.0,"gps","Loxodonta africana","Etosha1","Etosha1","African elephant - Namibia (Kilian)"
20661309845,true,2013-08-14 11:41:00.000,16.68505,-18.98412,"Halali-Agab",-9999.0,"gps","Loxodonta africana","Etosha1","Etosha1","African elephant - Namibia (Kilian)"
20661309881,true,2013-08-14 13:37:00.000,16.68232,-18.9846,"Halali-Agab",-9999.0,"gps","Loxodonta africana","Etosha1","Etosha1","African elephant - Namibia (Kilian)"
20661309895,true,2013-08-14 14:08:00.000,16.67887,-18.98373,"Halali-Agab",-9999.0,"gps","Loxodonta africana","Etosha1","Etosha1","African elephant - Namibia (Kilian)"
20661309907,true,2013-08-14 14:37:00.000,16.67673,-18.98418,"Halali-Agab",-9999.0,"gps","Loxodonta africana","Etosha1","Etosha1","African elephant - Namibia (Kilian)"
20661309928,true,2013-08-14 15:22:00.000,16.67422,-18.98402,"Halali-Agab",-9999.0,"gps","Loxodonta africana","Etosha1","Etosha1","African elephant - Namibia (Kilian)"
20661309939,true,2013-08-14 15:51:00.000,16.6723,-18.98365,"Halali-Agab",-9999.0,"gps","Loxodonta africana","Etosha1","Etosha1","African elephant - Namibia (Kilian)"
20661309956,true,2013-08-14 16:23:00.000,16.6677,-18.97983,"Halali-Agab",-9999.0,"gps","Loxodonta africana","Etosha1","Etosha1","African elephant - Namibia (Kilian)"
20661309967,true,2013-08-14 16:51:00.000,16.66617,-18.97668,"Halali-Agab",-9999.0,"gps","Loxodonta africana","Etosha1","Etosha1","African elephant - Namibia (Kilian)"
20661309982,true,2013-08-14 17:20:00.000,16.66323,-18.97478,"Halali-Agab",-9999.0,"gps","Loxodonta africana","Etosha1","Etosha1","African elephant - Namibia (Kilian)"
20661309995,true,2013-08-14 17:51:00.000,16.65622,-18.97487,"Halali-Agab",-9999.0,"gps","Loxodonta africana","Etosha1","Etosha1","African elephant - Namibia (Kilian)"
20661310010,true,2013-08-14 18:20:00.000,16.65635,-18.97425,"Halali-Agab",-9999.0,"gps","Loxodonta africana","Etosha1","Etosha1","African elephant - Namibia (Kilian)"
20661310023,true,2013-08-14 18:51:00.000,16.66015,-18.97262,"Halali-Agab",-9999.0,"gps","Loxodonta africana","Etosha1","Etosha1","African elephant - Namibia (Kilian)"
20661310038,true,2013-08-14 19:20:00.000,16.66223,-18.97228,"Halali-Agab",-9999.0,"gps","Loxodonta africana","Etosha1","Etosha1","African elephant - Namibia (Kilian)"
20661310051,true,2013-08-14 19:50:00.000,16.66248,-18.97257,"Halali-Agab",-9999.0,"gps","Loxodonta africana","Etosha1","Etosha1","African elephant - Namibia (Kilian)"
20661310067,true,2013-08-14 20:21:00.000,16.66725,-18.97372,"Halali-Agab",-9999.0,"gps","Loxodonta africana","Etosha1","Etosha1","African elephant - Namibia (Kilian)"
20661310079,true,2013-08-14 20:51:00.000,16.67115,-18.97383,"Halali-Agab",-9999.0,"gps","Loxodonta africana","Etosha1","Etosha1","African elephant - Namibia (Kilian)"
20661310095,true,2013-08-14 21:21:00.000,16.6758,-18.97437,"Halali-Agab",-9999.0,"gps","Loxodonta africana","Etosha1","Etosha1","African elephant - Namibia (Kilian)"
20661310107,true,2013-08-14 21:50:00.000,16.6843,-18.97373,"Halali-Agab",-9999.0,"gps","Loxodonta africana","Etosha1","Etosha1","African elephant - Namibia (Kilian)"
20661310122,true,2013-08-14 22:20:00.000,16.68718,-18.97412,"Halali-Agab",-9999.0,"gps","Loxodonta africana","Etosha1","Etosha1","African elephant - Namibia (Kilian)"
20661310156,true,2013-08-14 23:32:00.000,16.68902,-18.97418,"Halali-Agab",-9999.0,"gps","Loxodonta africana","Etosha1","Etosha1","African elephant - Namibia (Kilian)"
20661310186,true,2013-08-15 00:44:00.000,16.69677,-18.97665,"Halali-Agab",-9999.0,"gps","Loxodonta africana","Etosha1","Etosha1","African elephant - Namibia (Kilian)"
20661310198,true,2013-08-15 01:12:00.000,16.69873,-18.9771,"Halali-Agab",-9999.0,"gps","Loxodonta africana","Etosha1","Etosha1","African elephant - Namibia (Kilian)"
20661310214,true,2013-08-15 01:43:00.000,16.69973,-18.97725,"Halali-Agab",-9999.0,"gps","Loxodonta africana","Etosha1","Etosha1","African elephant - Namibia (Kilian)"
20661310228,true,2013-08-15 02:13:00.000,16.70042,-18.97778,"Halali-Agab",-9999.0,"gps","Loxodonta africana","Etosha1","Etosha1","African elephant - Namibia (Kilian)"
20661310243,true,2013-08-15 02:42:00.000,16.70058,-18.97932,"Halali-Agab",-9999.0,"gps","Loxodonta africana","Etosha1","Etosha1","African elephant - Namibia (Kilian)"
20661310256,true,2013-08-15 03:13:00.000,16.70112,-18.97947,"Halali-Agab",-9999.0,"gps","Loxodonta africana","Etosha1","Etosha1","African elephant - Namibia (Kilian)"
20661310271,true,2013-08-15 03:44:00.000,16.70168,-18.98033,"Halali-Agab",-9999.0,"gps","Loxodonta africana","Etosha1","Etosha1","African elephant - Namibia (Kilian)"
20661310284,true,2013-08-15 04:13:00.000,16.702,-18.98085,"Halali-Agab",-9999.0,"gps","Loxodonta africana","Etosha1","Etosha1","African elephant - Namibia (Kilian)"
20661310298,true,2013-08-15 04:43:00.000,16.70198,-18.98092,"Halali-Agab",-9999.0,"gps","Loxodonta africana","Etosha1","Etosha1","African elephant - Namibia (Kilian)"
20661310309,true,2013-08-15 05:12:00.000,16.70198,-18.98095,"Halali-Agab",-9999.0,"gps","Loxodonta africana","Etosha1","Etosha1","African elephant - Namibia (Kilian)"
20661310324,true,2013-08-15 05:42:00.000,16.70185,-18.9812,"Halali-Agab",-9999.0,"gps","Loxodonta africana","Etosha1","Etosha1","African elephant - Namibia (Kilian)"
20661310335,true,2013-08-15 06:12:00.000,16.70173,-18.98185,"Halali-Agab",-9999.0,"gps","Loxodonta africana","Etosha1","Etosha1","African elephant - Namibia (Kilian)"
20661310349,true,2013-08-15 06:42:00.000,16.70158,-18.98222,"Halali-Agab",-9999.0,"gps","Loxodonta africana","Etosha1","Etosha1","African elephant - Namibia (Kilian)"
20661310374,true,2013-08-15 07:43:00.000,16.70157,-18.98235,"Halali-Agab",-9999.0,"gps","Loxodonta africana","Etosha1","Etosha1","African elephant - Namibia (Kilian)"
20661310387,true,2013-08-15 08:12:00.000,16.70268,-18.98255,"Halali-Agab",-9999.0,"gps","Loxodonta africana","Etosha1","Etosha1","African elephant - Namibia (Kilian)"
20661310402,true,2013-08-15 08:43:00.000,16.7028,-18.98237,"Halali-Agab",-9999.0,"gps","Loxodonta africana","Etosha1","Etosha1","African elephant - Namibia (Kilian)"
20661310415,true,2013-08-15 09:12:00.000,16.70297,-18.98227,"Halali-Agab",-9999.0,"gps","Loxodonta africana","Etosha1","Etosha1","African elephant - Namibia (Kilian)"
20661310430,true,2013-08-15 09:42:00.000,16.70272,-18.98193,"Halali-Agab",-9999.0,"gps","Loxodonta africana","Etosha1","Etosha1","African elephant - Namibia (Kilian)"
20661310444,true,2013-08-15 10:13:00.000,16.70268,-18.98153,"Halali-Agab",-9999.0,"gps","Loxodonta africana","Etosha1","Etosha1","African elephant - Namibia (Kilian)"
20661310458,true,2013-08-15 10:43:00.000,16.70268,-18.9814,"Halali-Agab",-9999.0,"gps","Loxodonta africana","Etosha1","Etosha1","African elephant - Namibia (Kilian)"
20661310471,true,2013-08-15 11:13:00.000,16.70268,-18.98142,"Halali-Agab",-9999.0,"gps","Loxodonta africana","Etosha1","Etosha1","African elephant - Namibia (Kilian)"
20661310486,true,2013-08-15 11:43:00.000,16.70265,-18.9811,"Halali-Agab",-9999.0,"gps","Loxodonta africana","Etosha1","Etosha1","African elephant - Namibia (Kilian)"
20661310498,true,2013-08-15 12:13:00.000,16.70252,-18.9809,"Halali-Agab",-9999.0,"gps","Loxodonta africana","Etosha1","Etosha1","African elephant - Namibia (Kilian)"
20661310512,true,2013-08-15 12:43:00.000,16.70238,-18.98078,"Halali-Agab",-9999.0,"gps","Loxodonta africana","Etosha1","Etosha1","African elephant - Namibia (Kilian)"
20661310525,true,2013-08-15 13:13:00.000,16.70217,-18.98105,"Halali-Agab",-9999.0,"gps","Loxodonta africana","Etosha1","Etosha1","African elephant - Namibia (Kilian)"
20661310541,true,2013-08-15 13:42:00.000,16.70215,-18.98062,"Halali-Agab",-9999.0,"gps","Loxodonta africana","Etosha1","Etosha1","African elephant - Namibia (Kilian)"
20661310555,true,2013-08-15 14:14:00.000,16.70233,-18.98048,"Halali-Agab",-9999.0,"gps","Loxodonta africana","Etosha1","Etosha1","African elephant - Namibia (Kilian)"
20661310569,true,2013-08-15 14:42:00.000,16.70237,-18.98012,"Halali-Agab",-9999.0,"gps","Loxodonta africana","Etosha1","Etosha1","African elephant - Namibia (Kilian)"
20661310582,true,2013-08-15 15:13:00.000,16.70258,-18.97963,"Halali-Agab",-9999.0,"gps","Loxodonta africana","Etosha1","Etosha1","African elephant - Namibia (Kilian)"
20661310596,true,2013-08-15 15:42:00.000,16.70257,-18.9796,"Halali-Agab",-9999.0,"gps","Loxodonta africana","Etosha1","Etosha1","African elephant - Namibia (Kilian)"
20661310608,true,2013-08-15 16:13:00.000,16.70313,-18.97957,"Halali-Agab",-9999.0,"gps","Loxodonta africana","Etosha1","Etosha1","African elephant - Namibia (Kilian)"
20661310620,true,2013-08-15 16:42:00.000,16.70515,-18.97937,"Halali-Agab",-9999.0,"gps","Loxodonta africana","Etosha1","Etosha1","African elephant - Namibia (Kilian)"
20661310633,true,2013-08-15 17:13:00.000,16.7051,-18.97888,"Halali-Agab",-9999.0,"gps","Loxodonta africana","Etosha1","Etosha1","African elephant - Namibia (Kilian)"
20661310646,true,2013-08-15 17:42:00.000,16.70513,-18.97847,"Halali-Agab",-9999.0,"gps","Loxodonta africana","Etosha1","Etosha1","African elephant - Namibia (Kilian)"
20661310659,true,2013-08-15 18:12:00.000,16.70555,-18.9784,"Halali-Agab",-9999.0,"gps","Loxodonta africana","Etosha1","Etosha1","African elephant - Namibia (Kilian)"
20661310674,true,2013-08-15 18:42:00.000,16.70538,-18.97765,"Halali-Agab",-9999.0,"gps","Loxodonta africana","Etosha1","Etosha1","African elephant - Namibia (Kilian)"
20661310687,true,2013-08-15 19:12:00.000,16.70547,-18.97733,"Halali-Agab",-9999.0,"gps","Loxodonta africana","Etosha1","Etosha1","African elephant - Namibia (Kilian)"
20661310702,true,2013-08-15 19:43:00.000,16.70593,-18.97692,"Halali-Agab",-9999.0,"gps","Loxodonta africana","Etosha1","Etosha1","African elephant - Namibia (Kilian)"
20661310715,true,2013-08-15 20:13:00.000,16.70613,-18.97657,"Halali-Agab",-9999.0,"gps","Loxodonta africana","Etosha1","Etosha1","African elephant - Namibia (Kilian)"
20661310730,true,2013-08-15 20:42:00.000,16.70608,-18.97618,"Halali-Agab",-9999.0,"gps","Loxodonta africana","Etosha1","Etosha1","African elephant - Namibia (Kilian)"
20661310743,true,2013-08-15 21:12:00.000,16.70648,-18.97517,"Halali-Agab",-9999.0,"gps","Loxodonta africana","Etosha1","Etosha1","African elephant - Namibia (Kilian)"
20661310757,true,2013-08-15 21:43:00.000,16.7061,-18.97467,"Halali-Agab",-9999.0,"gps","Loxodonta africana","Etosha1","Etosha1","African elephant - Namibia (Kilian)"
20661310770,true,2013-08-15 22:12:00.000,16.70772,-18.97507,"Halali-Agab",-9999.0,"gps","Loxodonta africana","Etosha1","Etosha1","African elephant - Namibia (Kilian)"
20661310784,true,2013-08-15 22:42:00.000,16.70937,-18.97548,"Halali-Agab",-9999.0,"gps","Loxodonta africana","Etosha1","Etosha1","African elephant - Namibia (Kilian)"
20661310796,true,2013-08-15 23:12:00.000,16.7091,-18.97648,"Halali-Agab",-9999.0,"gps","Loxodonta africana","Etosha1","Etosha1","African elephant - Namibia (Kilian)"
20661310811,true,2013-08-15 23:42:00.000,16.70842,-18.97767,"Halali-Agab",-9999.0,"gps","Loxodonta africana","Etosha1","Etosha1","African elephant - Namibia (Kilian)"
20661310825,true,2013-08-16 00:13:00.000,16.70813,-18.97788,"Halali-Agab",-9999.0,"gps","Loxodonta africana","Etosha1","Etosha1","African elephant - Namibia (Kilian)"
20661310839,true,2013-08-16 00:42:00.000,16.7074,-18.97848,"Halali-Agab",-9999.0,"gps","Loxodonta africana","Etosha1","Etosha1","African elephant - Namibia (Kilian)"
20661310852,true,2013-08-16 01:12:00.000,16.70683,-18.97835,"Halali-Agab",-9999.0,"gps","Loxodonta africana","Etosha1","Etosha1","African elephant - Namibia (Kilian)"
20661310867,true,2013-08-16 01:42:00.000,16.70848,-18.97755,"Halali-Agab",-9999.0,"gps","Loxodonta africana","Etosha1","Etosha1","African elephant - Namibia (Kilian)"
20661310881,true,2013-08-16 02:13:00.000,16.70857,-18.97758,"Halali-Agab",-9999.0,"gps","Loxodonta africana","Etosha1","Etosha1","African elephant - Namibia (Kilian)"
20661310896,true,2013-08-16 02:44:00.000,16.70868,-18.97755,"Halali-Agab",-9999.0,"gps","Loxodonta africana","Etosha1","Etosha1","African elephant - Namibia (Kilian)"
20661310908,true,2013-08-16 03:15:00.000,16.70867,-18.97767,"Halali-Agab",-9999.0,"gps","Loxodonta africana","Etosha1","Etosha1","African elephant - Namibia (Kilian)"
20661310923,true,2013-08-16 03:44:00.000,16.70887,-18.97782,"Halali-Agab",-9999.0,"gps","Loxodonta africana","Etosha1","Etosha1","African elephant - Namibia (Kilian)"
20661310938,true,2013-08-16 04:15:00.000,16.70852,-18.97835,"Halali-Agab",-9999.0,"gps","Loxodonta africana","Etosha1","Etosha1","African elephant - Namibia (Kilian)"
20661310953,true,2013-08-16 04:45:00.000,16.70872,-18.97767,"Halali-Agab",-9999.0,"gps","Loxodonta africana","Etosha1","Etosha1","African elephant - Namibia (Kilian)"
20661310965,true,2013-08-16 05:15:00.000,16.70857,-18.97755,"Halali-Agab",-9999.0,"gps","Loxodonta africana","Etosha1","Etosha1","African elephant - Namibia (Kilian)"
20661310978,true,2013-08-16 05:44:00.000,16.70618,-18.97793,"Halali-Agab",-9999.0,"gps","Loxodonta africana","Etosha1","Etosha1","African elephant - Namibia (Kilian)"
20661310991,true,2013-08-16 06:14:00.000,16.7017,-18.98163,"Halali-Agab",-9999.0,"gps","Loxodonta africana","Etosha1","Etosha1","African elephant - Namibia (Kilian)"
20661311007,true,2013-08-16 06:45:00.000,16.70037,-18.98465,"Halali-Agab",-9999.0,"gps","Loxodonta africana","Etosha1","Etosha1","African elephant - Namibia (Kilian)"
20661311019,true,2013-08-16 07:14:00.000,16.69993,-18.98557,"Halali-Agab",-9999.0,"gps","Loxodonta africana","Etosha1","Etosha1","African elephant - Namibia (Kilian)"
20661311034,true,2013-08-16 07:44:00.000,16.69642,-18.98515,"Halali-Agab",-9999.0,"gps","Loxodonta africana","Etosha1","Etosha1","African elephant - Namibia (Kilian)"
20661311046,true,2013-08-16 08:14:00.000,16.6911,-18.98438,"Halali-Agab",-9999.0,"gps","Loxodonta africana","Etosha1","Etosha1","African elephant - Namibia (Kilian)"
20661311060,true,2013-08-16 08:44:00.000,16.6879,-18.98402,"Halali-Agab",-9999.0,"gps","Loxodonta africana","Etosha1","Etosha1","African elephant - Namibia (Kilian)"
20661311072,true,2013-08-16 09:14:00.000,16.68518,-18.98238,"Halali-Agab",-9999.0,"gps","Loxodonta africana","Etosha1","Etosha1","African elephant - Namibia (Kilian)"
20661311086,true,2013-08-16 09:44:00.000,16.68463,-18.98233,"Halali-Agab",-9999.0,"gps","Loxodonta africana","Etosha1","Etosha1","African elephant - Namibia (Kilian)"
20661311098,true,2013-08-16 10:15:00.000,16.68138,-18.98295,"Halali-Agab",-9999.0,"gps","Loxodonta africana","Etosha1","Etosha1","African elephant - Namibia (Kilian)"
20661311111,true,2013-08-16 10:44:00.000,16.67552,-18.9815,"Halali-Agab",-9999.0,"gps","Loxodonta africana","Etosha1","Etosha1","African elephant - Namibia (Kilian)"
20661311124,true,2013-08-16 11:14:00.000,16.6731,-18.97965,"Halali-Agab",-9999.0,"gps","Loxodonta africana","Etosha1","Etosha1","African elephant - Namibia (Kilian)"
20661311138,true,2013-08-16 11:44:00.000,16.6728,-18.9797,"Halali-Agab",-9999.0,"gps","Loxodonta africana","Etosha1","Etosha1","African elephant - Namibia (Kilian)"
20661311149,true,2013-08-16 12:14:00.000,16.67282,-18.97977,"Halali-Agab",-9999.0,"gps","Loxodonta africana","Etosha1","Etosha1","African elephant - Namibia (Kilian)"
20661311162,true,2013-08-16 12:44:00.000,16.67282,-18.97972,"Halali-Agab",-9999.0,"gps","Loxodonta africana","Etosha1","Etosha1","African elephant - Namibia (Kilian)"
20661311175,true,2013-08-16 13:15:00.000,16.66922,-18.98003,"Halali-Agab",-9999.0,"gps","Loxodonta africana","Etosha1","Etosha1","African elephant - Namibia (Kilian)"
20661311189,true,2013-08-16 13:44:00.000,16.6656,-18.97942,"Halali-Agab",-9999.0,"gps","Loxodonta africana","Etosha1","Etosha1","African elephant - Namibia (Kilian)"
20661311201,true,2013-08-16 14:15:00.000,16.66038,-18.97742,"Halali-Agab",-9999.0,"gps","Loxodonta africana","Etosha1","Etosha1","African elephant - Namibia (Kilian)"
20661311212,true,2013-08-16 14:44:00.000,16.65598,-18.97468,"Halali-Agab",-9999.0,"gps","Loxodonta africana","Etosha1","Etosha1","African elephant - Namibia (Kilian)"
20661311224,true,2013-08-16 15:14:00.000,16.65635,-18.977,"Halali-Agab",-9999.0,"gps","Loxodonta africana","Etosha1","Etosha1","African elephant - Namibia (Kilian)"
20661311239,true,2013-08-16 15:45:00.000,16.65642,-18.9781,"Halali-Agab",-9999.0,"gps","Loxodonta africana","Etosha1","Etosha1","African elephant - Namibia (Kilian)"
20661311252,true,2013-08-16 16:14:00.000,16.65562,-18.97907,"Halali-Agab",-9999.0,"gps","Loxodonta africana","Etosha1","Etosha1","African elephant - Namibia (Kilian)"
20661311267,true,2013-08-16 16:44:00.000,16.65522,-18.97885,"Halali-Agab",-9999.0,"gps","Loxodonta africana","Etosha1","Etosha1","African elephant - Namibia (Kilian)"
20661311280,true,2013-08-16 17:15:00.000,16.65517,-18.97873,"Halali-Agab",-9999.0,"gps","Loxodonta africana","Etosha1","Etosha1","African elephant - Namibia (Kilian)"
20661311294,true,2013-08-16 17:44:00.000,16.65525,-18.97868,"Halali-Agab",-9999.0,"gps","Loxodonta africana","Etosha1","Etosha1","African elephant - Namibia (Kilian)"
20661311307,true,2013-08-16 18:14:00.000,16.65495,-18.97842,"Halali-Agab",-9999.0,"gps","Loxodonta africana","Etosha1","Etosha1","African elephant - Namibia (Kilian)"
20661311322,true,2013-08-16 18:44:00.000,16.65475,-18.97828,"Halali-Agab",-9999.0,"gps","Loxodonta africana","Etosha1","Etosha1","African elephant - Namibia (Kilian)"
20661311335,true,2013-08-16 19:14:00.000,16.65563,-18.97473,"Halali-Agab",-9999.0,"gps","Loxodonta africana","Etosha1","Etosha1","African elephant - Namibia (Kilian)"
20661311350,true,2013-08-16 19:44:00.000,16.65633,-18.97,"Halali-Agab",-9999.0,"gps","Loxodonta africana","Etosha1","Etosha1","African elephant - Namibia (Kilian)"
20661311363,true,2013-08-16 20:14:00.000,16.65782,-18.96845,"Halali-Agab",-9999.0,"gps","Loxodonta africana","Etosha1","Etosha1","African elephant - Namibia (Kilian)"
20661311378,true,2013-08-16 20:44:00.000,16.65848,-18.96625,"Halali-Agab",-9999.0,"gps","Loxodonta africana","Etosha1","Etosha1","African elephant - Namibia (Kilian)"
20661311391,true,2013-08-16 21:14:00.000,16.65702,-18.96323,"Halali-Agab",-9999.0,"gps","Loxodonta africana","Etosha1","Etosha1","African elephant - Namibia (Kilian)"
20661311405,true,2013-08-16 21:45:00.000,16.65447,-18.95435,"Halali-Agab",-9999.0,"gps","Loxodonta africana","Etosha1","Etosha1","African elephant - Namibia (Kilian)"
20661311418,true,2013-08-16 22:15:00.000,16.6538,-18.95175,"Halali-Agab",-9999.0,"gps","Loxodonta africana","Etosha1","Etosha1","African elephant - Namibia (Kilian)"
20661311433,true,2013-08-16 22:44:00.000,16.65368,-18.95047,"Halali-Agab",-9999.0,"gps","Loxodonta africana","Etosha1","Etosha1","African elephant - Namibia (Kilian)"
20661311447,true,2013-08-16 23:15:00.000,16.6533,-18.94898,"Halali-Agab",-9999.0,"gps","Loxodonta africana","Etosha1","Etosha1","African elephant - Namibia (Kilian)"
20661311461,true,2013-08-16 23:44:00.000,16.65355,-18.94763,"Halali-Agab",-9999.0,"gps","Loxodonta africana","Etosha1","Etosha1","African elephant - Namibia (Kilian)"
20661311473,true,2013-08-17 00:14:00.000,16.65402,-18.94575,"Halali-Agab",-9999.0,"gps","Loxodonta africana","Etosha1","Etosha1","African elephant - Namibia (Kilian)"
20661311488,true,2013-08-17 00:44:00.000,16.65443,-18.94285,"Halali-Agab",-9999.0,"gps","Loxodonta africana","Etosha1","Etosha1","African elephant - Namibia (Kilian)"
20661311502,true,2013-08-17 01:14:00.000,16.65457,-18.94095,"Halali-Agab",-9999.0,"gps","Loxodonta africana","Etosha1","Etosha1","African elephant - Namibia (Kilian)"
20661311517,true,2013-08-17 01:44:00.000,16.6545,-18.9395,"Halali-Agab",-9999.0,"gps","Loxodonta africana","Etosha1","Etosha1","African elephant - Namibia (Kilian)"
20661311530,true,2013-08-17 02:14:00.000,16.65447,-18.93892,"Halali-Agab",-9999.0,"gps","Loxodonta africana","Etosha1","Etosha1","African elephant - Namibia (Kilian)"
20661311545,true,2013-08-17 02:44:00.000,16.65462,-18.9379,"Halali-Agab",-9999.0,"gps","Loxodonta africana","Etosha1","Etosha1","African elephant - Namibia (Kilian)"
20661311558,true,2013-08-17 03:14:00.000,16.6547,-18.93763,"Halali-Agab",-9999.0,"gps","Loxodonta africana","Etosha1","Etosha1","African elephant - Namibia (Kilian)"
20661311573,true,2013-08-17 03:45:00.000,16.6559,-18.93773,"Halali-Agab",-9999.0,"gps","Loxodonta africana","Etosha1","Etosha1","African elephant - Namibia (Kilian)"
20661311584,true,2013-08-17 04:15:00.000,16.65592,-18.93775,"Halali-Agab",-9999.0,"gps","Loxodonta africana","Etosha1","Etosha1","African elephant - Namibia (Kilian)"
20661311601,true,2013-08-17 04:47:00.000,16.65595,-18.93783,"Halali-Agab",-9999.0,"gps","Loxodonta africana","Etosha1","Etosha1","African elephant - Namibia (Kilian)"
20661311626,true,2013-08-17 05:44:00.000,16.65623,-18.93732,"Halali-Agab",-9999.0,"gps","Loxodonta africana","Etosha1","Etosha1","African elephant - Namibia (Kilian)"
20661311638,true,2013-08-17 06:14:00.000,16.65612,-18.93642,"Halali-Agab",-9999.0,"gps","Loxodonta africana","Etosha1","Etosha1","African elephant - Namibia (Kilian)"
20661311653,true,2013-08-17 06:44:00.000,16.65557,-18.93615,"Halali-Agab",-9999.0,"gps","Loxodonta africana","Etosha1","Etosha1","African elephant - Namibia (Kilian)"
20661311666,true,2013-08-17 07:14:00.000,16.6554,-18.93627,"Halali-Agab",-9999.0,"gps","Loxodonta africana","Etosha1","Etosha1","African elephant - Namibia (Kilian)"
20661311682,true,2013-08-17 07:44:00.000,16.65545,-18.93633,"Halali-Agab",-9999.0,"gps","Loxodonta africana","Etosha1","Etosha1","African elephant - Namibia (Kilian)"
20661311695,true,2013-08-17 08:14:00.000,16.65512,-18.93653,"Halali-Agab",-9999.0,"gps","Loxodonta africana","Etosha1","Etosha1","African elephant - Namibia (Kilian)"
20661311709,true,2013-08-17 08:44:00.000,16.65537,-18.93768,"Halali-Agab",-9999.0,"gps","Loxodonta africana","Etosha1","Etosha1","African elephant - Namibia (Kilian)"
20661311723,true,2013-08-17 09:15:00.000,16.65543,-18.93778,"Halali-Agab",-9999.0,"gps","Loxodonta africana","Etosha1","Etosha1","African elephant - Namibia (Kilian)"
20661311738,true,2013-08-17 09:45:00.000,16.6551,-18.93802,"Halali-Agab",-9999.0,"gps","Loxodonta africana","Etosha1","Etosha1","African elephant - Namibia (Kilian)"
20661311749,true,2013-08-17 10:14:00.000,16.65507,-18.93815,"Halali-Agab",-9999.0,"gps","Loxodonta africana","Etosha1","Etosha1","African elephant - Namibia (Kilian)"
20661311764,true,2013-08-17 10:45:00.000,16.65515,-18.93822,"Halali-Agab",-9999.0,"gps","Loxodonta africana","Etosha1","Etosha1","African elephant - Namibia (Kilian)"
20661311777,true,2013-08-17 11:15:00.000,16.65527,-18.93817,"Halali-Agab",-9999.0,"gps","Loxodonta africana","Etosha1","Etosha1","African elephant - Namibia (Kilian)"
20661311791,true,2013-08-17 11:45:00.000,16.65515,-18.93842,"Halali-Agab",-9999.0,"gps","Loxodonta africana","Etosha1","Etosha1","African elephant - Namibia (Kilian)"
20661311802,true,2013-08-17 12:15:00.000,16.65517,-18.93902,"Halali-Agab",-9999.0,"gps","Loxodonta africana","Etosha1","Etosha1","African elephant - Namibia (Kilian)"
20661311816,true,2013-08-17 12:44:00.000,16.65507,-18.93918,"Halali-Agab",-9999.0,"gps","Loxodonta africana","Etosha1","Etosha1","African elephant - Namibia (Kilian)"
20661311829,true,2013-08-17 13:15:00.000,16.655,-18.93903,"Halali-Agab",-9999.0,"gps","Loxodonta africana","Etosha1","Etosha1","African elephant - Namibia (Kilian)"
20661311842,true,2013-08-17 13:45:00.000,16.65503,-18.93917,"Halali-Agab",-9999.0,"gps","Loxodonta africana","Etosha1","Etosha1","African elephant - Namibia (Kilian)"
20661311854,true,2013-08-17 14:14:00.000,16.6555,-18.93948,"Halali-Agab",-9999.0,"gps","Loxodonta africana","Etosha1","Etosha1","African elephant - Namibia (Kilian)"
20661311867,true,2013-08-17 14:43:00.000,16.6552,-18.93977,"Halali-Agab",-9999.0,"gps","Loxodonta africana","Etosha1","Etosha1","African elephant - Namibia (Kilian)"
20661311878,true,2013-08-17 15:13:00.000,16.65515,-18.9398,"Halali-Agab",-9999.0,"gps","Loxodonta africana","Etosha1","Etosha1","African elephant - Namibia (Kilian)"
20661311891,true,2013-08-17 15:44:00.000,16.65707,-18.94137,"Halali-Agab",-9999.0,"gps","Loxodonta africana","Etosha1","Etosha1","African elephant - Namibia (Kilian)"
20661311900,true,2013-08-17 16:14:00.000,16.65868,-18.9429,"Halali-Agab",-9999.0,"gps","Loxodonta africana","Etosha1","Etosha1","African elephant - Namibia (Kilian)"
20661311917,true,2013-08-17 16:44:00.000,16.65892,-18.94388,"Halali-Agab",-9999.0,"gps","Loxodonta africana","Etosha1","Etosha1","African elephant - Namibia (Kilian)"
20661311929,true,2013-08-17 17:15:00.000,16.65922,-18.9442,"Halali-Agab",-9999.0,"gps","Loxodonta africana","Etosha1","Etosha1","African elephant - Namibia (Kilian)"
20661311943,true,2013-08-17 17:43:00.000,16.65892,-18.94465,"Halali-Agab",-9999.0,"gps","Loxodonta africana","Etosha1","Etosha1","African elephant - Namibia (Kilian)"
20661311954,true,2013-08-17 18:13:00.000,16.65937,-18.94585,"Halali-Agab",-9999.0,"gps","Loxodonta africana","Etosha1","Etosha1","African elephant - Namibia (Kilian)"
20661311968,true,2013-08-17 18:43:00.000,16.65945,-18.94717,"Halali-Agab",-9999.0,"gps","Loxodonta africana","Etosha1","Etosha1","African elephant - Namibia (Kilian)"
20661311981,true,2013-08-17 19:13:00.000,16.65948,-18.9481,"Halali-Agab",-9999.0,"gps","Loxodonta africana","Etosha1","Etosha1","African elephant - Namibia (Kilian)"
20661311996,true,2013-08-17 19:43:00.000,16.65957,-18.94957,"Halali-Agab",-9999.0,"gps","Loxodonta africana","Etosha1","Etosha1","African elephant - Namibia (Kilian)"
20661312009,true,2013-08-17 20:13:00.000,16.6614,-18.95213,"Halali-Agab",-9999.0,"gps","Loxodonta africana","Etosha1","Etosha1","African elephant - Namibia (Kilian)"
20661312025,true,2013-08-17 20:44:00.000,16.66328,-18.95607,"Halali-Agab",-9999.0,"gps","Loxodonta africana","Etosha1","Etosha1","African elephant - Namibia (Kilian)"
20661312038,true,2013-08-17 21:14:00.000,16.66393,-18.95758,"Halali-Agab",-9999.0,"gps","Loxodonta africana","Etosha1","Etosha1","African elephant - Namibia (Kilian)"
20661312052,true,2013-08-17 21:43:00.000,16.66393,-18.95853,"Halali-Agab",-9999.0,"gps","Loxodonta africana","Etosha1","Etosha1","African elephant - Namibia (Kilian)"
20661312091,true,2013-08-17 23:07:00.000,16.66055,-18.97748,"Halali-Agab",-9999.0,"gps","Loxodonta africana","Etosha1","Etosha1","African elephant - Namibia (Kilian)"
20661312102,true,2013-08-17 23:37:00.000,16.67117,-18.9832,"Halali-Agab",-9999.0,"gps","Loxodonta africana","Etosha1","Etosha1","African elephant - Namibia (Kilian)"
20661312118,true,2013-08-18 00:06:00.000,16.68203,-18.9866,"Halali-Agab",-9999.0,"gps","Loxodonta africana","Etosha1","Etosha1","African elephant - Namibia (Kilian)"
20661312130,true,2013-08-18 00:37:00.000,16.69048,-18.98867,"Halali-Agab",-9999.0,"gps","Loxodonta africana","Etosha1","Etosha1","African elephant - Namibia (Kilian)"
20661312145,true,2013-08-18 01:06:00.000,16.69302,-18.9879,"Halali-Agab",-9999.0,"gps","Loxodonta africana","Etosha1","Etosha1","African elephant - Namibia (Kilian)"
20661312166,true,2013-08-18 01:49:00.000,16.6961,-18.98665,"Halali-Agab",-9999.0,"gps","Loxodonta africana","Etosha1","Etosha1","African elephant - Namibia (Kilian)"
20661312180,true,2013-08-18 02:17:00.000,16.6975,-18.98675,"Halali-Agab",-9999.0,"gps","Loxodonta africana","Etosha1","Etosha1","African elephant - Namibia (Kilian)"
20661312201,true,2013-08-18 03:04:00.000,16.69922,-18.98603,"Halali-Agab",-9999.0,"gps","Loxodonta africana","Etosha1","Etosha1","African elephant - Namibia (Kilian)"
20661312211,true,2013-08-18 03:33:00.000,16.70018,-18.9856,"Halali-Agab",-9999.0,"gps","Loxodonta africana","Etosha1","Etosha1","African elephant - Namibia (Kilian)"
20661312228,true,2013-08-18 04:04:00.000,16.70053,-18.98522,"Halali-Agab",-9999.0,"gps","Loxodonta africana","Etosha1","Etosha1","African elephant - Namibia (Kilian)"
20661312239,true,2013-08-18 04:33:00.000,16.70055,-18.98535,"Halali-Agab",-9999.0,"gps","Loxodonta africana","Etosha1","Etosha1","African elephant - Namibia (Kilian)"
20661312253,true,2013-08-18 05:03:00.000,16.70055,-18.98527,"Halali-Agab",-9999.0,"gps","Loxodonta africana","Etosha1","Etosha1","African elephant - Namibia (Kilian)"
20661312264,true,2013-08-18 05:33:00.000,16.70055,-18.98528,"Halali-Agab",-9999.0,"gps","Loxodonta africana","Etosha1","Etosha1","African elephant - Namibia (Kilian)"
20661312278,true,2013-08-18 06:03:00.000,16.7006,-18.98523,"Halali-Agab",-9999.0,"gps","Loxodonta africana","Etosha1","Etosha1","African elephant - Namibia (Kilian)"
20661312290,true,2013-08-18 06:33:00.000,16.70038,-18.9851,"Halali-Agab",-9999.0,"gps","Loxodonta africana","Etosha1","Etosha1","African elephant - Namibia (Kilian)"
20661312304,true,2013-08-18 07:03:00.000,16.69985,-18.98473,"Halali-Agab",-9999.0,"gps","Loxodonta africana","Etosha1","Etosha1","African elephant - Namibia (Kilian)"
20661312314,true,2013-08-18 07:33:00.000,16.69943,-18.98443,"Halali-Agab",-9999.0,"gps","Loxodonta africana","Etosha1","Etosha1","African elephant - Namibia (Kilian)"
20661312327,true,2013-08-18 08:03:00.000,16.69918,-18.98347,"Halali-Agab",-9999.0,"gps","Loxodonta africana","Etosha1","Etosha1","African elephant - Namibia (Kilian)"
20661312339,true,2013-08-18 08:33:00.000,16.69862,-18.98345,"Halali-Agab",-9999.0,"gps","Loxodonta africana","Etosha1","Etosha1","African elephant - Namibia (Kilian)"
20661312353,true,2013-08-18 09:04:00.000,16.69827,-18.98308,"Halali-Agab",-9999.0,"gps","Loxodonta africana","Etosha1","Etosha1","African elephant - Namibia (Kilian)"
20661312381,true,2013-08-18 10:15:00.000,16.69833,-18.98207,"Halali-Agab",-9999.0,"gps","Loxodonta africana","Etosha1","Etosha1","African elephant - Namibia (Kilian)"
20661312393,true,2013-08-18 10:45:00.000,16.69815,-18.98197,"Halali-Agab",-9999.0,"gps","Loxodonta africana","Etosha1","Etosha1","African elephant - Namibia (Kilian)"
20661312402,true,2013-08-18 11:14:00.000,16.69823,-18.98192,"Halali-Agab",-9999.0,"gps","Loxodonta africana","Etosha1","Etosha1","African elephant - Namibia (Kilian)"
20661312413,true,2013-08-18 11:44:00.000,16.69823,-18.98185,"Halali-Agab",-9999.0,"gps","Loxodonta africana","Etosha1","Etosha1","African elephant - Namibia (Kilian)"
20661312424,true,2013-08-18 12:14:00.000,16.69825,-18.98195,"Halali-Agab",-9999.0,"gps","Loxodonta africana","Etosha1","Etosha1","African elephant - Namibia (Kilian)"
20661312436,true,2013-08-18 12:43:00.000,16.69812,-18.98132,"Halali-Agab",-9999.0,"gps","Loxodonta africana","Etosha1","Etosha1","African elephant - Namibia (Kilian)"
20661312449,true,2013-08-18 13:14:00.000,16.69765,-18.98075,"Halali-Agab",-9999.0,"gps","Loxodonta africana","Etosha1","Etosha1","African elephant - Namibia (Kilian)"
20661312460,true,2013-08-18 13:44:00.000,16.69848,-18.97965,"Halali-Agab",-9999.0,"gps","Loxodonta africana","Etosha1","Etosha1","African elephant - Namibia (Kilian)"
20661312471,true,2013-08-18 14:14:00.000,16.6985,-18.97977,"Halali-Agab",-9999.0,"gps","Loxodonta africana","Etosha1","Etosha1","African elephant - Namibia (Kilian)"
20661312480,true,2013-08-18 14:44:00.000,16.6986,-18.97962,"Halali-Agab",-9999.0,"gps","Loxodonta africana","Etosha1","Etosha1","African elephant - Namibia (Kilian)"
20661312491,true,2013-08-18 15:15:00.000,16.6987,-18.97973,"Halali-Agab",-9999.0,"gps","Loxodonta africana","Etosha1","Etosha1","African elephant - Namibia (Kilian)"
20661312502,true,2013-08-18 15:44:00.000,16.69823,-18.98,"Halali-Agab",-9999.0,"gps","Loxodonta africana","Etosha1","Etosha1","African elephant - Namibia (Kilian)"
20661312511,true,2013-08-18 16:14:00.000,16.69855,-18.97958,"Halali-Agab",-9999.0,"gps","Loxodonta africana","Etosha1","Etosha1","African elephant - Namibia (Kilian)"
20661312522,true,2013-08-18 16:44:00.000,16.69893,-18.9787,"Halali-Agab",-9999.0,"gps","Loxodonta africana","Etosha1","Etosha1","African elephant - Namibia (Kilian)"
20661312533,true,2013-08-18 17:14:00.000,16.69962,-18.97865,"Halali-Agab",-9999.0,"gps","Loxodonta africana","Etosha1","Etosha1","African elephant - Namibia (Kilian)"
20661312545,true,2013-08-18 17:43:00.000,16.70133,-18.9787,"Halali-Agab",-9999.0,"gps","Loxodonta africana","Etosha1","Etosha1","African elephant - Namibia (Kilian)"
20661312556,true,2013-08-18 18:14:00.000,16.70198,-18.97872,"Halali-Agab",-9999.0,"gps","Loxodonta africana","Etosha1","Etosha1","African elephant - Namibia (Kilian)"
20661312568,true,2013-08-18 18:44:00.000,16.70282,-18.97805,"Halali-Agab",-9999.0,"gps","Loxodonta africana","Etosha1","Etosha1","African elephant - Namibia (Kilian)"
20661312579,true,2013-08-18 19:13:00.000,16.70387,-18.978,"Halali-Agab",-9999.0,"gps","Loxodonta africana","Etosha1","Etosha1","African elephant - Namibia (Kilian)"
20661312591,true,2013-08-18 19:43:00.000,16.70553,-18.97853,"Halali-Agab",-9999.0,"gps","Loxodonta africana","Etosha1","Etosha1","African elephant - Namibia (Kilian)"
20661312602,true,2013-08-18 20:13:00.000,16.70687,-18.9787,"Halali-Agab",-9999.0,"gps","Loxodonta africana","Etosha1","Etosha1","African elephant - Namibia (Kilian)"
20661312614,true,2013-08-18 20:44:00.000,16.70765,-18.97852,"Halali-Agab",-9999.0,"gps","Loxodonta africana","Etosha1","Etosha1","African elephant - Namibia (Kilian)"
20661312625,true,2013-08-18 21:15:00.000,16.7077,-18.97858,"Halali-Agab",-9999.0,"gps","Loxodonta africana","Etosha1","Etosha1","African elephant - Namibia (Kilian)"
20661312636,true,2013-08-18 21:43:00.000,16.70938,-18.97838,"Halali-Agab",-9999.0,"gps","Loxodonta africana","Etosha1","Etosha1","African elephant - Namibia (Kilian)"
20661312651,true,2013-08-18 22:13:00.000,16.71157,-18.97803,"Halali-Agab",-9999.0,"gps","Loxodonta africana","Etosha1","Etosha1","African elephant - Namibia (Kilian)"
20661312663,true,2013-08-18 22:44:00.000,16.71562,-18.97765,"Halali-Agab",-9999.0,"gps","Loxodonta africana","Etosha1","Etosha1","African elephant - Namibia (Kilian)"
20661312674,true,2013-08-18 23:14:00.000,16.71583,-18.97717,"Halali-Agab",-9999.0,"gps","Loxodonta africana","Etosha1","Etosha1","African elephant - Namibia (Kilian)"
20661312686,true,2013-08-18 23:44:00.000,16.71758,-18.97675,"Halali-Agab",-9999.0,"gps","Loxodonta africana","Etosha1","Etosha1","African elephant - Namibia (Kilian)"
20661312697,true,2013-08-19 00:14:00.000,16.71872,-18.97695,"Halali-Agab",-9999.0,"gps","Loxodonta africana","Etosha1","Etosha1","African elephant - Namibia (Kilian)"
20661312709,true,2013-08-19 00:43:00.000,16.7192,-18.97737,"Halali-Agab",-9999.0,"gps","Loxodonta africana","Etosha1","Etosha1","African elephant - Namibia (Kilian)"
20661312721,true,2013-08-19 01:14:00.000,16.71887,-18.97752,"Halali-Agab",-9999.0,"gps","Loxodonta africana","Etosha1","Etosha1","African elephant - Namibia (Kilian)"
20661312734,true,2013-08-19 01:44:00.000,16.71902,-18.97725,"Halali-Agab",-9999.0,"gps","Loxodonta africana","Etosha1","Etosha1","African elephant - Namibia (Kilian)"
20661312745,true,2013-08-19 02:13:00.000,16.71908,-18.97727,"Halali-Agab",-9999.0,"gps","Loxodonta africana","Etosha1","Etosha1","African elephant - Namibia (Kilian)"
20661312758,true,2013-08-19 02:43:00.000,16.71902,-18.97738,"Halali-Agab",-9999.0,"gps","Loxodonta africana","Etosha1","Etosha1","African elephant - Namibia (Kilian)"
20661312771,true,2013-08-19 03:15:00.000,16.71887,-18.97785,"Halali-Agab",-9999.0,"gps","Loxodonta africana","Etosha1","Etosha1","African elephant - Namibia (Kilian)"
20661312784,true,2013-08-19 03:44:00.000,16.71858,-18.97817,"Halali-Agab",-9999.0,"gps","Loxodonta africana","Etosha1","Etosha1","African elephant - Namibia (Kilian)"
20661312805,true,2013-08-19 04:44:00.000,16.71848,-18.97915,"Halali-Agab",-9999.0,"gps","Loxodonta africana","Etosha1","Etosha1","African elephant - Namibia (Kilian)"
20661312817,true,2013-08-19 05:13:00.000,16.7192,-18.97973,"Halali-Agab",-9999.0,"gps","Loxodonta africana","Etosha1","Etosha1","African elephant - Namibia (Kilian)"
20661312829,true,2013-08-19 05:44:00.000,16.71995,-18.97975,"Halali-Agab",-9999.0,"gps","Loxodonta africana","Etosha1","Etosha1","African elephant - Namibia (Kilian)"
20661312841,true,2013-08-19 06:14:00.000,16.72002,-18.97975,"Halali-Agab",-9999.0,"gps","Loxodonta africana","Etosha1","Etosha1","African elephant - Namibia (Kilian)"
20661312854,true,2013-08-19 06:44:00.000,16.71997,-18.97973,"Halali-Agab",-9999.0,"gps","Loxodonta africana","Etosha1","Etosha1","African elephant - Namibia (Kilian)"
20661312865,true,2013-08-19 07:13:00.000,16.71988,-18.9798,"Halali-Agab",-9999.0,"gps","Loxodonta africana","Etosha1","Etosha1","African elephant - Namibia (Kilian)"
20661312879,true,2013-08-19 07:44:00.000,16.71885,-18.9804,"Halali-Agab",-9999.0,"gps","Loxodonta africana","Etosha1","Etosha1","African elephant - Namibia (Kilian)"
20661312888,true,2013-08-19 08:13:00.000,16.71862,-18.98092,"Halali-Agab",-9999.0,"gps","Loxodonta africana","Etosha1","Etosha1","African elephant - Namibia (Kilian)"
20661312901,true,2013-08-19 08:44:00.000,16.71833,-18.98113,"Halali-Agab",-9999.0,"gps","Loxodonta africana","Etosha1","Etosha1","African elephant - Namibia (Kilian)"
20661312912,true,2013-08-19 09:14:00.000,16.71798,-18.9808,"Halali-Agab",-9999.0,"gps","Loxodonta africana","Etosha1","Etosha1","African elephant - Namibia (Kilian)"
20661312925,true,2013-08-19 09:43:00.000,16.71767,-18.98063,"Halali-Agab",-9999.0,"gps","Loxodonta africana","Etosha1","Etosha1","African elephant - Namibia (Kilian)"
20661312936,true,2013-08-19 10:13:00.000,16.71743,-18.98097,"Halali-Agab",-9999.0,"gps","Loxodonta africana","Etosha1","Etosha1","African elephant - Namibia (Kilian)"
20661312951,true,2013-08-19 10:44:00.000,16.71777,-18.98052,"Halali-Agab",-9999.0,"gps","Loxodonta africana","Etosha1","Etosha1","African elephant - Namibia (Kilian)"
20661312963,true,2013-08-19 11:14:00.000,16.71778,-18.98052,"Halali-Agab",-9999.0,"gps","Loxodonta africana","Etosha1","Etosha1","African elephant - Namibia (Kilian)"
20661312978,true,2013-08-19 11:44:00.000,16.71765,-18.98053,"Halali-Agab",-9999.0,"gps","Loxodonta africana","Etosha1","Etosha1","African elephant - Namibia (Kilian)"
20661312991,true,2013-08-19 12:15:00.000,16.71772,-18.98053,"Halali-Agab",-9999.0,"gps","Loxodonta africana","Etosha1","Etosha1","African elephant - Namibia (Kilian)"
20661313006,true,2013-08-19 12:43:00.000,16.71773,-18.98055,"Halali-Agab",-9999.0,"gps","Loxodonta africana","Etosha1","Etosha1","African elephant - Namibia (Kilian)"
20661313018,true,2013-08-19 13:14:00.000,16.71762,-18.9801,"Halali-Agab",-9999.0,"gps","Loxodonta africana","Etosha1","Etosha1","African elephant - Namibia (Kilian)"
20661313034,true,2013-08-19 13:44:00.000,16.7176,-18.97997,"Halali-Agab",-9999.0,"gps","Loxodonta africana","Etosha1","Etosha1","African elephant - Namibia (Kilian)"
20661313045,true,2013-08-19 14:13:00.000,16.71767,-18.97895,"Halali-Agab",-9999.0,"gps","Loxodonta africana","Etosha1","Etosha1","African elephant - Namibia (Kilian)"
20661313062,true,2013-08-19 14:44:00.000,16.71898,-18.97723,"Halali-Agab",-9999.0,"gps","Loxodonta africana","Etosha1","Etosha1","African elephant - Namibia (Kilian)"
20661313074,true,2013-08-19 15:14:00.000,16.719,-18.97723,"Halali-Agab",-9999.0,"gps","Loxodonta africana","Etosha1","Etosha1","African elephant - Namibia (Kilian)"
20661313089,true,2013-08-19 15:44:00.000,16.71908,-18.97728,"Halali-Agab",-9999.0,"gps","Loxodonta africana","Etosha1","Etosha1","African elephant - Namibia (Kilian)"
20661313101,true,2013-08-19 16:14:00.000,16.71848,-18.97678,"Halali-Agab",-9999.0,"gps","Loxodonta africana","Etosha1","Etosha1","African elephant - Namibia (Kilian)"
20661313116,true,2013-08-19 16:44:00.000,16.71865,-18.97448,"Halali-Agab",-9999.0,"gps","Loxodonta africana","Etosha1","Etosha1","African elephant - Namibia (Kilian)"
20661313129,true,2013-08-19 17:14:00.000,16.71912,-18.9723,"Halali-Agab",-9999.0,"gps","Loxodonta africana","Etosha1","Etosha1","African elephant - Namibia (Kilian)"
20661313144,true,2013-08-19 17:43:00.000,16.71817,-18.9666,"Halali-Agab",-9999.0,"gps","Loxodonta africana","Etosha1","Etosha1","African elephant - Namibia (Kilian)"
20661313157,true,2013-08-19 18:14:00.000,16.71518,-18.95978,"Halali-Agab",-9999.0,"gps","Loxodonta africana","Etosha1","Etosha1","African elephant - Namibia (Kilian)"
20661313172,true,2013-08-19 18:44:00.000,16.71258,-18.95818,"Halali-Agab",-9999.0,"gps","Loxodonta africana","Etosha1","Etosha1","African elephant - Namibia (Kilian)"
20661313185,true,2013-08-19 19:14:00.000,16.70968,-18.95132,"Halali-Agab",-9999.0,"gps","Loxodonta africana","Etosha1","Etosha1","African elephant - Namibia (Kilian)"
20661313200,true,2013-08-19 19:44:00.000,16.70553,-18.94762,"Halali-Agab",-9999.0,"gps","Loxodonta africana","Etosha1","Etosha1","African elephant - Namibia (Kilian)"
20661313213,true,2013-08-19 20:13:00.000,16.70235,-18.94357,"Halali-Agab",-9999.0,"gps","Loxodonta africana","Etosha1","Etosha1","African elephant - Namibia (Kilian)"
20661313227,true,2013-08-19 20:43:00.000,16.70637,-18.94285,"Halali-Agab",-9999.0,"gps","Loxodonta africana","Etosha1","Etosha1","African elephant - Namibia (Kilian)"
20661313241,true,2013-08-19 21:14:00.000,16.7094,-18.94113,"Halali-Agab",-9999.0,"gps","Loxodonta africana","Etosha1","Etosha1","African elephant - Namibia (Kilian)"
20661313256,true,2013-08-19 21:43:00.000,16.7127,-18.93885,"Halali-Agab",-9999.0,"gps","Loxodonta africana","Etosha1","Etosha1","African elephant - Namibia (Kilian)"
20661313269,true,2013-08-19 22:14:00.000,16.71613,-18.93763,"Halali-Agab",-9999.0,"gps","Loxodonta africana","Etosha1","Etosha1","African elephant - Namibia (Kilian)"
20661313284,true,2013-08-19 22:44:00.000,16.7202,-18.93703,"Halali-Agab",-9999.0,"gps","Loxodonta africana","Etosha1","Etosha1","African elephant - Namibia (Kilian)"
20661313297,true,2013-08-19 23:14:00.000,16.72545,-18.93622,"Halali-Agab",-9999.0,"gps","Loxodonta africana","Etosha1","Etosha1","African elephant - Namibia (Kilian)"
20661313312,true,2013-08-19 23:44:00.000,16.73043,-18.93552,"Halali-Agab",-9999.0,"gps","Loxodonta africana","Etosha1","Etosha1","African elephant - Namibia (Kilian)"
20661313325,true,2013-08-20 00:14:00.000,16.73338,-18.9357,"Halali-Agab",-9999.0,"gps","Loxodonta africana","Etosha1","Etosha1","African elephant - Namibia (Kilian)"
20661313340,true,2013-08-20 00:45:00.000,16.73625,-18.93342,"Halali-Agab",-9999.0,"gps","Loxodonta africana","Etosha1","Etosha1","African elephant - Namibia (Kilian)"
20661313353,true,2013-08-20 01:14:00.000,16.73822,-18.93112,"Halali-Agab",-9999.0,"gps","Loxodonta africana","Etosha1","Etosha1","African elephant - Namibia (Kilian)"
20661313368,true,2013-08-20 01:44:00.000,16.74207,-18.93043,"Halali-Agab",-9999.0,"gps","Loxodonta africana","Etosha1","Etosha1","African elephant - Namibia (Kilian)"
20661313381,true,2013-08-20 02:14:00.000,16.74252,-18.93297,"Halali-Agab",-9999.0,"gps","Loxodonta africana","Etosha1","Etosha1","African elephant - Namibia (Kilian)"
20661313395,true,2013-08-20 02:44:00.000,16.74745,-18.93195,"Halali-Agab",-9999.0,"gps","Loxodonta africana","Etosha1","Etosha1","African elephant - Namibia (Kilian)"
20661313406,true,2013-08-20 03:14:00.000,16.75195,-18.92867,"Halali-Agab",-9999.0,"gps","Loxodonta africana","Etosha1","Etosha1","African elephant - Namibia (Kilian)"
20661313421,true,2013-08-20 03:44:00.000,16.7519,-18.92838,"Halali-Agab",-9999.0,"gps","Loxodonta africana","Etosha1","Etosha1","African elephant - Namibia (Kilian)"
20661313433,true,2013-08-20 04:14:00.000,16.75227,-18.92657,"Halali-Agab",-9999.0,"gps","Loxodonta africana","Etosha1","Etosha1","African elephant - Namibia (Kilian)"
20661313444,true,2013-08-20 04:44:00.000,16.75497,-18.92338,"Halali-Agab",-9999.0,"gps","Loxodonta africana","Etosha1","Etosha1","African elephant - Namibia (Kilian)"
20661313456,true,2013-08-20 05:13:00.000,16.75557,-18.9232,"Halali-Agab",-9999.0,"gps","Loxodonta africana","Etosha1","Etosha1","African elephant - Namibia (Kilian)"
20661313470,true,2013-08-20 05:44:00.000,16.75565,-18.92308,"Halali-Agab",-9999.0,"gps","Loxodonta africana","Etosha1","Etosha1","African elephant - Namibia (Kilian)"
20661313482,true,2013-08-20 06:14:00.000,16.75575,-18.92297,"Halali-Agab",-9999.0,"gps","Loxodonta africana","Etosha1","Etosha1","African elephant - Namibia (Kilian)"
20661313496,true,2013-08-20 06:44:00.000,16.75625,-18.92083,"Halali-Agab",-9999.0,"gps","Loxodonta africana","Etosha1","Etosha1","African elephant - Namibia (Kilian)"
20661313507,true,2013-08-20 07:14:00.000,16.75572,-18.9192,"Halali-Agab",-9999.0,"gps","Loxodonta africana","Etosha1","Etosha1","African elephant - Namibia (Kilian)"
20661313523,true,2013-08-20 07:44:00.000,16.7549,-18.91867,"Halali-Agab",-9999.0,"gps","Loxodonta africana","Etosha1","Etosha1","African elephant - Namibia (Kilian)"
20661313535,true,2013-08-20 08:13:00.000,16.7543,-18.91823,"Halali-Agab",-9999.0,"gps","Loxodonta africana","Etosha1","Etosha1","African elephant - Namibia (Kilian)"
20661313551,true,2013-08-20 08:44:00.000,16.75305,-18.91747,"Halali-Agab",-9999.0,"gps","Loxodonta africana","Etosha1","Etosha1","African elephant - Namibia (Kilian)"
20661313563,true,2013-08-20 09:14:00.000,16.75222,-18.91787,"Halali-Agab",-9999.0,"gps","Loxodonta africana","Etosha1","Etosha1","African elephant - Namibia (Kilian)"
20661313579,true,2013-08-20 09:44:00.000,16.75223,-18.91803,"Halali-Agab",-9999.0,"gps","Loxodonta africana","Etosha1","Etosha1","African elephant - Namibia (Kilian)"
20661313591,true,2013-08-20 10:14:00.000,16.75245,-18.91775,"Halali-Agab",-9999.0,"gps","Loxodonta africana","Etosha1","Etosha1","African elephant - Namibia (Kilian)"
20661313607,true,2013-08-20 10:44:00.000,16.7521,-18.91792,"Halali-Agab",-9999.0,"gps","Loxodonta africana","Etosha1","Etosha1","African elephant - Namibia (Kilian)"
20661313619,true,2013-08-20 11:13:00.000,16.7522,-18.91787,"Halali-Agab",-9999.0,"gps","Loxodonta africana","Etosha1","Etosha1","African elephant - Namibia (Kilian)"
20661313635,true,2013-08-20 11:45:00.000,16.7522,-18.91793,"Halali-Agab",-9999.0,"gps","Loxodonta africana","Etosha1","Etosha1","African elephant - Namibia (Kilian)"
20661313646,true,2013-08-20 12:14:00.000,16.7522,-18.91822,"Halali-Agab",-9999.0,"gps","Loxodonta africana","Etosha1","Etosha1","African elephant - Namibia (Kilian)"
20661313662,true,2013-08-20 12:44:00.000,16.75217,-18.91818,"Halali-Agab",-9999.0,"gps","Loxodonta africana","Etosha1","Etosha1","African elephant - Namibia (Kilian)"
20661313689,true,2013-08-20 13:44:00.000,16.75197,-18.918,"Halali-Agab",-9999.0,"gps","Loxodonta africana","Etosha1","Etosha1","African elephant - Namibia (Kilian)"
20661313701,true,2013-08-20 14:14:00.000,16.75128,-18.91833,"Halali-Agab",-9999.0,"gps","Loxodonta africana","Etosha1","Etosha1","African elephant - Namibia (Kilian)"
20661313716,true,2013-08-20 14:44:00.000,16.75128,-18.91838,"Halali-Agab",-9999.0,"gps","Loxodonta africana","Etosha1","Etosha1","African elephant - Namibia (Kilian)"
20661313728,true,2013-08-20 15:14:00.000,16.75122,-18.91835,"Halali-Agab",-9999.0,"gps","Loxodonta africana","Etosha1","Etosha1","African elephant - Namibia (Kilian)"
20661313744,true,2013-08-20 15:44:00.000,16.75123,-18.91832,"Halali-Agab",-9999.0,"gps","Loxodonta africana","Etosha1","Etosha1","African elephant - Namibia (Kilian)"
20661313756,true,2013-08-20 16:14:00.000,16.75077,-18.91765,"Halali-Agab",-9999.0,"gps","Loxodonta africana","Etosha1","Etosha1","African elephant - Namibia (Kilian)"
20661313772,true,2013-08-20 16:44:00.000,16.74917,-18.91652,"Halali-Agab",-9999.0,"gps","Loxodonta africana","Etosha1","Etosha1","African elephant - Namibia (Kilian)"
20661313784,true,2013-08-20 17:14:00.000,16.7482,-18.91585,"Halali-Agab",-9999.0,"gps","Loxodonta africana","Etosha1","Etosha1","African elephant - Namibia (Kilian)"
20661313800,true,2013-08-20 17:45:00.000,16.7477,-18.91428,"Halali-Agab",-9999.0,"gps","Loxodonta africana","Etosha1","Etosha1","African elephant - Namibia (Kilian)"
20661313812,true,2013-08-20 18:14:00.000,16.7469,-18.91343,"Halali-Agab",-9999.0,"gps","Loxodonta africana","Etosha1","Etosha1","African elephant - Namibia (Kilian)"
20661313825,true,2013-08-20 18:44:00.000,16.74653,-18.91297,"Halali-Agab",-9999.0,"gps","Loxodonta africana","Etosha1","Etosha1","African elephant - Namibia (Kilian)"
20661313834,true,2013-08-20 19:14:00.000,16.74922,-18.90835,"Halali-Agab",-9999.0,"gps","Loxodonta africana","Etosha1","Etosha1","African elephant - Namibia (Kilian)"
20661313848,true,2013-08-20 19:44:00.000,16.75757,-18.90313,"Halali-Agab",-9999.0,"gps","Loxodonta africana","Etosha1","Etosha1","African elephant - Namibia (Kilian)"
20661313858,true,2013-08-20 20:14:00.000,16.76805,-18.89762,"Halali-Agab",-9999.0,"gps","Loxodonta africana","Etosha1","Etosha1","African elephant - Namibia (Kilian)"
20661313872,true,2013-08-20 20:44:00.000,16.76975,-18.89737,"Halali-Agab",-9999.0,"gps","Loxodonta africana","Etosha1","Etosha1","African elephant - Namibia (Kilian)"
20661313881,true,2013-08-20 21:14:00.000,16.7662,-18.89597,"Halali-Agab",-9999.0,"gps","Loxodonta africana","Etosha1","Etosha1","African elephant - Namibia (Kilian)"
20661313895,true,2013-08-20 21:44:00.000,16.76152,-18.89635,"Halali-Agab",-9999.0,"gps","Loxodonta africana","Etosha1","Etosha1","African elephant - Namibia (Kilian)"
20661313906,true,2013-08-20 22:13:00.000,16.75757,-18.89783,"Halali-Agab",-9999.0,"gps","Loxodonta africana","Etosha1","Etosha1","African elephant - Namibia (Kilian)"
20661313921,true,2013-08-20 22:44:00.000,16.75695,-18.89887,"Halali-Agab",-9999.0,"gps","Loxodonta africana","Etosha1","Etosha1","African elephant - Namibia (Kilian)"
20661313931,true,2013-08-20 23:14:00.000,16.75593,-18.8994,"Halali-Agab",-9999.0,"gps","Loxodonta africana","Etosha1","Etosha1","African elephant - Namibia (Kilian)"
20661313945,true,2013-08-20 23:44:00.000,16.75362,-18.90005,"Halali-Agab",-9999.0,"gps","Loxodonta africana","Etosha1","Etosha1","African elephant - Namibia (Kilian)"
20661313955,true,2013-08-21 00:14:00.000,16.75175,-18.89957,"Halali-Agab",-9999.0,"gps","Loxodonta africana","Etosha1","Etosha1","African elephant - Namibia (Kilian)"
20661313969,true,2013-08-21 00:44:00.000,16.75023,-18.89937,"Halali-Agab",-9999.0,"gps","Loxodonta africana","Etosha1","Etosha1","African elephant - Namibia (Kilian)"
20661313993,true,2013-08-21 01:56:00.000,16.74605,-18.9027,"Halali-Agab",-9999.0,"gps","Loxodonta africana","Etosha1","Etosha1","African elephant - Namibia (Kilian)"
20661314007,true,2013-08-21 02:24:00.000,16.7472,-18.90475,"Halali-Agab",-9999.0,"gps","Loxodonta africana","Etosha1","Etosha1","African elephant - Namibia (Kilian)"
20661314019,true,2013-08-21 02:54:00.000,16.7474,-18.90425,"Halali-Agab",-9999.0,"gps","Loxodonta africana","Etosha1","Etosha1","African elephant - Namibia (Kilian)"
20661314078,true,2013-08-21 05:29:00.000,16.74755,-18.90433,"Halali-Agab",-9999.0,"gps","Loxodonta africana","Etosha1","Etosha1","African elephant - Namibia (Kilian)"
20661314088,true,2013-08-21 05:59:00.000,16.74755,-18.9043,"Halali-Agab",-9999.0,"gps","Loxodonta africana","Etosha1","Etosha1","African elephant - Namibia (Kilian)"
20661314101,true,2013-08-21 06:27:00.000,16.74927,-18.904,"Halali-Agab",-9999.0,"gps","Loxodonta africana","Etosha1","Etosha1","African elephant - Namibia (Kilian)"
20661314112,true,2013-08-21 06:57:00.000,16.75102,-18.9054,"Halali-Agab",-9999.0,"gps","Loxodonta africana","Etosha1","Etosha1","African elephant - Namibia (Kilian)"
20661314125,true,2013-08-21 07:27:00.000,16.7529,-18.90933,"Halali-Agab",-9999.0,"gps","Loxodonta africana","Etosha1","Etosha1","African elephant - Namibia (Kilian)"
20661314137,true,2013-08-21 07:58:00.000,16.75405,-18.91065,"Halali-Agab",-9999.0,"gps","Loxodonta africana","Etosha1","Etosha1","African elephant - Namibia (Kilian)"
20661314150,true,2013-08-21 08:27:00.000,16.75595,-18.9095,"Halali-Agab",-9999.0,"gps","Loxodonta africana","Etosha1","Etosha1","African elephant - Namibia (Kilian)"
20661314161,true,2013-08-21 08:57:00.000,16.75777,-18.90968,"Halali-Agab",-9999.0,"gps","Loxodonta africana","Etosha1","Etosha1","African elephant - Namibia (Kilian)"
20661314174,true,2013-08-21 09:28:00.000,16.75863,-18.90893,"Halali-Agab",-9999.0,"gps","Loxodonta africana","Etosha1","Etosha1","African elephant - Namibia (Kilian)"
20661314185,true,2013-08-21 09:59:00.000,16.75763,-18.90742,"Halali-Agab",-9999.0,"gps","Loxodonta africana","Etosha1","Etosha1","African elephant - Namibia (Kilian)"
20661314198,true,2013-08-21 10:27:00.000,16.75767,-18.90587,"Halali-Agab",-9999.0,"gps","Loxodonta africana","Etosha1","Etosha1","African elephant - Namibia (Kilian)"
20661314209,true,2013-08-21 10:57:00.000,16.7598,-18.90107,"Halali-Agab",-9999.0,"gps","Loxodonta africana","Etosha1","Etosha1","African elephant - Namibia (Kilian)"
20661314223,true,2013-08-21 11:28:00.000,16.7699,-18.89737,"Halali-Agab",-9999.0,"gps","Loxodonta africana","Etosha1","Etosha1","African elephant - Namibia (Kilian)"
20661314232,true,2013-08-21 11:57:00.000,16.76967,-18.89743,"Halali-Agab",-9999.0,"gps","Loxodonta africana","Etosha1","Etosha1","African elephant - Namibia (Kilian)"
20661314246,true,2013-08-21 12:28:00.000,16.7698,-18.89743,"Halali-Agab",-9999.0,"gps","Loxodonta africana","Etosha1","Etosha1","African elephant - Namibia (Kilian)"
20661314257,true,2013-08-21 12:58:00.000,16.76978,-18.89752,"Halali-Agab",-9999.0,"gps","Loxodonta africana","Etosha1","Etosha1","African elephant - Namibia (Kilian)"
20661314269,true,2013-08-21 13:27:00.000,16.77015,-18.89747,"Halali-Agab",-9999.0,"gps","Loxodonta africana","Etosha1","Etosha1","African elephant - Namibia (Kilian)"
20661314281,true,2013-08-21 13:57:00.000,16.76963,-18.89865,"Halali-Agab",-9999.0,"gps","Loxodonta africana","Etosha1","Etosha1","African elephant - Namibia (Kilian)"
20661314294,true,2013-08-21 14:28:00.000,16.7715,-18.89943,"Halali-Agab",-9999.0,"gps","Loxodonta africana","Etosha1","Etosha1","African elephant - Namibia (Kilian)"
20661314304,true,2013-08-21 14:57:00.000,16.77463,-18.90018,"Halali-Agab",-9999.0,"gps","Loxodonta africana","Etosha1","Etosha1","African elephant - Namibia (Kilian)"
20661314316,true,2013-08-21 15:27:00.000,16.77583,-18.9006,"Halali-Agab",-9999.0,"gps","Loxodonta africana","Etosha1","Etosha1","African elephant - Namibia (Kilian)"
20661314326,true,2013-08-21 15:57:00.000,16.77588,-18.90052,"Halali-Agab",-9999.0,"gps","Loxodonta africana","Etosha1","Etosha1","African elephant - Namibia (Kilian)"
20661314339,true,2013-08-21 16:28:00.000,16.77752,-18.90175,"Halali-Agab",-9999.0,"gps","Loxodonta africana","Etosha1","Etosha1","African elephant - Namibia (Kilian)"
20661314350,true,2013-08-21 16:57:00.000,16.77895,-18.90272,"Halali-Agab",-9999.0,"gps","Loxodonta africana","Etosha1","Etosha1","African elephant - Namibia (Kilian)"
20661314362,true,2013-08-21 17:27:00.000,16.78057,-18.90332,"Halali-Agab",-9999.0,"gps","Loxodonta africana","Etosha1","Etosha1","African elephant - Namibia (Kilian)"
20661314373,true,2013-08-21 17:57:00.000,16.78412,-18.90522,"Halali-Agab",-9999.0,"gps","Loxodonta africana","Etosha1","Etosha1","African elephant - Namibia (Kilian)"
20661314388,true,2013-08-21 18:27:00.000,16.787,-18.90502,"Halali-Agab",-9999.0,"gps","Loxodonta africana","Etosha1","Etosha1","African elephant - Namibia (Kilian)"
20661314400,true,2013-08-21 18:57:00.000,16.78767,-18.90478,"Halali-Agab",-9999.0,"gps","Loxodonta africana","Etosha1","Etosha1","African elephant - Namibia (Kilian)"
20661314413,true,2013-08-21 19:27:00.000,16.78938,-18.90425,"Halali-Agab",-9999.0,"gps","Loxodonta africana","Etosha1","Etosha1","African elephant - Namibia (Kilian)"
20661314424,true,2013-08-21 19:58:00.000,16.79092,-18.90412,"Halali-Agab",-9999.0,"gps","Loxodonta africana","Etosha1","Etosha1","African elephant - Namibia (Kilian)"
20661314437,true,2013-08-21 20:27:00.000,16.79128,-18.90305,"Halali-Agab",-9999.0,"gps","Loxodonta africana","Etosha1","Etosha1","African elephant - Namibia (Kilian)"
20661314447,true,2013-08-21 20:57:00.000,16.79182,-18.90315,"Halali-Agab",-9999.0,"gps","Loxodonta africana","Etosha1","Etosha1","African elephant - Namibia (Kilian)"
20661314462,true,2013-08-21 21:27:00.000,16.79345,-18.90422,"Halali-Agab",-9999.0,"gps","Loxodonta africana","Etosha1","Etosha1","African elephant - Namibia (Kilian)"
20661314473,true,2013-08-21 21:57:00.000,16.7919,-18.90675,"Halali-Agab",-9999.0,"gps","Loxodonta africana","Etosha1","Etosha1","African elephant - Namibia (Kilian)"
20661314486,true,2013-08-21 22:27:00.000,16.79252,-18.90763,"Halali-Agab",-9999.0,"gps","Loxodonta africana","Etosha1","Etosha1","African elephant - Namibia (Kilian)"
20661314496,true,2013-08-21 22:57:00.000,16.79058,-18.91098,"Halali-Agab",-9999.0,"gps","Loxodonta africana","Etosha1","Etosha1","African elephant - Namibia (Kilian)"
20661314510,true,2013-08-21 23:27:00.000,16.78972,-18.91635,"Halali-Agab",-9999.0,"gps","Loxodonta africana","Etosha1","Etosha1","African elephant - Namibia (Kilian)"
20661314520,true,2013-08-21 23:57:00.000,16.78993,-18.91845,"Halali-Agab",-9999.0,"gps","Loxodonta africana","Etosha1","Etosha1","African elephant - Namibia (Kilian)"
20661314540,true,2013-08-22 00:40:00.000,16.78643,-18.91972,"Halali-Agab",-9999.0,"gps","Loxodonta africana","Etosha1","Etosha1","African elephant - Namibia (Kilian)"
20661314551,true,2013-08-22 01:11:00.000,16.78557,-18.91958,"Halali-Agab",-9999.0,"gps","Loxodonta africana","Etosha1","Etosha1","African elephant - Namibia (Kilian)"
20661314562,true,2013-08-22 01:39:00.000,16.78492,-18.91947,"Halali-Agab",-9999.0,"gps","Loxodonta africana","Etosha1","Etosha1","African elephant - Namibia (Kilian)"
20661314575,true,2013-08-22 02:10:00.000,16.78392,-18.91977,"Halali-Agab",-9999.0,"gps","Loxodonta africana","Etosha1","Etosha1","African elephant - Namibia (Kilian)"
20661314585,true,2013-08-22 02:39:00.000,16.78353,-18.92018,"Halali-Agab",-9999.0,"gps","Loxodonta africana","Etosha1","Etosha1","African elephant - Namibia (Kilian)"
20661314600,true,2013-08-22 03:10:00.000,16.7832,-18.92032,"Halali-Agab",-9999.0,"gps","Loxodonta africana","Etosha1","Etosha1","African elephant - Namibia (Kilian)"
20661314621,true,2013-08-22 04:12:00.000,16.78328,-18.92043,"Halali-Agab",-9999.0,"gps","Loxodonta africana","Etosha1","Etosha1","African elephant - Namibia (Kilian)"
20661314633,true,2013-08-22 04:40:00.000,16.78328,-18.92027,"Halali-Agab",-9999.0,"gps","Loxodonta africana","Etosha1","Etosha1","African elephant - Namibia (Kilian)"
20661314644,true,2013-08-22 05:10:00.000,16.78323,-18.92033,"Halali-Agab",-9999.0,"gps","Loxodonta africana","Etosha1","Etosha1","African elephant - Namibia (Kilian)"
20661314657,true,2013-08-22 05:40:00.000,16.78327,-18.92032,"Halali-Agab",-9999.0,"gps","Loxodonta africana","Etosha1","Etosha1","African elephant - Namibia (Kilian)"
20661314668,true,2013-08-22 06:10:00.000,16.78332,-18.92028,"Halali-Agab",-9999.0,"gps","Loxodonta africana","Etosha1","Etosha1","African elephant - Namibia (Kilian)"
20661314681,true,2013-08-22 06:40:00.000,16.78262,-18.9212,"Halali-Agab",-9999.0,"gps","Loxodonta africana","Etosha1","Etosha1","African elephant - Namibia (Kilian)"
20661314694,true,2013-08-22 07:10:00.000,16.78238,-18.9238,"Halali-Agab",-9999.0,"gps","Loxodonta africana","Etosha1","Etosha1","African elephant - Namibia (Kilian)"
20661314706,true,2013-08-22 07:40:00.000,16.78485,-18.92658,"Halali-Agab",-9999.0,"gps","Loxodonta africana","Etosha1","Etosha1","African elephant - Namibia (Kilian)"
20661314717,true,2013-08-22 08:10:00.000,16.7835,-18.92813,"Halali-Agab",-9999.0,"gps","Loxodonta africana","Etosha1","Etosha1","African elephant - Namibia (Kilian)"
20661314728,true,2013-08-22 08:39:00.000,16.78107,-18.92848,"Halali-Agab",-9999.0,"gps","Loxodonta africana","Etosha1","Etosha1","African elephant - Namibia (Kilian)"
20661314758,true,2013-08-22 09:58:00.000,16.7811,-18.92772,"Halali-Agab",-9999.0,"gps","Loxodonta africana","Etosha1","Etosha1","African elephant - Namibia (Kilian)"
20661314769,true,2013-08-22 10:26:00.000,16.78102,-18.92768,"Halali-Agab",-9999.0,"gps","Loxodonta africana","Etosha1","Etosha1","African elephant - Namibia (Kilian)"
20661314781,true,2013-08-22 10:57:00.000,16.78118,-18.92778,"Halali-Agab",-9999.0,"gps","Loxodonta africana","Etosha1","Etosha1","African elephant - Namibia (Kilian)"
20661314795,true,2013-08-22 11:26:00.000,16.78112,-18.92752,"Halali-Agab",-9999.0,"gps","Loxodonta africana","Etosha1","Etosha1","African elephant - Namibia (Kilian)"
20661314823,true,2013-08-22 12:42:00.000,16.78098,-18.92802,"Halali-Agab",-9999.0,"gps","Loxodonta africana","Etosha1","Etosha1","African elephant - Namibia (Kilian)"
20661314833,true,2013-08-22 13:12:00.000,16.78102,-18.92815,"Halali-Agab",-9999.0,"gps","Loxodonta africana","Etosha1","Etosha1","African elephant - Namibia (Kilian)"
20661314847,true,2013-08-22 13:42:00.000,16.78102,-18.92802,"Halali-Agab",-9999.0,"gps","Loxodonta africana","Etosha1","Etosha1","African elephant - Namibia (Kilian)"
20661314855,true,2013-08-22 14:11:00.000,16.7812,-18.92787,"Halali-Agab",-9999.0,"gps","Loxodonta africana","Etosha1","Etosha1","African elephant - Namibia (Kilian)"
20661314870,true,2013-08-22 14:41:00.000,16.7827,-18.92643,"Halali-Agab",-9999.0,"gps","Loxodonta africana","Etosha1","Etosha1","African elephant - Namibia (Kilian)"
20661314880,true,2013-08-22 15:12:00.000,16.78263,-18.92647,"Halali-Agab",-9999.0,"gps","Loxodonta africana","Etosha1","Etosha1","African elephant - Namibia (Kilian)"
20661314898,true,2013-08-22 16:04:00.000,16.78688,-18.92633,"Halali-Agab",-9999.0,"gps","Loxodonta africana","Etosha1","Etosha1","African elephant - Namibia (Kilian)"
20661314908,true,2013-08-22 16:33:00.000,16.79067,-18.92533,"Halali-Agab",-9999.0,"gps","Loxodonta africana","Etosha1","Etosha1","African elephant - Namibia (Kilian)"
20661314921,true,2013-08-22 17:03:00.000,16.79503,-18.92103,"Halali-Agab",-9999.0,"gps","Loxodonta africana","Etosha1","Etosha1","African elephant - Namibia (Kilian)"
20661314931,true,2013-08-22 17:33:00.000,16.80102,-18.91218,"Halali-Agab",-9999.0,"gps","Loxodonta africana","Etosha1","Etosha1","African elephant - Namibia (Kilian)"
20661314944,true,2013-08-22 18:02:00.000,16.81047,-18.90378,"Halali-Agab",-9999.0,"gps","Loxodonta africana","Etosha1","Etosha1","African elephant - Namibia (Kilian)"
20661314955,true,2013-08-22 18:32:00.000,16.8218,-18.89885,"Halali-Agab",-9999.0,"gps","Loxodonta africana","Etosha1","Etosha1","African elephant - Namibia (Kilian)"
20661314970,true,2013-08-22 19:02:00.000,16.8264,-18.89683,"Halali-Agab",-9999.0,"gps","Loxodonta africana","Etosha1","Etosha1","African elephant - Namibia (Kilian)"
20661314981,true,2013-08-22 19:33:00.000,16.82622,-18.89782,"Halali-Agab",-9999.0,"gps","Loxodonta africana","Etosha1","Etosha1","African elephant - Namibia (Kilian)"
20661314994,true,2013-08-22 20:03:00.000,16.8225,-18.90223,"Halali-Agab",-9999.0,"gps","Loxodonta africana","Etosha1","Etosha1","African elephant - Namibia (Kilian)"
20661315005,true,2013-08-22 20:33:00.000,16.81682,-18.90757,"Halali-Agab",-9999.0,"gps","Loxodonta africana","Etosha1","Etosha1","African elephant - Namibia (Kilian)"
20661315018,true,2013-08-22 21:02:00.000,16.808,-18.91163,"Halali-Agab",-9999.0,"gps","Loxodonta africana","Etosha1","Etosha1","African elephant - Namibia (Kilian)"
20661315029,true,2013-08-22 21:33:00.000,16.79897,-18.91952,"Halali-Agab",-9999.0,"gps","Loxodonta africana","Etosha1","Etosha1","African elephant - Namibia (Kilian)"
20661315042,true,2013-08-22 22:03:00.000,16.7981,-18.92037,"Halali-Agab",-9999.0,"gps","Loxodonta africana","Etosha1","Etosha1","African elephant - Namibia (Kilian)"
20661315053,true,2013-08-22 22:32:00.000,16.79768,-18.92043,"Halali-Agab",-9999.0,"gps","Loxodonta africana","Etosha1","Etosha1","African elephant - Namibia (Kilian)"
20661315068,true,2013-08-22 23:02:00.000,16.7973,-18.92097,"Halali-Agab",-9999.0,"gps","Loxodonta africana","Etosha1","Etosha1","African elephant - Namibia (Kilian)"
20661315079,true,2013-08-22 23:32:00.000,16.79518,-18.9227,"Halali-Agab",-9999.0,"gps","Loxodonta africana","Etosha1","Etosha1","African elephant - Namibia (Kilian)"
20661315092,true,2013-08-23 00:03:00.000,16.79278,-18.92713,"Halali-Agab",-9999.0,"gps","Loxodonta africana","Etosha1","Etosha1","African elephant - Namibia (Kilian)"
20661315103,true,2013-08-23 00:32:00.000,16.79313,-18.92797,"Halali-Agab",-9999.0,"gps","Loxodonta africana","Etosha1","Etosha1","African elephant - Namibia (Kilian)"
20661315116,true,2013-08-23 01:03:00.000,16.79367,-18.92852,"Halali-Agab",-9999.0,"gps","Loxodonta africana","Etosha1","Etosha1","African elephant - Namibia (Kilian)"
20661315127,true,2013-08-23 01:33:00.000,16.79145,-18.92965,"Halali-Agab",-9999.0,"gps","Loxodonta africana","Etosha1","Etosha1","African elephant - Namibia (Kilian)"
20661315139,true,2013-08-23 02:03:00.000,16.78755,-18.92928,"Halali-Agab",-9999.0,"gps","Loxodonta africana","Etosha1","Etosha1","African elephant - Namibia (Kilian)"
20661315150,true,2013-08-23 02:33:00.000,16.78533,-18.93008,"Halali-Agab",-9999.0,"gps","Loxodonta africana","Etosha1","Etosha1","African elephant - Namibia (Kilian)"
20661315165,true,2013-08-23 03:03:00.000,16.78268,-18.93173,"Halali-Agab",-9999.0,"gps","Loxodonta africana","Etosha1","Etosha1","African elephant - Namibia (Kilian)"
20661315175,true,2013-08-23 03:32:00.000,16.78227,-18.93197,"Halali-Agab",-9999.0,"gps","Loxodonta africana","Etosha1","Etosha1","African elephant - Namibia (Kilian)"
20661315186,true,2013-08-23 04:03:00.000,16.78152,-18.93253,"Halali-Agab",-9999.0,"gps","Loxodonta africana","Etosha1","Etosha1","African elephant - Namibia (Kilian)"
20661315196,true,2013-08-23 04:33:00.000,16.78172,-18.93298,"Halali-Agab",-9999.0,"gps","Loxodonta africana","Etosha1","Etosha1","African elephant - Namibia (Kilian)"
20661315209,true,2013-08-23 05:03:00.000,16.78145,-18.93268,"Halali-Agab",-9999.0,"gps","Loxodonta africana","Etosha1","Etosha1","African elephant - Namibia (Kilian)"
20661315220,true,2013-08-23 05:32:00.000,16.78107,-18.93267,"Halali-Agab",-9999.0,"gps","Loxodonta africana","Etosha1","Etosha1","African elephant - Namibia (Kilian)"
20661315233,true,2013-08-23 06:02:00.000,16.78047,-18.93282,"Halali-Agab",-9999.0,"gps","Loxodonta africana","Etosha1","Etosha1","African elephant - Namibia (Kilian)"
20661315242,true,2013-08-23 06:32:00.000,16.7795,-18.93333,"Halali-Agab",-9999.0,"gps","Loxodonta africana","Etosha1","Etosha1","African elephant - Namibia (Kilian)"
20661315256,true,2013-08-23 07:03:00.000,16.77745,-18.93357,"Halali-Agab",-9999.0,"gps","Loxodonta africana","Etosha1","Etosha1","African elephant - Namibia (Kilian)"
20661315266,true,2013-08-23 07:33:00.000,16.77685,-18.93447,"Halali-Agab",-9999.0,"gps","Loxodonta africana","Etosha1","Etosha1","African elephant - Namibia (Kilian)"
20661315278,true,2013-08-23 08:03:00.000,16.7754,-18.93335,"Halali-Agab",-9999.0,"gps","Loxodonta africana","Etosha1","Etosha1","African elephant - Namibia (Kilian)"
20661315289,true,2013-08-23 08:32:00.000,16.77312,-18.93392,"Halali-Agab",-9999.0,"gps","Loxodonta africana","Etosha1","Etosha1","African elephant - Namibia (Kilian)"
20661315302,true,2013-08-23 09:02:00.000,16.7692,-18.93358,"Halali-Agab",-9999.0,"gps","Loxodonta africana","Etosha1","Etosha1","African elephant - Namibia (Kilian)"
20661315313,true,2013-08-23 09:33:00.000,16.76715,-18.93295,"Halali-Agab",-9999.0,"gps","Loxodonta africana","Etosha1","Etosha1","African elephant - Namibia (Kilian)"
20661315326,true,2013-08-23 10:03:00.000,16.76535,-18.93318,"Halali-Agab",-9999.0,"gps","Loxodonta africana","Etosha1","Etosha1","African elephant - Namibia (Kilian)"
20661315337,true,2013-08-23 10:33:00.000,16.7646,-18.93245,"Halali-Agab",-9999.0,"gps","Loxodonta africana","Etosha1","Etosha1","African elephant - Namibia (Kilian)"
20661315351,true,2013-08-23 11:04:00.000,16.76473,-18.93258,"Halali-Agab",-9999.0,"gps","Loxodonta africana","Etosha1","Etosha1","African elephant - Namibia (Kilian)"
20661315362,true,2013-08-23 11:33:00.000,16.7648,-18.9324,"Halali-Agab",-9999.0,"gps","Loxodonta africana","Etosha1","Etosha1","African elephant - Namibia (Kilian)"
20661315374,true,2013-08-23 12:02:00.000,16.76472,-18.93262,"Halali-Agab",-9999.0,"gps","Loxodonta africana","Etosha1","Etosha1","African elephant - Namibia (Kilian)"
20661315385,true,2013-08-23 12:34:00.000,16.76373,-18.93225,"Halali-Agab",-9999.0,"gps","Loxodonta africana","Etosha1","Etosha1","African elephant - Namibia (Kilian)"
20661315398,true,2013-08-23 13:03:00.000,16.76107,-18.93032,"Halali-Agab",-9999.0,"gps","Loxodonta africana","Etosha1","Etosha1","African elephant - Namibia (Kilian)"
20661315409,true,2013-08-23 13:33:00.000,16.761,-18.93023,"Halali-Agab",-9999.0,"gps","Loxodonta africana","Etosha1","Etosha1","African elephant - Namibia (Kilian)"
20661315421,true,2013-08-23 14:03:00.000,16.76075,-18.93,"Halali-Agab",-9999.0,"gps","Loxodonta africana","Etosha1","Etosha1","African elephant - Namibia (Kilian)"
20661315430,true,2013-08-23 14:32:00.000,16.75978,-18.93013,"Halali-Agab",-9999.0,"gps","Loxodonta africana","Etosha1","Etosha1","African elephant - Namibia (Kilian)"
20661315441,true,2013-08-23 15:02:00.000,16.75925,-18.93,"Halali-Agab",-9999.0,"gps","Loxodonta africana","Etosha1","Etosha1","African elephant - Namibia (Kilian)"
20661315449,true,2013-08-23 15:32:00.000,16.75683,-18.93027,"Halali-Agab",-9999.0,"gps","Loxodonta africana","Etosha1","Etosha1","African elephant - Namibia (Kilian)"
20661315462,true,2013-08-23 16:03:00.000,16.75512,-18.93023,"Halali-Agab",-9999.0,"gps","Loxodonta africana","Etosha1","Etosha1","African elephant - Namibia (Kilian)"
20661315472,true,2013-08-23 16:32:00.000,16.75508,-18.9301,"Halali-Agab",-9999.0,"gps","Loxodonta africana","Etosha1","Etosha1","African elephant - Namibia (Kilian)"
20661315484,true,2013-08-23 17:03:00.000,16.75093,-18.9275,"Halali-Agab",-9999.0,"gps","Loxodonta africana","Etosha1","Etosha1","African elephant - Namibia (Kilian)"
20661315493,true,2013-08-23 17:32:00.000,16.74283,-18.92472,"Halali-Agab",-9999.0,"gps","Loxodonta africana","Etosha1","Etosha1","African elephant - Namibia (Kilian)"
20661315504,true,2013-08-23 18:03:00.000,16.73813,-18.9259,"Halali-Agab",-9999.0,"gps","Loxodonta africana","Etosha1","Etosha1","African elephant - Namibia (Kilian)"
20661315514,true,2013-08-23 18:33:00.000,16.7374,-18.92752,"Halali-Agab",-9999.0,"gps","Loxodonta africana","Etosha1","Etosha1","African elephant - Namibia (Kilian)"
20661315528,true,2013-08-23 19:02:00.000,16.73695,-18.92905,"Halali-Agab",-9999.0,"gps","Loxodonta africana","Etosha1","Etosha1","African elephant - Namibia (Kilian)"
20661315539,true,2013-08-23 19:33:00.000,16.73645,-18.93005,"Halali-Agab",-9999.0,"gps","Loxodonta africana","Etosha1","Etosha1","African elephant - Namibia (Kilian)"
20661315552,true,2013-08-23 20:02:00.000,16.73623,-18.93032,"Halali-Agab",-9999.0,"gps","Loxodonta africana","Etosha1","Etosha1","African elephant - Namibia (Kilian)"
20661315562,true,2013-08-23 20:32:00.000,16.73625,-18.93145,"Halali-Agab",-9999.0,"gps","Loxodonta africana","Etosha1","Etosha1","African elephant - Namibia (Kilian)"
20661315575,true,2013-08-23 21:03:00.000,16.73453,-18.93087,"Halali-Agab",-9999.0,"gps","Loxodonta africana","Etosha1","Etosha1","African elephant - Namibia (Kilian)"
20661315586,true,2013-08-23 21:33:00.000,16.73368,-18.93012,"Halali-Agab",-9999.0,"gps","Loxodonta africana","Etosha1","Etosha1","African elephant - Namibia (Kilian)"
20661315599,true,2013-08-23 22:02:00.000,16.73258,-18.92875,"Halali-Agab",-9999.0,"gps","Loxodonta africana","Etosha1","Etosha1","African elephant - Namibia (Kilian)"
20661315610,true,2013-08-23 22:32:00.000,16.7331,-18.9276,"Halali-Agab",-9999.0,"gps","Loxodonta africana","Etosha1","Etosha1","African elephant - Namibia (Kilian)"
20661315624,true,2013-08-23 23:02:00.000,16.73333,-18.9257,"Halali-Agab",-9999.0,"gps","Loxodonta africana","Etosha1","Etosha1","African elephant - Namibia (Kilian)"
20661315636,true,2013-08-23 23:32:00.000,16.73387,-18.92318,"Halali-Agab",-9999.0,"gps","Loxodonta africana","Etosha1","Etosha1","African elephant - Namibia (Kilian)"
20661315649,true,2013-08-24 00:02:00.000,16.73443,-18.92147,"Halali-Agab",-9999.0,"gps","Loxodonta africana","Etosha1","Etosha1","African elephant - Namibia (Kilian)"
20661315660,true,2013-08-24 00:32:00.000,16.7335,-18.9198,"Halali-Agab",-9999.0,"gps","Loxodonta africana","Etosha1","Etosha1","African elephant - Namibia (Kilian)"
20661315673,true,2013-08-24 01:03:00.000,16.73622,-18.91927,"Halali-Agab",-9999.0,"gps","Loxodonta africana","Etosha1","Etosha1","African elephant - Namibia (Kilian)"
20661315684,true,2013-08-24 01:33:00.000,16.73767,-18.91867,"Halali-Agab",-9999.0,"gps","Loxodonta africana","Etosha1","Etosha1","African elephant - Namibia (Kilian)"
20661315697,true,2013-08-24 02:02:00.000,16.74073,-18.91827,"Halali-Agab",-9999.0,"gps","Loxodonta africana","Etosha1","Etosha1","African elephant - Namibia (Kilian)"
20661315708,true,2013-08-24 02:32:00.000,16.73988,-18.91832,"Halali-Agab",-9999.0,"gps","Loxodonta africana","Etosha1","Etosha1","African elephant - Namibia (Kilian)"
20661315721,true,2013-08-24 03:03:00.000,16.73985,-18.91827,"Halali-Agab",-9999.0,"gps","Loxodonta africana","Etosha1","Etosha1","African elephant - Namibia (Kilian)"
20661315733,true,2013-08-24 03:33:00.000,16.74145,-18.91862,"Halali-Agab",-9999.0,"gps","Loxodonta africana","Etosha1","Etosha1","African elephant - Namibia (Kilian)"
20661315745,true,2013-08-24 04:03:00.000,16.74335,-18.92268,"Halali-Agab",-9999.0,"gps","Loxodonta africana","Etosha1","Etosha1","African elephant - Namibia (Kilian)"
20661315755,true,2013-08-24 04:32:00.000,16.74657,-18.92483,"Halali-Agab",-9999.0,"gps","Loxodonta africana","Etosha1","Etosha1","African elephant - Namibia (Kilian)"
20661315768,true,2013-08-24 05:02:00.000,16.75067,-18.92283,"Halali-Agab",-9999.0,"gps","Loxodonta africana","Etosha1","Etosha1","African elephant - Namibia (Kilian)"
20661315779,true,2013-08-24 05:33:00.000,16.75218,-18.92358,"Halali-Agab",-9999.0,"gps","Loxodonta africana","Etosha1","Etosha1","African elephant - Namibia (Kilian)"
20661315792,true,2013-08-24 06:03:00.000,16.75263,-18.92398,"Halali-Agab",-9999.0,"gps","Loxodonta africana","Etosha1","Etosha1","African elephant - Namibia (Kilian)"
20661315802,true,2013-08-24 06:32:00.000,16.75255,-18.92378,"Halali-Agab",-9999.0,"gps","Loxodonta africana","Etosha1","Etosha1","African elephant - Namibia (Kilian)"
20661315816,true,2013-08-24 07:03:00.000,16.75272,-18.92362,"Halali-Agab",-9999.0,"gps","Loxodonta africana","Etosha1","Etosha1","African elephant - Namibia (Kilian)"
20661315828,true,2013-08-24 07:33:00.000,16.75272,-18.92352,"Halali-Agab",-9999.0,"gps","Loxodonta africana","Etosha1","Etosha1","African elephant - Namibia (Kilian)"
20661315841,true,2013-08-24 08:02:00.000,16.75375,-18.92028,"Halali-Agab",-9999.0,"gps","Loxodonta africana","Etosha1","Etosha1","African elephant - Namibia (Kilian)"
20661315852,true,2013-08-24 08:32:00.000,16.75358,-18.91848,"Halali-Agab",-9999.0,"gps","Loxodonta africana","Etosha1","Etosha1","African elephant - Namibia (Kilian)"
20661315865,true,2013-08-24 09:03:00.000,16.75248,-18.91632,"Halali-Agab",-9999.0,"gps","Loxodonta africana","Etosha1","Etosha1","African elephant - Namibia (Kilian)"
20661315876,true,2013-08-24 09:32:00.000,16.75143,-18.91415,"Halali-Agab",-9999.0,"gps","Loxodonta africana","Etosha1","Etosha1","African elephant - Namibia (Kilian)"
20661315888,true,2013-08-24 10:03:00.000,16.75085,-18.91352,"Halali-Agab",-9999.0,"gps","Loxodonta africana","Etosha1","Etosha1","African elephant - Namibia (Kilian)"
20661315898,true,2013-08-24 10:33:00.000,16.75117,-18.91317,"Halali-Agab",-9999.0,"gps","Loxodonta africana","Etosha1","Etosha1","African elephant - Namibia (Kilian)"
20661315911,true,2013-08-24 11:02:00.000,16.75143,-18.9127,"Halali-Agab",-9999.0,"gps","Loxodonta africana","Etosha1","Etosha1","African elephant - Namibia (Kilian)"
20661315923,true,2013-08-24 11:33:00.000,16.75253,-18.91082,"Halali-Agab",-9999.0,"gps","Loxodonta africana","Etosha1","Etosha1","African elephant - Namibia (Kilian)"
20661315936,true,2013-08-24 12:03:00.000,16.76128,-18.90482,"Halali-Agab",-9999.0,"gps","Loxodonta africana","Etosha1","Etosha1","African elephant - Namibia (Kilian)"
20661315945,true,2013-08-24 12:33:00.000,16.76972,-18.8974,"Halali-Agab",-9999.0,"gps","Loxodonta africana","Etosha1","Etosha1","African elephant - Namibia (Kilian)"
20661315959,true,2013-08-24 13:02:00.000,16.76975,-18.8974,"Halali-Agab",-9999.0,"gps","Loxodonta africana","Etosha1","Etosha1","African elephant - Namibia (Kilian)"
20661315968,true,2013-08-24 13:33:00.000,16.76973,-18.89742,"Halali-Agab",-9999.0,"gps","Loxodonta africana","Etosha1","Etosha1","African elephant - Namibia (Kilian)"
20661315982,true,2013-08-24 14:02:00.000,16.774,-18.89828,"Halali-Agab",-9999.0,"gps","Loxodonta africana","Etosha1","Etosha1","African elephant - Namibia (Kilian)"
20661315991,true,2013-08-24 14:33:00.000,16.77645,-18.89902,"Halali-Agab",-9999.0,"gps","Loxodonta africana","Etosha1","Etosha1","African elephant - Namibia (Kilian)"
20661316006,true,2013-08-24 15:03:00.000,16.77902,-18.90035,"Halali-Agab",-9999.0,"gps","Loxodonta africana","Etosha1","Etosha1","African elephant - Namibia (Kilian)"
20661316017,true,2013-08-24 15:32:00.000,16.77953,-18.90048,"Halali-Agab",-9999.0,"gps","Loxodonta africana","Etosha1","Etosha1","African elephant - Namibia (Kilian)"
20661316030,true,2013-08-24 16:03:00.000,16.78173,-18.90103,"Halali-Agab",-9999.0,"gps","Loxodonta africana","Etosha1","Etosha1","African elephant - Namibia (Kilian)"
20661316040,true,2013-08-24 16:32:00.000,16.78623,-18.90072,"Halali-Agab",-9999.0,"gps","Loxodonta africana","Etosha1","Etosha1","African elephant - Namibia (Kilian)"
20661316054,true,2013-08-24 17:02:00.000,16.79765,-18.90185,"Halali-Agab",-9999.0,"gps","Loxodonta africana","Etosha1","Etosha1","African elephant - Namibia (Kilian)"
20661316064,true,2013-08-24 17:33:00.000,16.8111,-18.90005,"Halali-Agab",-9999.0,"gps","Loxodonta africana","Etosha1","Etosha1","African elephant - Namibia (Kilian)"
20661316075,true,2013-08-24 18:03:00.000,16.8175,-18.90033,"Halali-Agab",-9999.0,"gps","Loxodonta africana","Etosha1","Etosha1","African elephant - Namibia (Kilian)"
20661316083,true,2013-08-24 18:32:00.000,16.82623,-18.89702,"Halali-Agab",-9999.0,"gps","Loxodonta africana","Etosha1","Etosha1","African elephant - Namibia (Kilian)"
20661316094,true,2013-08-24 19:02:00.000,16.82613,-18.89782,"Halali-Agab",-9999.0,"gps","Loxodonta africana","Etosha1","Etosha1","African elephant - Namibia (Kilian)"
20661316103,true,2013-08-24 19:32:00.000,16.82023,-18.91088,"Halali-Agab",-9999.0,"gps","Loxodonta africana","Etosha1","Etosha1","African elephant - Namibia (Kilian)"
20661316113,true,2013-08-24 20:03:00.000,16.81263,-18.92225,"Halali-Agab",-9999.0,"gps","Loxodonta africana","Etosha1","Etosha1","African elephant - Namibia (Kilian)"
20661316121,true,2013-08-24 20:33:00.000,16.80683,-18.9268,"Halali-Agab",-9999.0,"gps","Loxodonta africana","Etosha1","Etosha1","African elephant - Namibia (Kilian)"
20661316131,true,2013-08-24 21:03:00.000,16.80293,-18.92783,"Halali-Agab",-9999.0,"gps","Loxodonta africana","Etosha1","Etosha1","African elephant - Namibia (Kilian)"
20661316139,true,2013-08-24 21:32:00.000,16.80207,-18.9281,"Halali-Agab",-9999.0,"gps","Loxodonta africana","Etosha1","Etosha1","African elephant - Namibia (Kilian)"
20661316149,true,2013-08-24 22:03:00.000,16.8016,-18.92822,"Halali-Agab",-9999.0,"gps","Loxodonta africana","Etosha1","Etosha1","African elephant - Namibia (Kilian)"
20661316157,true,2013-08-24 22:32:00.000,16.7989,-18.93207,"Halali-Agab",-9999.0,"gps","Loxodonta africana","Etosha1","Etosha1","African elephant - Namibia (Kilian)"
20661316169,true,2013-08-24 23:03:00.000,16.79833,-18.93442,"Halali-Agab",-9999.0,"gps","Loxodonta africana","Etosha1","Etosha1","African elephant - Namibia (Kilian)"
20661316178,true,2013-08-24 23:32:00.000,16.7987,-18.9355,"Halali-Agab",-9999.0,"gps","Loxodonta africana","Etosha1","Etosha1","African elephant - Namibia (Kilian)"
20661316187,true,2013-08-25 00:03:00.000,16.79807,-18.93592,"Halali-Agab",-9999.0,"gps","Loxodonta africana","Etosha1","Etosha1","African elephant - Namibia (Kilian)"
20661316196,true,2013-08-25 00:32:00.000,16.79695,-18.93665,"Halali-Agab",-9999.0,"gps","Loxodonta africana","Etosha1","Etosha1","African elephant - Namibia (Kilian)"
20661316206,true,2013-08-25 01:02:00.000,16.79543,-18.93695,"Halali-Agab",-9999.0,"gps","Loxodonta africana","Etosha1","Etosha1","African elephant - Namibia (Kilian)"
20661316215,true,2013-08-25 01:33:00.000,16.79303,-18.93758,"Halali-Agab",-9999.0,"gps","Loxodonta africana","Etosha1","Etosha1","African elephant - Namibia (Kilian)"
20661316224,true,2013-08-25 02:02:00.000,16.79047,-18.938,"Halali-Agab",-9999.0,"gps","Loxodonta africana","Etosha1","Etosha1","African elephant - Namibia (Kilian)"
20661316233,true,2013-08-25 02:33:00.000,16.78898,-18.93835,"Halali-Agab",-9999.0,"gps","Loxodonta africana","Etosha1","Etosha1","African elephant - Namibia (Kilian)"
20661316243,true,2013-08-25 03:03:00.000,16.78875,-18.93843,"Halali-Agab",-9999.0,"gps","Loxodonta africana","Etosha1","Etosha1","African elephant - Namibia (Kilian)"
20661316254,true,2013-08-25 03:32:00.000,16.78892,-18.93838,"Halali-Agab",-9999.0,"gps","Loxodonta africana","Etosha1","Etosha1","African elephant - Namibia (Kilian)"
20661316270,true,2013-08-25 04:33:00.000,16.78878,-18.93845,"Halali-Agab",-9999.0,"gps","Loxodonta africana","Etosha1","Etosha1","African elephant - Namibia (Kilian)"
20661316279,true,2013-08-25 05:02:00.000,16.78882,-18.93843,"Halali-Agab",-9999.0,"gps","Loxodonta africana","Etosha1","Etosha1","African elephant - Namibia (Kilian)"
20661316287,true,2013-08-25 05:32:00.000,16.78893,-18.93923,"Halali-Agab",-9999.0,"gps","Loxodonta africana","Etosha1","Etosha1","African elephant - Namibia (Kilian)"
20661316296,true,2013-08-25 06:02:00.000,16.78905,-18.9396,"Halali-Agab",-9999.0,"gps","Loxodonta africana","Etosha1","Etosha1","African elephant - Namibia (Kilian)"
20661316305,true,2013-08-25 06:32:00.000,16.78802,-18.93983,"Halali-Agab",-9999.0,"gps","Loxodonta africana","Etosha1","Etosha1","African elephant - Namibia (Kilian)"
20661316315,true,2013-08-25 07:03:00.000,16.78635,-18.94087,"Halali-Agab",-9999.0,"gps","Loxodonta africana","Etosha1","Etosha1","African elephant - Namibia (Kilian)"
20661316325,true,2013-08-25 07:33:00.000,16.78625,-18.94073,"Halali-Agab",-9999.0,"gps","Loxodonta africana","Etosha1","Etosha1","African elephant - Namibia (Kilian)"
20661316334,true,2013-08-25 08:03:00.000,16.78587,-18.94062,"Halali-Agab",-9999.0,"gps","Loxodonta africana","Etosha1","Etosha1","African elephant - Namibia (Kilian)"
20661316343,true,2013-08-25 08:33:00.000,16.7856,-18.94027,"Halali-Agab",-9999.0,"gps","Loxodonta africana","Etosha1","Etosha1","African elephant - Namibia (Kilian)"
20661316352,true,2013-08-25 09:03:00.000,16.78555,-18.9402,"Halali-Agab",-9999.0,"gps","Loxodonta africana","Etosha1","Etosha1","African elephant - Namibia (Kilian)"
20661316364,true,2013-08-25 09:36:00.000,16.78548,-18.94007,"Halali-Agab",-9999.0,"gps","Loxodonta africana","Etosha1","Etosha1","African elephant - Namibia (Kilian)"
20661316370,true,2013-08-25 10:03:00.000,16.7855,-18.9402,"Halali-Agab",-9999.0,"gps","Loxodonta africana","Etosha1","Etosha1","African elephant - Namibia (Kilian)"
20661316379,true,2013-08-25 10:33:00.000,16.78552,-18.94022,"Halali-Agab",-9999.0,"gps","Loxodonta africana","Etosha1","Etosha1","African elephant - Namibia (Kilian)"
20661316389,true,2013-08-25 11:02:00.000,16.78545,-18.93995,"Halali-Agab",-9999.0,"gps","Loxodonta africana","Etosha1","Etosha1","African elephant - Namibia (Kilian)"
20661316401,true,2013-08-25 11:33:00.000,16.7848,-18.93893,"Halali-Agab",-9999.0,"gps","Loxodonta africana","Etosha1","Etosha1","African elephant - Namibia (Kilian)"
20661316414,true,2013-08-25 12:02:00.000,16.78493,-18.93843,"Halali-Agab",-9999.0,"gps","Loxodonta africana","Etosha1","Etosha1","African elephant - Namibia (Kilian)"
20661316425,true,2013-08-25 12:32:00.000,16.78482,-18.93825,"Halali-Agab",-9999.0,"gps","Loxodonta africana","Etosha1","Etosha1","African elephant - Namibia (Kilian)"
20661316438,true,2013-08-25 13:03:00.000,16.78493,-18.93828,"Halali-Agab",-9999.0,"gps","Loxodonta africana","Etosha1","Etosha1","African elephant - Namibia (Kilian)"
20661316448,true,2013-08-25 13:34:00.000,16.78482,-18.93825,"Halali-Agab",-9999.0,"gps","Loxodonta africana","Etosha1","Etosha1","African elephant - Namibia (Kilian)"
20661316461,true,2013-08-25 14:03:00.000,16.78493,-18.93818,"Halali-Agab",-9999.0,"gps","Loxodonta africana","Etosha1","Etosha1","African elephant - Namibia (Kilian)"
20661316472,true,2013-08-25 14:32:00.000,16.7849,-18.93827,"Halali-Agab",-9999.0,"gps","Loxodonta africana","Etosha1","Etosha1","African elephant - Namibia (Kilian)"
20661316486,true,2013-08-25 15:03:00.000,16.7851,-18.93707,"Halali-Agab",-9999.0,"gps","Loxodonta africana","Etosha1","Etosha1","African elephant - Namibia (Kilian)"
20661316498,true,2013-08-25 15:33:00.000,16.78652,-18.93688,"Halali-Agab",-9999.0,"gps","Loxodonta africana","Etosha1","Etosha1","African elephant - Namibia (Kilian)"
20661316527,true,2013-08-25 16:45:00.000,16.7927,-18.93257,"Halali-Agab",-9999.0,"gps","Loxodonta africana","Etosha1","Etosha1","African elephant - Namibia (Kilian)"
20661316537,true,2013-08-25 17:13:00.000,16.79507,-18.93328,"Halali-Agab",-9999.0,"gps","Loxodonta africana","Etosha1","Etosha1","African elephant - Namibia (Kilian)"
20661316560,true,2013-08-25 18:09:00.000,16.79698,-18.9318,"Halali-Agab",-9999.0,"gps","Loxodonta africana","Etosha1","Etosha1","African elephant - Namibia (Kilian)"
20661316601,true,2013-08-25 19:59:00.000,16.79567,-18.93187,"Halali-Agab",-9999.0,"gps","Loxodonta africana","Etosha1","Etosha1","African elephant - Namibia (Kilian)"
20661316614,true,2013-08-25 20:28:00.000,16.7954,-18.93192,"Halali-Agab",-9999.0,"gps","Loxodonta africana","Etosha1","Etosha1","African elephant - Namibia (Kilian)"
20661316624,true,2013-08-25 20:58:00.000,16.79485,-18.9326,"Halali-Agab",-9999.0,"gps","Loxodonta africana","Etosha1","Etosha1","African elephant - Namibia (Kilian)"
20661316638,true,2013-08-25 21:28:00.000,16.7956,-18.93335,"Halali-Agab",-9999.0,"gps","Loxodonta africana","Etosha1","Etosha1","African elephant - Namibia (Kilian)"
20661316648,true,2013-08-25 21:58:00.000,16.79518,-18.93403,"Halali-Agab",-9999.0,"gps","Loxodonta africana","Etosha1","Etosha1","African elephant - Namibia (Kilian)"
20661316662,true,2013-08-25 22:28:00.000,16.79518,-18.93478,"Halali-Agab",-9999.0,"gps","Loxodonta africana","Etosha1","Etosha1","African elephant - Namibia (Kilian)"
20661316703,true,2013-08-26 00:15:00.000,16.79543,-18.93592,"Halali-Agab",-9999.0,"gps","Loxodonta africana","Etosha1","Etosha1","African elephant - Namibia (Kilian)"
20661316717,true,2013-08-26 00:44:00.000,16.7954,-18.93678,"Halali-Agab",-9999.0,"gps","Loxodonta africana","Etosha1","Etosha1","African elephant - Namibia (Kilian)"
20661316727,true,2013-08-26 01:14:00.000,16.79517,-18.9393,"Halali-Agab",-9999.0,"gps","Loxodonta africana","Etosha1","Etosha1","African elephant - Namibia (Kilian)"
20661316741,true,2013-08-26 01:44:00.000,16.79473,-18.94082,"Halali-Agab",-9999.0,"gps","Loxodonta africana","Etosha1","Etosha1","African elephant - Namibia (Kilian)"
20661316772,true,2013-08-26 03:05:00.000,16.79605,-18.94343,"Halali-Agab",-9999.0,"gps","Loxodonta africana","Etosha1","Etosha1","African elephant - Namibia (Kilian)"
20661316782,true,2013-08-26 03:35:00.000,16.79573,-18.94315,"Halali-Agab",-9999.0,"gps","Loxodonta africana","Etosha1","Etosha1","African elephant - Namibia (Kilian)"
20661316794,true,2013-08-26 04:05:00.000,16.79577,-18.94352,"Halali-Agab",-9999.0,"gps","Loxodonta africana","Etosha1","Etosha1","African elephant - Namibia (Kilian)"
20661316805,true,2013-08-26 04:35:00.000,16.79573,-18.94328,"Halali-Agab",-9999.0,"gps","Loxodonta africana","Etosha1","Etosha1","African elephant - Namibia (Kilian)"
20661316826,true,2013-08-26 05:35:00.000,16.79583,-18.94323,"Halali-Agab",-9999.0,"gps","Loxodonta africana","Etosha1","Etosha1","African elephant - Namibia (Kilian)"
20661316838,true,2013-08-26 06:04:00.000,16.79575,-18.94355,"Halali-Agab",-9999.0,"gps","Loxodonta africana","Etosha1","Etosha1","African elephant - Namibia (Kilian)"
20661316848,true,2013-08-26 06:34:00.000,16.79593,-18.94298,"Halali-Agab",-9999.0,"gps","Loxodonta africana","Etosha1","Etosha1","African elephant - Namibia (Kilian)"
20661316863,true,2013-08-26 07:04:00.000,16.79688,-18.94213,"Halali-Agab",-9999.0,"gps","Loxodonta africana","Etosha1","Etosha1","African elephant - Namibia (Kilian)"
20661316874,true,2013-08-26 07:34:00.000,16.79733,-18.94128,"Halali-Agab",-9999.0,"gps","Loxodonta africana","Etosha1","Etosha1","African elephant - Namibia (Kilian)"
20661316887,true,2013-08-26 08:04:00.000,16.79815,-18.93997,"Halali-Agab",-9999.0,"gps","Loxodonta africana","Etosha1","Etosha1","African elephant - Namibia (Kilian)"
20661316899,true,2013-08-26 08:34:00.000,16.79885,-18.93763,"Halali-Agab",-9999.0,"gps","Loxodonta africana","Etosha1","Etosha1","African elephant - Namibia (Kilian)"
20661316911,true,2013-08-26 09:04:00.000,16.79933,-18.93605,"Halali-Agab",-9999.0,"gps","Loxodonta africana","Etosha1","Etosha1","African elephant - Namibia (Kilian)"
20661316925,true,2013-08-26 09:35:00.000,16.80048,-18.93463,"Halali-Agab",-9999.0,"gps","Loxodonta africana","Etosha1","Etosha1","African elephant - Namibia (Kilian)"
20661316937,true,2013-08-26 10:04:00.000,16.80103,-18.93523,"Halali-Agab",-9999.0,"gps","Loxodonta africana","Etosha1","Etosha1","African elephant - Namibia (Kilian)"
20661316947,true,2013-08-26 10:35:00.000,16.80355,-18.93435,"Halali-Agab",-9999.0,"gps","Loxodonta africana","Etosha1","Etosha1","African elephant - Namibia (Kilian)"
20661316960,true,2013-08-26 11:04:00.000,16.80345,-18.93442,"Halali-Agab",-9999.0,"gps","Loxodonta africana","Etosha1","Etosha1","African elephant - Namibia (Kilian)"
20661316973,true,2013-08-26 11:35:00.000,16.80452,-18.93193,"Halali-Agab",-9999.0,"gps","Loxodonta africana","Etosha1","Etosha1","African elephant - Namibia (Kilian)"
20661316984,true,2013-08-26 12:04:00.000,16.80485,-18.93108,"Halali-Agab",-9999.0,"gps","Loxodonta africana","Etosha1","Etosha1","African elephant - Namibia (Kilian)"
20661316995,true,2013-08-26 12:34:00.000,16.80478,-18.93112,"Halali-Agab",-9999.0,"gps","Loxodonta africana","Etosha1","Etosha1","African elephant - Namibia (Kilian)"
20661317010,true,2013-08-26 13:05:00.000,16.80485,-18.93092,"Halali-Agab",-9999.0,"gps","Loxodonta africana","Etosha1","Etosha1","African elephant - Namibia (Kilian)"
20661317020,true,2013-08-26 13:34:00.000,16.80473,-18.93072,"Halali-Agab",-9999.0,"gps","Loxodonta africana","Etosha1","Etosha1","African elephant - Namibia (Kilian)"
20661317033,true,2013-08-26 14:04:00.000,16.80468,-18.93012,"Halali-Agab",-9999.0,"gps","Loxodonta africana","Etosha1","Etosha1","African elephant - Namibia (Kilian)"
20661317046,true,2013-08-26 14:35:00.000,16.80665,-18.92862,"Halali-Agab",-9999.0,"gps","Loxodonta africana","Etosha1","Etosha1","African elephant - Namibia (Kilian)"
20661317060,true,2013-08-26 15:05:00.000,16.8066,-18.92867,"Halali-Agab",-9999.0,"gps","Loxodonta africana","Etosha1","Etosha1","African elephant - Namibia (Kilian)"
20661317068,true,2013-08-26 15:34:00.000,16.80592,-18.92598,"Halali-Agab",-9999.0,"gps","Loxodonta africana","Etosha1","Etosha1","African elephant - Namibia (Kilian)"
20661317081,true,2013-08-26 16:05:00.000,16.80617,-18.92355,"Halali-Agab",-9999.0,"gps","Loxodonta africana","Etosha1","Etosha1","African elephant - Namibia (Kilian)"
20661317092,true,2013-08-26 16:35:00.000,16.80817,-18.91745,"Halali-Agab",-9999.0,"gps","Loxodonta africana","Etosha1","Etosha1","African elephant - Namibia (Kilian)"
20661317101,true,2013-08-26 17:04:00.000,16.81362,-18.90898,"Halali-Agab",-9999.0,"gps","Loxodonta africana","Etosha1","Etosha1","African elephant - Namibia (Kilian)"
20661317111,true,2013-08-26 17:34:00.000,16.8218,-18.89953,"Halali-Agab",-9999.0,"gps","Loxodonta africana","Etosha1","Etosha1","African elephant - Namibia (Kilian)"
20661317125,true,2013-08-26 18:04:00.000,16.82627,-18.8971,"Halali-Agab",-9999.0,"gps","Loxodonta africana","Etosha1","Etosha1","African elephant - Namibia (Kilian)"
20661317136,true,2013-08-26 18:34:00.000,16.82597,-18.89702,"Halali-Agab",-9999.0,"gps","Loxodonta africana","Etosha1","Etosha1","African elephant - Namibia (Kilian)"
20661317151,true,2013-08-26 19:05:00.000,16.82443,-18.89635,"Halali-Agab",-9999.0,"gps","Loxodonta africana","Etosha1","Etosha1","African elephant - Namibia (Kilian)"
20661317163,true,2013-08-26 19:35:00.000,16.81952,-18.89528,"Halali-Agab",-9999.0,"gps","Loxodonta africana","Etosha1","Etosha1","African elephant - Namibia (Kilian)"
20661317175,true,2013-08-26 20:04:00.000,16.8131,-18.89378,"Halali-Agab",-9999.0,"gps","Loxodonta africana","Etosha1","Etosha1","African elephant - Namibia (Kilian)"
20661317184,true,2013-08-26 20:34:00.000,16.80793,-18.89305,"Halali-Agab",-9999.0,"gps","Loxodonta africana","Etosha1","Etosha1","African elephant - Namibia (Kilian)"
20661317199,true,2013-08-26 21:05:00.000,16.80337,-18.89228,"Halali-Agab",-9999.0,"gps","Loxodonta africana","Etosha1","Etosha1","African elephant - Namibia (Kilian)"
20661317211,true,2013-08-26 21:35:00.000,16.7979,-18.89193,"Halali-Agab",-9999.0,"gps","Loxodonta africana","Etosha1","Etosha1","African elephant - Namibia (Kilian)"
20661317225,true,2013-08-26 22:05:00.000,16.79393,-18.89088,"Halali-Agab",-9999.0,"gps","Loxodonta africana","Etosha1","Etosha1","African elephant - Namibia (Kilian)"
20661317234,true,2013-08-26 22:35:00.000,16.7917,-18.89107,"Halali-Agab",-9999.0,"gps","Loxodonta africana","Etosha1","Etosha1","African elephant - Namibia (Kilian)"
20661317246,true,2013-08-26 23:04:00.000,16.78913,-18.89172,"Halali-Agab",-9999.0,"gps","Loxodonta africana","Etosha1","Etosha1","African elephant - Namibia (Kilian)"
20661317258,true,2013-08-26 23:34:00.000,16.78827,-18.89188,"Halali-Agab",-9999.0,"gps","Loxodonta africana","Etosha1","Etosha1","African elephant - Namibia (Kilian)"
20661317272,true,2013-08-27 00:04:00.000,16.78737,-18.89213,"Halali-Agab",-9999.0,"gps","Loxodonta africana","Etosha1","Etosha1","African elephant - Namibia (Kilian)"
20661317282,true,2013-08-27 00:34:00.000,16.78678,-18.89325,"Halali-Agab",-9999.0,"gps","Loxodonta africana","Etosha1","Etosha1","African elephant - Namibia (Kilian)"
20661317298,true,2013-08-27 01:05:00.000,16.78675,-18.8938,"Halali-Agab",-9999.0,"gps","Loxodonta africana","Etosha1","Etosha1","African elephant - Namibia (Kilian)"
20661317308,true,2013-08-27 01:34:00.000,16.78668,-18.89425,"Halali-Agab",-9999.0,"gps","Loxodonta africana","Etosha1","Etosha1","African elephant - Namibia (Kilian)"
20661317322,true,2013-08-27 02:04:00.000,16.7864,-18.89558,"Halali-Agab",-9999.0,"gps","Loxodonta africana","Etosha1","Etosha1","African elephant - Namibia (Kilian)"
20661317348,true,2013-08-27 03:16:00.000,16.78532,-18.89797,"Halali-Agab",-9999.0,"gps","Loxodonta africana","Etosha1","Etosha1","African elephant - Namibia (Kilian)"
20661317362,true,2013-08-27 03:46:00.000,16.78418,-18.89738,"Halali-Agab",-9999.0,"gps","Loxodonta africana","Etosha1","Etosha1","African elephant - Namibia (Kilian)"
20661317371,true,2013-08-27 04:15:00.000,16.7832,-18.8969,"Halali-Agab",-9999.0,"gps","Loxodonta africana","Etosha1","Etosha1","African elephant - Namibia (Kilian)"
20661317385,true,2013-08-27 04:45:00.000,16.78287,-18.89677,"Halali-Agab",-9999.0,"gps","Loxodonta africana","Etosha1","Etosha1","African elephant - Namibia (Kilian)"
20661317395,true,2013-08-27 05:16:00.000,16.78172,-18.8966,"Halali-Agab",-9999.0,"gps","Loxodonta africana","Etosha1","Etosha1","African elephant - Namibia (Kilian)"
20661317410,true,2013-08-27 05:45:00.000,16.78145,-18.89638,"Halali-Agab",-9999.0,"gps","Loxodonta africana","Etosha1","Etosha1","African elephant - Namibia (Kilian)"
20661317421,true,2013-08-27 06:16:00.000,16.7816,-18.89657,"Halali-Agab",-9999.0,"gps","Loxodonta africana","Etosha1","Etosha1","African elephant - Namibia (Kilian)"
20661317436,true,2013-08-27 06:46:00.000,16.78155,-18.89658,"Halali-Agab",-9999.0,"gps","Loxodonta africana","Etosha1","Etosha1","African elephant - Namibia (Kilian)"
20661317447,true,2013-08-27 07:15:00.000,16.78148,-18.89655,"Halali-Agab",-9999.0,"gps","Loxodonta africana","Etosha1","Etosha1","African elephant - Namibia (Kilian)"
20661317461,true,2013-08-27 07:45:00.000,16.78152,-18.8967,"Halali-Agab",-9999.0,"gps","Loxodonta africana","Etosha1","Etosha1","African elephant - Namibia (Kilian)"
20661317471,true,2013-08-27 08:16:00.000,16.7815,-18.8967,"Halali-Agab",-9999.0,"gps","Loxodonta africana","Etosha1","Etosha1","African elephant - Namibia (Kilian)"
20661317485,true,2013-08-27 08:45:00.000,16.77983,-18.89678,"Halali-Agab",-9999.0,"gps","Loxodonta africana","Etosha1","Etosha1","African elephant - Namibia (Kilian)"
20661317495,true,2013-08-27 09:16:00.000,16.77932,-18.89723,"Halali-Agab",-9999.0,"gps","Loxodonta africana","Etosha1","Etosha1","African elephant - Namibia (Kilian)"
20661317511,true,2013-08-27 09:47:00.000,16.77875,-18.89755,"Halali-Agab",-9999.0,"gps","Loxodonta africana","Etosha1","Etosha1","African elephant - Namibia (Kilian)"
20661317520,true,2013-08-27 10:15:00.000,16.77902,-18.89753,"Halali-Agab",-9999.0,"gps","Loxodonta africana","Etosha1","Etosha1","African elephant - Namibia (Kilian)"
20661317535,true,2013-08-27 10:46:00.000,16.77905,-18.89742,"Halali-Agab",-9999.0,"gps","Loxodonta africana","Etosha1","Etosha1","African elephant - Namibia (Kilian)"
20661317559,true,2013-08-27 11:46:00.000,16.77623,-18.89892,"Halali-Agab",-9999.0,"gps","Loxodonta africana","Etosha1","Etosha1","African elephant - Namibia (Kilian)"
20661317569,true,2013-08-27 12:15:00.000,16.76978,-18.8973,"Halali-Agab",-9999.0,"gps","Loxodonta africana","Etosha1","Etosha1","African elephant - Namibia (Kilian)"
20661317583,true,2013-08-27 12:46:00.000,16.76985,-18.89742,"Halali-Agab",-9999.0,"gps","Loxodonta africana","Etosha1","Etosha1","African elephant - Namibia (Kilian)"
20661317592,true,2013-08-27 13:15:00.000,16.76937,-18.897,"Halali-Agab",-9999.0,"gps","Loxodonta africana","Etosha1","Etosha1","African elephant - Namibia (Kilian)"
20661317607,true,2013-08-27 13:45:00.000,16.76825,-18.89735,"Halali-Agab",-9999.0,"gps","Loxodonta africana","Etosha1","Etosha1","African elephant - Namibia (Kilian)"
20661317618,true,2013-08-27 14:15:00.000,16.76767,-18.8969,"Halali-Agab",-9999.0,"gps","Loxodonta africana","Etosha1","Etosha1","African elephant - Namibia (Kilian)"
20661317632,true,2013-08-27 14:46:00.000,16.76665,-18.89742,"Halali-Agab",-9999.0,"gps","Loxodonta africana","Etosha1","Etosha1","African elephant - Namibia (Kilian)"
20661317642,true,2013-08-27 15:15:00.000,16.7644,-18.89683,"Halali-Agab",-9999.0,"gps","Loxodonta africana","Etosha1","Etosha1","African elephant - Namibia (Kilian)"
20661317655,true,2013-08-27 15:45:00.000,16.76005,-18.89487,"Halali-Agab",-9999.0,"gps","Loxodonta africana","Etosha1","Etosha1","African elephant - Namibia (Kilian)"
20661317674,true,2013-08-27 16:45:00.000,16.75525,-18.89065,"Halali-Agab",-9999.0,"gps","Loxodonta africana","Etosha1","Etosha1","African elephant - Namibia (Kilian)"
20661317684,true,2013-08-27 17:15:00.000,16.75248,-18.88885,"Halali-Agab",-9999.0,"gps","Loxodonta africana","Etosha1","Etosha1","African elephant - Namibia (Kilian)"
20661317700,true,2013-08-27 17:46:00.000,16.7485,-18.88595,"Halali-Agab",-9999.0,"gps","Loxodonta africana","Etosha1","Etosha1","African elephant - Namibia (Kilian)"
20661317710,true,2013-08-27 18:16:00.000,16.74733,-18.88457,"Halali-Agab",-9999.0,"gps","Loxodonta africana","Etosha1","Etosha1","African elephant - Namibia (Kilian)"
20661317725,true,2013-08-27 18:45:00.000,16.74687,-18.8834,"Halali-Agab",-9999.0,"gps","Loxodonta africana","Etosha1","Etosha1","African elephant - Namibia (Kilian)"
20661317736,true,2013-08-27 19:15:00.000,16.74683,-18.88255,"Halali-Agab",-9999.0,"gps","Loxodonta africana","Etosha1","Etosha1","African elephant - Namibia (Kilian)"
20661317750,true,2013-08-27 19:45:00.000,16.74625,-18.88205,"Halali-Agab",-9999.0,"gps","Loxodonta africana","Etosha1","Etosha1","African elephant - Namibia (Kilian)"
20661317760,true,2013-08-27 20:15:00.000,16.74692,-18.8816,"Halali-Agab",-9999.0,"gps","Loxodonta africana","Etosha1","Etosha1","African elephant - Namibia (Kilian)"
20661317774,true,2013-08-27 20:45:00.000,16.74662,-18.8809,"Halali-Agab",-9999.0,"gps","Loxodonta africana","Etosha1","Etosha1","African elephant - Namibia (Kilian)"
20661317822,true,2013-08-27 22:41:00.000,16.74478,-18.87765,"Halali-Agab",-9999.0,"gps","Loxodonta africana","Etosha1","Etosha1","African elephant - Namibia (Kilian)"
20661317833,true,2013-08-27 23:11:00.000,16.74343,-18.87525,"Halali-Agab",-9999.0,"gps","Loxodonta africana","Etosha1","Etosha1","African elephant - Namibia (Kilian)"
20661317846,true,2013-08-27 23:41:00.000,16.74308,-18.87472,"Halali-Agab",-9999.0,"gps","Loxodonta africana","Etosha1","Etosha1","African elephant - Namibia (Kilian)"
20661317855,true,2013-08-28 00:10:00.000,16.74213,-18.87415,"Halali-Agab",-9999.0,"gps","Loxodonta africana","Etosha1","Etosha1","African elephant - Namibia (Kilian)"
20661317870,true,2013-08-28 00:41:00.000,16.74135,-18.87427,"Halali-Agab",-9999.0,"gps","Loxodonta africana","Etosha1","Etosha1","African elephant - Namibia (Kilian)"
20661317881,true,2013-08-28 01:10:00.000,16.7403,-18.87475,"Halali-Agab",-9999.0,"gps","Loxodonta africana","Etosha1","Etosha1","African elephant - Namibia (Kilian)"
20661317895,true,2013-08-28 01:40:00.000,16.73997,-18.8765,"Halali-Agab",-9999.0,"gps","Loxodonta africana","Etosha1","Etosha1","African elephant - Namibia (Kilian)"
20661317907,true,2013-08-28 02:11:00.000,16.74292,-18.88113,"Halali-Agab",-9999.0,"gps","Loxodonta africana","Etosha1","Etosha1","African elephant - Namibia (Kilian)"
20661317922,true,2013-08-28 02:41:00.000,16.74287,-18.88268,"Halali-Agab",-9999.0,"gps","Loxodonta africana","Etosha1","Etosha1","African elephant - Namibia (Kilian)"
20661317933,true,2013-08-28 03:11:00.000,16.74417,-18.88502,"Halali-Agab",-9999.0,"gps","Loxodonta africana","Etosha1","Etosha1","African elephant - Namibia (Kilian)"
20661317946,true,2013-08-28 03:41:00.000,16.74513,-18.88678,"Halali-Agab",-9999.0,"gps","Loxodonta africana","Etosha1","Etosha1","African elephant - Namibia (Kilian)"
20661317956,true,2013-08-28 04:11:00.000,16.74485,-18.88902,"Halali-Agab",-9999.0,"gps","Loxodonta africana","Etosha1","Etosha1","African elephant - Namibia (Kilian)"
20661317969,true,2013-08-28 04:41:00.000,16.74488,-18.88922,"Halali-Agab",-9999.0,"gps","Loxodonta africana","Etosha1","Etosha1","African elephant - Namibia (Kilian)"
20661317978,true,2013-08-28 05:12:00.000,16.74475,-18.88925,"Halali-Agab",-9999.0,"gps","Loxodonta africana","Etosha1","Etosha1","African elephant - Namibia (Kilian)"
20661317993,true,2013-08-28 05:41:00.000,16.74482,-18.88922,"Halali-Agab",-9999.0,"gps","Loxodonta africana","Etosha1","Etosha1","African elephant - Namibia (Kilian)"
20661318004,true,2013-08-28 06:10:00.000,16.74712,-18.8922,"Halali-Agab",-9999.0,"gps","Loxodonta africana","Etosha1","Etosha1","African elephant - Namibia (Kilian)"
20661318017,true,2013-08-28 06:41:00.000,16.74888,-18.89492,"Halali-Agab",-9999.0,"gps","Loxodonta africana","Etosha1","Etosha1","African elephant - Namibia (Kilian)"
20661318027,true,2013-08-28 07:10:00.000,16.75085,-18.8979,"Halali-Agab",-9999.0,"gps","Loxodonta africana","Etosha1","Etosha1","African elephant - Namibia (Kilian)"
20661318041,true,2013-08-28 07:40:00.000,16.75155,-18.89842,"Halali-Agab",-9999.0,"gps","Loxodonta africana","Etosha1","Etosha1","African elephant - Namibia (Kilian)"
20661318050,true,2013-08-28 08:11:00.000,16.75255,-18.89952,"Halali-Agab",-9999.0,"gps","Loxodonta africana","Etosha1","Etosha1","African elephant - Namibia (Kilian)"
20661318074,true,2013-08-28 09:12:00.000,16.75635,-18.8989,"Halali-Agab",-9999.0,"gps","Loxodonta africana","Etosha1","Etosha1","African elephant - Namibia (Kilian)"
20661318087,true,2013-08-28 09:40:00.000,16.75988,-18.8981,"Halali-Agab",-9999.0,"gps","Loxodonta africana","Etosha1","Etosha1","African elephant - Namibia (Kilian)"
20661318099,true,2013-08-28 10:10:00.000,16.76832,-18.8995,"Halali-Agab",-9999.0,"gps","Loxodonta africana","Etosha1","Etosha1","African elephant - Namibia (Kilian)"
20661318113,true,2013-08-28 10:41:00.000,16.76977,-18.89713,"Halali-Agab",-9999.0,"gps","Loxodonta africana","Etosha1","Etosha1","African elephant - Namibia (Kilian)"
20661318124,true,2013-08-28 11:11:00.000,16.77018,-18.89747,"Halali-Agab",-9999.0,"gps","Loxodonta africana","Etosha1","Etosha1","African elephant - Namibia (Kilian)"
20661318137,true,2013-08-28 11:41:00.000,16.7719,-18.8999,"Halali-Agab",-9999.0,"gps","Loxodonta africana","Etosha1","Etosha1","African elephant - Namibia (Kilian)"
20661318147,true,2013-08-28 12:11:00.000,16.77317,-18.90335,"Halali-Agab",-9999.0,"gps","Loxodonta africana","Etosha1","Etosha1","African elephant - Namibia (Kilian)"
20661318171,true,2013-08-28 13:11:00.000,16.77313,-18.9033,"Halali-Agab",-9999.0,"gps","Loxodonta africana","Etosha1","Etosha1","African elephant - Namibia (Kilian)"
20661318186,true,2013-08-28 13:41:00.000,16.77303,-18.90317,"Halali-Agab",-9999.0,"gps","Loxodonta africana","Etosha1","Etosha1","African elephant - Namibia (Kilian)"
20661318197,true,2013-08-28 14:10:00.000,16.77298,-18.90322,"Halali-Agab",-9999.0,"gps","Loxodonta africana","Etosha1","Etosha1","African elephant - Namibia (Kilian)"
20661318210,true,2013-08-28 14:41:00.000,16.7739,-18.90407,"Halali-Agab",-9999.0,"gps","Loxodonta africana","Etosha1","Etosha1","African elephant - Namibia (Kilian)"
20661318221,true,2013-08-28 15:11:00.000,16.77508,-18.90502,"Halali-Agab",-9999.0,"gps","Loxodonta africana","Etosha1","Etosha1","African elephant - Namibia (Kilian)"
20661318233,true,2013-08-28 15:41:00.000,16.77678,-18.90562,"Halali-Agab",-9999.0,"gps","Loxodonta africana","Etosha1","Etosha1","African elephant - Namibia (Kilian)"
20661318243,true,2013-08-28 16:12:00.000,16.78275,-18.90665,"Halali-Agab",-9999.0,"gps","Loxodonta africana","Etosha1","Etosha1","African elephant - Namibia (Kilian)"
20661318258,true,2013-08-28 16:41:00.000,16.78612,-18.90837,"Halali-Agab",-9999.0,"gps","Loxodonta africana","Etosha1","Etosha1","African elephant - Namibia (Kilian)"
20661318266,true,2013-08-28 17:11:00.000,16.78647,-18.90882,"Halali-Agab",-9999.0,"gps","Loxodonta africana","Etosha1","Etosha1","African elephant - Namibia (Kilian)"
20661318280,true,2013-08-28 17:41:00.000,16.78815,-18.90805,"Halali-Agab",-9999.0,"gps","Loxodonta africana","Etosha1","Etosha1","African elephant - Namibia (Kilian)"
20661318291,true,2013-08-28 18:11:00.000,16.78972,-18.90677,"Halali-Agab",-9999.0,"gps","Loxodonta africana","Etosha1","Etosha1","African elephant - Namibia (Kilian)"
20661318304,true,2013-08-28 18:40:00.000,16.79142,-18.90593,"Halali-Agab",-9999.0,"gps","Loxodonta africana","Etosha1","Etosha1","African elephant - Namibia (Kilian)"
20661318315,true,2013-08-28 19:10:00.000,16.79532,-18.906,"Halali-Agab",-9999.0,"gps","Loxodonta africana","Etosha1","Etosha1","African elephant - Namibia (Kilian)"
20661318330,true,2013-08-28 19:41:00.000,16.80158,-18.90598,"Halali-Agab",-9999.0,"gps","Loxodonta africana","Etosha1","Etosha1","African elephant - Namibia (Kilian)"
20661318339,true,2013-08-28 20:10:00.000,16.80868,-18.90428,"Halali-Agab",-9999.0,"gps","Loxodonta africana","Etosha1","Etosha1","African elephant - Namibia (Kilian)"
20661318353,true,2013-08-28 20:41:00.000,16.8162,-18.90085,"Halali-Agab",-9999.0,"gps","Loxodonta africana","Etosha1","Etosha1","African elephant - Namibia (Kilian)"
20661318363,true,2013-08-28 21:10:00.000,16.82567,-18.89672,"Halali-Agab",-9999.0,"gps","Loxodonta africana","Etosha1","Etosha1","African elephant - Namibia (Kilian)"
20661318378,true,2013-08-28 21:41:00.000,16.82575,-18.89753,"Halali-Agab",-9999.0,"gps","Loxodonta africana","Etosha1","Etosha1","African elephant - Namibia (Kilian)"
20661318389,true,2013-08-28 22:10:00.000,16.82275,-18.9011,"Halali-Agab",-9999.0,"gps","Loxodonta africana","Etosha1","Etosha1","African elephant - Namibia (Kilian)"
20661318403,true,2013-08-28 22:41:00.000,16.81327,-18.90978,"Halali-Agab",-9999.0,"gps","Loxodonta africana","Etosha1","Etosha1","African elephant - Namibia (Kilian)"
20661318412,true,2013-08-28 23:10:00.000,16.8069,-18.91782,"Halali-Agab",-9999.0,"gps","Loxodonta africana","Etosha1","Etosha1","African elephant - Namibia (Kilian)"
20661318427,true,2013-08-28 23:41:00.000,16.80325,-18.92475,"Halali-Agab",-9999.0,"gps","Loxodonta africana","Etosha1","Etosha1","African elephant - Namibia (Kilian)"
20661318437,true,2013-08-29 00:10:00.000,16.80312,-18.92618,"Halali-Agab",-9999.0,"gps","Loxodonta africana","Etosha1","Etosha1","African elephant - Namibia (Kilian)"
20661318450,true,2013-08-29 00:40:00.000,16.80307,-18.92662,"Halali-Agab",-9999.0,"gps","Loxodonta africana","Etosha1","Etosha1","African elephant - Namibia (Kilian)"
20661318461,true,2013-08-29 01:10:00.000,16.80198,-18.92812,"Halali-Agab",-9999.0,"gps","Loxodonta africana","Etosha1","Etosha1","African elephant - Namibia (Kilian)"
20661318476,true,2013-08-29 01:41:00.000,16.8017,-18.92828,"Halali-Agab",-9999.0,"gps","Loxodonta africana","Etosha1","Etosha1","African elephant - Namibia (Kilian)"
20661318487,true,2013-08-29 02:10:00.000,16.80008,-18.93152,"Halali-Agab",-9999.0,"gps","Loxodonta africana","Etosha1","Etosha1","African elephant - Namibia (Kilian)"
20661318499,true,2013-08-29 02:40:00.000,16.79705,-18.93452,"Halali-Agab",-9999.0,"gps","Loxodonta africana","Etosha1","Etosha1","African elephant - Namibia (Kilian)"
20661318511,true,2013-08-29 03:11:00.000,16.79588,-18.93578,"Halali-Agab",-9999.0,"gps","Loxodonta africana","Etosha1","Etosha1","African elephant - Namibia (Kilian)"
20661318526,true,2013-08-29 03:41:00.000,16.79542,-18.93603,"Halali-Agab",-9999.0,"gps","Loxodonta africana","Etosha1","Etosha1","African elephant - Namibia (Kilian)"
20661318536,true,2013-08-29 04:12:00.000,16.79553,-18.93578,"Halali-Agab",-9999.0,"gps","Loxodonta africana","Etosha1","Etosha1","African elephant - Namibia (Kilian)"
20661318550,true,2013-08-29 04:42:00.000,16.7953,-18.93572,"Halali-Agab",-9999.0,"gps","Loxodonta africana","Etosha1","Etosha1","African elephant - Namibia (Kilian)"
20661318560,true,2013-08-29 05:11:00.000,16.79565,-18.93577,"Halali-Agab",-9999.0,"gps","Loxodonta africana","Etosha1","Etosha1","African elephant - Namibia (Kilian)"
20661318572,true,2013-08-29 05:40:00.000,16.79528,-18.93568,"Halali-Agab",-9999.0,"gps","Loxodonta africana","Etosha1","Etosha1","African elephant - Namibia (Kilian)"
20661318584,true,2013-08-29 06:11:00.000,16.79442,-18.936,"Halali-Agab",-9999.0,"gps","Loxodonta africana","Etosha1","Etosha1","African elephant - Namibia (Kilian)"
20661318597,true,2013-08-29 06:40:00.000,16.79347,-18.93623,"Halali-Agab",-9999.0,"gps","Loxodonta africana","Etosha1","Etosha1","African elephant - Namibia (Kilian)"
20661318608,true,2013-08-29 07:10:00.000,16.79295,-18.93607,"Halali-Agab",-9999.0,"gps","Loxodonta africana","Etosha1","Etosha1","African elephant - Namibia (Kilian)"
20661318620,true,2013-08-29 07:40:00.000,16.79188,-18.9358,"Halali-Agab",-9999.0,"gps","Loxodonta africana","Etosha1","Etosha1","African elephant - Namibia (Kilian)"
20661318631,true,2013-08-29 08:11:00.000,16.79178,-18.93532,"Halali-Agab",-9999.0,"gps","Loxodonta africana","Etosha1","Etosha1","African elephant - Namibia (Kilian)"
20661318655,true,2013-08-29 09:10:00.000,16.79165,-18.93407,"Halali-Agab",-9999.0,"gps","Loxodonta africana","Etosha1","Etosha1","African elephant - Namibia (Kilian)"
20661318670,true,2013-08-29 09:41:00.000,16.7917,-18.93318,"Halali-Agab",-9999.0,"gps","Loxodonta africana","Etosha1","Etosha1","African elephant - Namibia (Kilian)"
20661318681,true,2013-08-29 10:11:00.000,16.79167,-18.93315,"Halali-Agab",-9999.0,"gps","Loxodonta africana","Etosha1","Etosha1","African elephant - Namibia (Kilian)"
20661318695,true,2013-08-29 10:41:00.000,16.79163,-18.93262,"Halali-Agab",-9999.0,"gps","Loxodonta africana","Etosha1","Etosha1","African elephant - Namibia (Kilian)"
20661318705,true,2013-08-29 11:11:00.000,16.79193,-18.93285,"Halali-Agab",-9999.0,"gps","Loxodonta africana","Etosha1","Etosha1","African elephant - Namibia (Kilian)"
20661318719,true,2013-08-29 11:41:00.000,16.7927,-18.93217,"Halali-Agab",-9999.0,"gps","Loxodonta africana","Etosha1","Etosha1","African elephant - Namibia (Kilian)"
20661318729,true,2013-08-29 12:11:00.000,16.7927,-18.9323,"Halali-Agab",-9999.0,"gps","Loxodonta africana","Etosha1","Etosha1","African elephant - Namibia (Kilian)"
20661318743,true,2013-08-29 12:40:00.000,16.79272,-18.93215,"Halali-Agab",-9999.0,"gps","Loxodonta africana","Etosha1","Etosha1","African elephant - Namibia (Kilian)"
20661318754,true,2013-08-29 13:10:00.000,16.79332,-18.93088,"Halali-Agab",-9999.0,"gps","Loxodonta africana","Etosha1","Etosha1","African elephant - Namibia (Kilian)"
20661318769,true,2013-08-29 13:41:00.000,16.79335,-18.93087,"Halali-Agab",-9999.0,"gps","Loxodonta africana","Etosha1","Etosha1","African elephant - Namibia (Kilian)"
20661318780,true,2013-08-29 14:11:00.000,16.79342,-18.93083,"Halali-Agab",-9999.0,"gps","Loxodonta africana","Etosha1","Etosha1","African elephant - Namibia (Kilian)"
20661318793,true,2013-08-29 14:40:00.000,16.79343,-18.93082,"Halali-Agab",-9999.0,"gps","Loxodonta africana","Etosha1","Etosha1","African elephant - Namibia (Kilian)"
20661318803,true,2013-08-29 15:10:00.000,16.7934,-18.92888,"Halali-Agab",-9999.0,"gps","Loxodonta africana","Etosha1","Etosha1","African elephant - Namibia (Kilian)"
20661318818,true,2013-08-29 15:41:00.000,16.79443,-18.92845,"Halali-Agab",-9999.0,"gps","Loxodonta africana","Etosha1","Etosha1","African elephant - Namibia (Kilian)"
20661318828,true,2013-08-29 16:11:00.000,16.7951,-18.92808,"Halali-Agab",-9999.0,"gps","Loxodonta africana","Etosha1","Etosha1","African elephant - Namibia (Kilian)"
20661318842,true,2013-08-29 16:40:00.000,16.79623,-18.92778,"Halali-Agab",-9999.0,"gps","Loxodonta africana","Etosha1","Etosha1","African elephant - Namibia (Kilian)"
20661318853,true,2013-08-29 17:11:00.000,16.79675,-18.92742,"Halali-Agab",-9999.0,"gps","Loxodonta africana","Etosha1","Etosha1","African elephant - Namibia (Kilian)"
20661318867,true,2013-08-29 17:41:00.000,16.79715,-18.92732,"Halali-Agab",-9999.0,"gps","Loxodonta africana","Etosha1","Etosha1","African elephant - Namibia (Kilian)"
20661318878,true,2013-08-29 18:10:00.000,16.7982,-18.92735,"Halali-Agab",-9999.0,"gps","Loxodonta africana","Etosha1","Etosha1","African elephant - Namibia (Kilian)"
20661318891,true,2013-08-29 18:40:00.000,16.79822,-18.92622,"Halali-Agab",-9999.0,"gps","Loxodonta africana","Etosha1","Etosha1","African elephant - Namibia (Kilian)"
20661318902,true,2013-08-29 19:10:00.000,16.79813,-18.92587,"Halali-Agab",-9999.0,"gps","Loxodonta africana","Etosha1","Etosha1","African elephant - Namibia (Kilian)"
20661318916,true,2013-08-29 19:40:00.000,16.7971,-18.92647,"Halali-Agab",-9999.0,"gps","Loxodonta africana","Etosha1","Etosha1","African elephant - Namibia (Kilian)"
20661318927,true,2013-08-29 20:11:00.000,16.79703,-18.92675,"Halali-Agab",-9999.0,"gps","Loxodonta africana","Etosha1","Etosha1","African elephant - Namibia (Kilian)"
20661318942,true,2013-08-29 20:42:00.000,16.79715,-18.92652,"Halali-Agab",-9999.0,"gps","Loxodonta africana","Etosha1","Etosha1","African elephant - Namibia (Kilian)"
20661318952,true,2013-08-29 21:11:00.000,16.7966,-18.92675,"Halali-Agab",-9999.0,"gps","Loxodonta africana","Etosha1","Etosha1","African elephant - Namibia (Kilian)"
20661318966,true,2013-08-29 21:41:00.000,16.79663,-18.92683,"Halali-Agab",-9999.0,"gps","Loxodonta africana","Etosha1","Etosha1","African elephant - Namibia (Kilian)"
20661318977,true,2013-08-29 22:10:00.000,16.79668,-18.92685,"Halali-Agab",-9999.0,"gps","Loxodonta africana","Etosha1","Etosha1","African elephant - Namibia (Kilian)"
20661318991,true,2013-08-29 22:41:00.000,16.79423,-18.92637,"Halali-Agab",-9999.0,"gps","Loxodonta africana","Etosha1","Etosha1","African elephant - Namibia (Kilian)"
20661319001,true,2013-08-29 23:10:00.000,16.78997,-18.92602,"Halali-Agab",-9999.0,"gps","Loxodonta africana","Etosha1","Etosha1","African elephant - Namibia (Kilian)"
20661319015,true,2013-08-29 23:40:00.000,16.78883,-18.92643,"Halali-Agab",-9999.0,"gps","Loxodonta africana","Etosha1","Etosha1","African elephant - Namibia (Kilian)"
20661319026,true,2013-08-30 00:10:00.000,16.78827,-18.92645,"Halali-Agab",-9999.0,"gps","Loxodonta africana","Etosha1","Etosha1","African elephant - Namibia (Kilian)"
20661319041,true,2013-08-30 00:40:00.000,16.78757,-18.9265,"Halali-Agab",-9999.0,"gps","Loxodonta africana","Etosha1","Etosha1","African elephant - Namibia (Kilian)"
20661319052,true,2013-08-30 01:11:00.000,16.78727,-18.92722,"Halali-Agab",-9999.0,"gps","Loxodonta africana","Etosha1","Etosha1","African elephant - Namibia (Kilian)"
20661319066,true,2013-08-30 01:41:00.000,16.7873,-18.92855,"Halali-Agab",-9999.0,"gps","Loxodonta africana","Etosha1","Etosha1","African elephant - Namibia (Kilian)"
20661319075,true,2013-08-30 02:10:00.000,16.78698,-18.92862,"Halali-Agab",-9999.0,"gps","Loxodonta africana","Etosha1","Etosha1","African elephant - Namibia (Kilian)"
20661319088,true,2013-08-30 02:41:00.000,16.78648,-18.92855,"Halali-Agab",-9999.0,"gps","Loxodonta africana","Etosha1","Etosha1","African elephant - Namibia (Kilian)"
20661319137,true,2013-08-30 04:46:00.000,16.78678,-18.92837,"Halali-Agab",-9999.0,"gps","Loxodonta africana","Etosha1","Etosha1","African elephant - Namibia (Kilian)"
20661319147,true,2013-08-30 05:15:00.000,16.7867,-18.92848,"Halali-Agab",-9999.0,"gps","Loxodonta africana","Etosha1","Etosha1","African elephant - Namibia (Kilian)"
20661319161,true,2013-08-30 05:44:00.000,16.78717,-18.92922,"Halali-Agab",-9999.0,"gps","Loxodonta africana","Etosha1","Etosha1","African elephant - Namibia (Kilian)"
20661319172,true,2013-08-30 06:15:00.000,16.78757,-18.92962,"Halali-Agab",-9999.0,"gps","Loxodonta africana","Etosha1","Etosha1","African elephant - Namibia (Kilian)"
20661319186,true,2013-08-30 06:44:00.000,16.78807,-18.93027,"Halali-Agab",-9999.0,"gps","Loxodonta africana","Etosha1","Etosha1","African elephant - Namibia (Kilian)"
20661319197,true,2013-08-30 07:14:00.000,16.78915,-18.93177,"Halali-Agab",-9999.0,"gps","Loxodonta africana","Etosha1","Etosha1","African elephant - Namibia (Kilian)"
20661319210,true,2013-08-30 07:45:00.000,16.79113,-18.93328,"Halali-Agab",-9999.0,"gps","Loxodonta africana","Etosha1","Etosha1","African elephant - Namibia (Kilian)"
20661319220,true,2013-08-30 08:16:00.000,16.79263,-18.93365,"Halali-Agab",-9999.0,"gps","Loxodonta africana","Etosha1","Etosha1","African elephant - Namibia (Kilian)"
20661319244,true,2013-08-30 09:11:00.000,16.79387,-18.934,"Halali-Agab",-9999.0,"gps","Loxodonta africana","Etosha1","Etosha1","African elephant - Namibia (Kilian)"
20661319254,true,2013-08-30 09:39:00.000,16.79488,-18.93357,"Halali-Agab",-9999.0,"gps","Loxodonta africana","Etosha1","Etosha1","African elephant - Namibia (Kilian)"
20661319267,true,2013-08-30 10:09:00.000,16.79593,-18.93357,"Halali-Agab",-9999.0,"gps","Loxodonta africana","Etosha1","Etosha1","African elephant - Namibia (Kilian)"
20661319295,true,2013-08-30 11:24:00.000,16.79692,-18.93398,"Halali-Agab",-9999.0,"gps","Loxodonta africana","Etosha1","Etosha1","African elephant - Namibia (Kilian)"
20661319304,true,2013-08-30 11:52:00.000,16.7969,-18.93393,"Halali-Agab",-9999.0,"gps","Loxodonta africana","Etosha1","Etosha1","African elephant - Namibia (Kilian)"
20661319317,true,2013-08-30 12:22:00.000,16.79673,-18.93393,"Halali-Agab",-9999.0,"gps","Loxodonta africana","Etosha1","Etosha1","African elephant - Namibia (Kilian)"
20661319328,true,2013-08-30 12:52:00.000,16.79758,-18.93302,"Halali-Agab",-9999.0,"gps","Loxodonta africana","Etosha1","Etosha1","African elephant - Namibia (Kilian)"
20661319341,true,2013-08-30 13:21:00.000,16.7978,-18.93138,"Halali-Agab",-9999.0,"gps","Loxodonta africana","Etosha1","Etosha1","African elephant - Namibia (Kilian)"
20661319352,true,2013-08-30 13:52:00.000,16.7981,-18.9311,"Halali-Agab",-9999.0,"gps","Loxodonta africana","Etosha1","Etosha1","African elephant - Namibia (Kilian)"
20661319365,true,2013-08-30 14:21:00.000,16.79748,-18.92985,"Halali-Agab",-9999.0,"gps","Loxodonta africana","Etosha1","Etosha1","African elephant - Namibia (Kilian)"
20661319374,true,2013-08-30 14:51:00.000,16.79772,-18.92923,"Halali-Agab",-9999.0,"gps","Loxodonta africana","Etosha1","Etosha1","African elephant - Namibia (Kilian)"
20661319390,true,2013-08-30 15:21:00.000,16.79748,-18.92892,"Halali-Agab",-9999.0,"gps","Loxodonta africana","Etosha1","Etosha1","African elephant - Namibia (Kilian)"
20661319402,true,2013-08-30 15:53:00.000,16.8006,-18.92705,"Halali-Agab",-9999.0,"gps","Loxodonta africana","Etosha1","Etosha1","African elephant - Namibia (Kilian)"
20661319413,true,2013-08-30 16:22:00.000,16.80018,-18.92338,"Halali-Agab",-9999.0,"gps","Loxodonta africana","Etosha1","Etosha1","African elephant - Namibia (Kilian)"
20661319425,true,2013-08-30 16:51:00.000,16.80073,-18.92172,"Halali-Agab",-9999.0,"gps","Loxodonta africana","Etosha1","Etosha1","African elephant - Namibia (Kilian)"
20661319438,true,2013-08-30 17:22:00.000,16.80013,-18.91992,"Halali-Agab",-9999.0,"gps","Loxodonta africana","Etosha1","Etosha1","African elephant - Namibia (Kilian)"
20661319450,true,2013-08-30 17:52:00.000,16.80027,-18.91833,"Halali-Agab",-9999.0,"gps","Loxodonta africana","Etosha1","Etosha1","African elephant - Namibia (Kilian)"
20661319463,true,2013-08-30 18:22:00.000,16.80603,-18.91323,"Halali-Agab",-9999.0,"gps","Loxodonta africana","Etosha1","Etosha1","African elephant - Namibia (Kilian)"
20661319474,true,2013-08-30 18:52:00.000,16.81598,-18.9062,"Halali-Agab",-9999.0,"gps","Loxodonta africana","Etosha1","Etosha1","African elephant - Namibia (Kilian)"
20661319489,true,2013-08-30 19:21:00.000,16.82473,-18.89695,"Halali-Agab",-9999.0,"gps","Loxodonta africana","Etosha1","Etosha1","African elephant - Namibia (Kilian)"
20661319501,true,2013-08-30 19:53:00.000,16.82652,-18.89698,"Halali-Agab",-9999.0,"gps","Loxodonta africana","Etosha1","Etosha1","African elephant - Namibia (Kilian)"
20661319514,true,2013-08-30 20:22:00.000,16.81975,-18.89725,"Halali-Agab",-9999.0,"gps","Loxodonta africana","Etosha1","Etosha1","African elephant - Namibia (Kilian)"
20661319524,true,2013-08-30 20:51:00.000,16.81297,-18.90063,"Halali-Agab",-9999.0,"gps","Loxodonta africana","Etosha1","Etosha1","African elephant - Namibia (Kilian)"
20661319539,true,2013-08-30 21:21:00.000,16.80718,-18.90512,"Halali-Agab",-9999.0,"gps","Loxodonta africana","Etosha1","Etosha1","African elephant - Namibia (Kilian)"
20661319551,true,2013-08-30 21:52:00.000,16.79843,-18.9143,"Halali-Agab",-9999.0,"gps","Loxodonta africana","Etosha1","Etosha1","African elephant - Namibia (Kilian)"
20661319564,true,2013-08-30 22:22:00.000,16.79392,-18.91843,"Halali-Agab",-9999.0,"gps","Loxodonta africana","Etosha1","Etosha1","African elephant - Namibia (Kilian)"
20661319575,true,2013-08-30 22:53:00.000,16.79088,-18.92015,"Halali-Agab",-9999.0,"gps","Loxodonta africana","Etosha1","Etosha1","African elephant - Namibia (Kilian)"
20661319589,true,2013-08-30 23:22:00.000,16.78817,-18.9239,"Halali-Agab",-9999.0,"gps","Loxodonta africana","Etosha1","Etosha1","African elephant - Namibia (Kilian)"
20661319598,true,2013-08-30 23:51:00.000,16.78695,-18.92558,"Halali-Agab",-9999.0,"gps","Loxodonta africana","Etosha1","Etosha1","African elephant - Namibia (Kilian)"
20661319611,true,2013-08-31 00:21:00.000,16.78665,-18.92572,"Halali-Agab",-9999.0,"gps","Loxodonta africana","Etosha1","Etosha1","African elephant - Namibia (Kilian)"
20661319623,true,2013-08-31 00:52:00.000,16.78595,-18.92747,"Halali-Agab",-9999.0,"gps","Loxodonta africana","Etosha1","Etosha1","African elephant - Namibia (Kilian)"
20661319635,true,2013-08-31 01:21:00.000,16.78477,-18.92848,"Halali-Agab",-9999.0,"gps","Loxodonta africana","Etosha1","Etosha1","African elephant - Namibia (Kilian)"
20661319647,true,2013-08-31 01:52:00.000,16.78388,-18.929,"Halali-Agab",-9999.0,"gps","Loxodonta africana","Etosha1","Etosha1","African elephant - Namibia (Kilian)"
20661319660,true,2013-08-31 02:22:00.000,16.78237,-18.9306,"Halali-Agab",-9999.0,"gps","Loxodonta africana","Etosha1","Etosha1","African elephant - Namibia (Kilian)"
20661319670,true,2013-08-31 02:51:00.000,16.78172,-18.93183,"Halali-Agab",-9999.0,"gps","Loxodonta africana","Etosha1","Etosha1","African elephant - Namibia (Kilian)"
20661319683,true,2013-08-31 03:22:00.000,16.78163,-18.93197,"Halali-Agab",-9999.0,"gps","Loxodonta africana","Etosha1","Etosha1","African elephant - Namibia (Kilian)"
20661319692,true,2013-08-31 03:52:00.000,16.78142,-18.93183,"Halali-Agab",-9999.0,"gps","Loxodonta africana","Etosha1","Etosha1","African elephant - Namibia (Kilian)"
20661319704,true,2013-08-31 04:22:00.000,16.78108,-18.93187,"Halali-Agab",-9999.0,"gps","Loxodonta africana","Etosha1","Etosha1","African elephant - Namibia (Kilian)"
20661319713,true,2013-08-31 04:51:00.000,16.78128,-18.93185,"Halali-Agab",-9999.0,"gps","Loxodonta africana","Etosha1","Etosha1","African elephant - Namibia (Kilian)"
20661319727,true,2013-08-31 05:23:00.000,16.78128,-18.93197,"Halali-Agab",-9999.0,"gps","Loxodonta africana","Etosha1","Etosha1","African elephant - Namibia (Kilian)"
20661319735,true,2013-08-31 05:52:00.000,16.78137,-18.9317,"Halali-Agab",-9999.0,"gps","Loxodonta africana","Etosha1","Etosha1","African elephant - Namibia (Kilian)"
20661319747,true,2013-08-31 06:21:00.000,16.78143,-18.93213,"Halali-Agab",-9999.0,"gps","Loxodonta africana","Etosha1","Etosha1","African elephant - Namibia (Kilian)"
20661319758,true,2013-08-31 06:51:00.000,16.78143,-18.9351,"Halali-Agab",-9999.0,"gps","Loxodonta africana","Etosha1","Etosha1","African elephant - Namibia (Kilian)"
20661319773,true,2013-08-31 07:21:00.000,16.78423,-18.93803,"Halali-Agab",-9999.0,"gps","Loxodonta africana","Etosha1","Etosha1","African elephant - Namibia (Kilian)"
20661319784,true,2013-08-31 07:52:00.000,16.78595,-18.93878,"Halali-Agab",-9999.0,"gps","Loxodonta africana","Etosha1","Etosha1","African elephant - Namibia (Kilian)"
20661319797,true,2013-08-31 08:22:00.000,16.78623,-18.93895,"Halali-Agab",-9999.0,"gps","Loxodonta africana","Etosha1","Etosha1","African elephant - Namibia (Kilian)"
20661319809,true,2013-08-31 08:52:00.000,16.78642,-18.93953,"Halali-Agab",-9999.0,"gps","Loxodonta africana","Etosha1","Etosha1","African elephant - Namibia (Kilian)"
20661319822,true,2013-08-31 09:21:00.000,16.78568,-18.94043,"Halali-Agab",-9999.0,"gps","Loxodonta africana","Etosha1","Etosha1","African elephant - Namibia (Kilian)"
20661319833,true,2013-08-31 09:52:00.000,16.78393,-18.94138,"Halali-Agab",-9999.0,"gps","Loxodonta africana","Etosha1","Etosha1","African elephant - Namibia (Kilian)"
20661319846,true,2013-08-31 10:21:00.000,16.78382,-18.94143,"Halali-Agab",-9999.0,"gps","Loxodonta africana","Etosha1","Etosha1","African elephant - Namibia (Kilian)"
20661319856,true,2013-08-31 10:52:00.000,16.78383,-18.94148,"Halali-Agab",-9999.0,"gps","Loxodonta africana","Etosha1","Etosha1","African elephant - Namibia (Kilian)"
20661319870,true,2013-08-31 11:21:00.000,16.78277,-18.94222,"Halali-Agab",-9999.0,"gps","Loxodonta africana","Etosha1","Etosha1","African elephant - Namibia (Kilian)"
20661319878,true,2013-08-31 11:51:00.000,16.78152,-18.94247,"Halali-Agab",-9999.0,"gps","Loxodonta africana","Etosha1","Etosha1","African elephant - Namibia (Kilian)"
20661319891,true,2013-08-31 12:22:00.000,16.7813,-18.94228,"Halali-Agab",-9999.0,"gps","Loxodonta africana","Etosha1","Etosha1","African elephant - Namibia (Kilian)"
20661319901,true,2013-08-31 12:52:00.000,16.78033,-18.94208,"Halali-Agab",-9999.0,"gps","Loxodonta africana","Etosha1","Etosha1","African elephant - Namibia (Kilian)"
20661319913,true,2013-08-31 13:22:00.000,16.78025,-18.94192,"Halali-Agab",-9999.0,"gps","Loxodonta africana","Etosha1","Etosha1","African elephant - Namibia (Kilian)"
20661319924,true,2013-08-31 13:51:00.000,16.7803,-18.94192,"Halali-Agab",-9999.0,"gps","Loxodonta africana","Etosha1","Etosha1","African elephant - Namibia (Kilian)"
20661319937,true,2013-08-31 14:21:00.000,16.7803,-18.94193,"Halali-Agab",-9999.0,"gps","Loxodonta africana","Etosha1","Etosha1","African elephant - Namibia (Kilian)"
20661319948,true,2013-08-31 14:51:00.000,16.77987,-18.94208,"Halali-Agab",-9999.0,"gps","Loxodonta africana","Etosha1","Etosha1","African elephant - Namibia (Kilian)"
20661319963,true,2013-08-31 15:22:00.000,16.7791,-18.94212,"Halali-Agab",-9999.0,"gps","Loxodonta africana","Etosha1","Etosha1","African elephant - Namibia (Kilian)"
20661319974,true,2013-08-31 15:51:00.000,16.77787,-18.94227,"Halali-Agab",-9999.0,"gps","Loxodonta africana","Etosha1","Etosha1","African elephant - Namibia (Kilian)"
20661319992,true,2013-08-31 16:51:00.000,16.77558,-18.94242,"Halali-Agab",-9999.0,"gps","Loxodonta africana","Etosha1","Etosha1","African elephant - Namibia (Kilian)"
20661320005,true,2013-08-31 17:22:00.000,16.77443,-18.94353,"Halali-Agab",-9999.0,"gps","Loxodonta africana","Etosha1","Etosha1","African elephant - Namibia (Kilian)"
20661320017,true,2013-08-31 17:51:00.000,16.77342,-18.94453,"Halali-Agab",-9999.0,"gps","Loxodonta africana","Etosha1","Etosha1","African elephant - Namibia (Kilian)"
20661320030,true,2013-08-31 18:22:00.000,16.77332,-18.9453,"Halali-Agab",-9999.0,"gps","Loxodonta africana","Etosha1","Etosha1","African elephant - Namibia (Kilian)"
20661320041,true,2013-08-31 18:51:00.000,16.77365,-18.94668,"Halali-Agab",-9999.0,"gps","Loxodonta africana","Etosha1","Etosha1","African elephant - Namibia (Kilian)"
20661320056,true,2013-08-31 19:22:00.000,16.77342,-18.94725,"Halali-Agab",-9999.0,"gps","Loxodonta africana","Etosha1","Etosha1","African elephant - Namibia (Kilian)"
20661320067,true,2013-08-31 19:52:00.000,16.77337,-18.94805,"Halali-Agab",-9999.0,"gps","Loxodonta africana","Etosha1","Etosha1","African elephant - Namibia (Kilian)"
20661320081,true,2013-08-31 20:22:00.000,16.77347,-18.94818,"Halali-Agab",-9999.0,"gps","Loxodonta africana","Etosha1","Etosha1","African elephant - Namibia (Kilian)"
20661320092,true,2013-08-31 20:52:00.000,16.77353,-18.94843,"Halali-Agab",-9999.0,"gps","Loxodonta africana","Etosha1","Etosha1","African elephant - Namibia (Kilian)"
20661320105,true,2013-08-31 21:22:00.000,16.77345,-18.94908,"Halali-Agab",-9999.0,"gps","Loxodonta africana","Etosha1","Etosha1","African elephant - Namibia (Kilian)"
20661320117,true,2013-08-31 21:51:00.000,16.77375,-18.95047,"Halali-Agab",-9999.0,"gps","Loxodonta africana","Etosha1","Etosha1","African elephant - Namibia (Kilian)"
20661320129,true,2013-08-31 22:22:00.000,16.77392,-18.95035,"Halali-Agab",-9999.0,"gps","Loxodonta africana","Etosha1","Etosha1","African elephant - Namibia (Kilian)"
20661320139,true,2013-08-31 22:52:00.000,16.77385,-18.95042,"Halali-Agab",-9999.0,"gps","Loxodonta africana","Etosha1","Etosha1","African elephant - Namibia (Kilian)"
20661320156,true,2013-08-31 23:23:00.000,16.77385,-18.9502,"Halali-Agab",-9999.0,"gps","Loxodonta africana","Etosha1","Etosha1","African elephant - Namibia (Kilian)"
20661320165,true,2013-08-31 23:52:00.000,16.77378,-18.95032,"Halali-Agab",-9999.0,"gps","Loxodonta africana","Etosha1","Etosha1","African elephant - Namibia (Kilian)"
20661320177,true,2013-09-01 01:21:00.000,16.77382,-18.95025,"Halali-Agab",-9999.0,"gps","Loxodonta africana","Etosha1","Etosha1","African elephant - Namibia (Kilian)"
20661320187,true,2013-09-01 01:51:00.000,16.7742,-18.95055,"Halali-Agab",-9999.0,"gps","Loxodonta africana","Etosha1","Etosha1","African elephant - Namibia (Kilian)"
20661320199,true,2013-09-01 02:22:00.000,16.77452,-18.95017,"Halali-Agab",-9999.0,"gps","Loxodonta africana","Etosha1","Etosha1","African elephant - Namibia (Kilian)"
20661320209,true,2013-09-01 02:52:00.000,16.77532,-18.95025,"Halali-Agab",-9999.0,"gps","Loxodonta africana","Etosha1","Etosha1","African elephant - Namibia (Kilian)"
20661320222,true,2013-09-01 03:22:00.000,16.77577,-18.95053,"Halali-Agab",-9999.0,"gps","Loxodonta africana","Etosha1","Etosha1","African elephant - Namibia (Kilian)"
20661320231,true,2013-09-01 03:52:00.000,16.77595,-18.95063,"Halali-Agab",-9999.0,"gps","Loxodonta africana","Etosha1","Etosha1","African elephant - Namibia (Kilian)"
20661320245,true,2013-09-01 04:22:00.000,16.77667,-18.95037,"Halali-Agab",-9999.0,"gps","Loxodonta africana","Etosha1","Etosha1","African elephant - Namibia (Kilian)"
20661320253,true,2013-09-01 04:51:00.000,16.77708,-18.9501,"Halali-Agab",-9999.0,"gps","Loxodonta africana","Etosha1","Etosha1","African elephant - Namibia (Kilian)"
20661320267,true,2013-09-01 05:23:00.000,16.77687,-18.95048,"Halali-Agab",-9999.0,"gps","Loxodonta africana","Etosha1","Etosha1","African elephant - Namibia (Kilian)"
20661320276,true,2013-09-01 05:51:00.000,16.77703,-18.95037,"Halali-Agab",-9999.0,"gps","Loxodonta africana","Etosha1","Etosha1","African elephant - Namibia (Kilian)"
20661320288,true,2013-09-01 06:21:00.000,16.77767,-18.94973,"Halali-Agab",-9999.0,"gps","Loxodonta africana","Etosha1","Etosha1","African elephant - Namibia (Kilian)"
20661320298,true,2013-09-01 06:52:00.000,16.77773,-18.9494,"Halali-Agab",-9999.0,"gps","Loxodonta africana","Etosha1","Etosha1","African elephant - Namibia (Kilian)"
20661320310,true,2013-09-01 07:21:00.000,16.77762,-18.94817,"Halali-Agab",-9999.0,"gps","Loxodonta africana","Etosha1","Etosha1","African elephant - Namibia (Kilian)"
20661320320,true,2013-09-01 07:51:00.000,16.77763,-18.94722,"Halali-Agab",-9999.0,"gps","Loxodonta africana","Etosha1","Etosha1","African elephant - Namibia (Kilian)"
20661320334,true,2013-09-01 08:21:00.000,16.77725,-18.94618,"Halali-Agab",-9999.0,"gps","Loxodonta africana","Etosha1","Etosha1","African elephant - Namibia (Kilian)"
20661320344,true,2013-09-01 08:52:00.000,16.77693,-18.94513,"Halali-Agab",-9999.0,"gps","Loxodonta africana","Etosha1","Etosha1","African elephant - Namibia (Kilian)"
20661320358,true,2013-09-01 09:22:00.000,16.77658,-18.94417,"Halali-Agab",-9999.0,"gps","Loxodonta africana","Etosha1","Etosha1","African elephant - Namibia (Kilian)"
20661320368,true,2013-09-01 09:52:00.000,16.7766,-18.94322,"Halali-Agab",-9999.0,"gps","Loxodonta africana","Etosha1","Etosha1","African elephant - Namibia (Kilian)"
20661320382,true,2013-09-01 10:21:00.000,16.77658,-18.9432,"Halali-Agab",-9999.0,"gps","Loxodonta africana","Etosha1","Etosha1","African elephant - Namibia (Kilian)"
20661320394,true,2013-09-01 10:52:00.000,16.77678,-18.94277,"Halali-Agab",-9999.0,"gps","Loxodonta africana","Etosha1","Etosha1","African elephant - Namibia (Kilian)"
20661320407,true,2013-09-01 11:22:00.000,16.77695,-18.94122,"Halali-Agab",-9999.0,"gps","Loxodonta africana","Etosha1","Etosha1","African elephant - Namibia (Kilian)"
20661320418,true,2013-09-01 11:51:00.000,16.77688,-18.94118,"Halali-Agab",-9999.0,"gps","Loxodonta africana","Etosha1","Etosha1","African elephant - Namibia (Kilian)"
20661320433,true,2013-09-01 12:22:00.000,16.77678,-18.94133,"Halali-Agab",-9999.0,"gps","Loxodonta africana","Etosha1","Etosha1","African elephant - Namibia (Kilian)"
20661320444,true,2013-09-01 12:52:00.000,16.77673,-18.94147,"Halali-Agab",-9999.0,"gps","Loxodonta africana","Etosha1","Etosha1","African elephant - Namibia (Kilian)"
20661320463,true,2013-09-01 13:41:00.000,16.77382,-18.9486,"Halali-Agab",-9999.0,"gps","Loxodonta africana","Etosha1","Etosha1","African elephant - Namibia (Kilian)"
20661320474,true,2013-09-01 14:09:00.000,16.77723,-18.93895,"Halali-Agab",-9999.0,"gps","Loxodonta africana","Etosha1","Etosha1","African elephant - Namibia (Kilian)"
20661320484,true,2013-09-01 14:39:00.000,16.7779,-18.93717,"Halali-Agab",-9999.0,"gps","Loxodonta africana","Etosha1","Etosha1","African elephant - Namibia (Kilian)"
20661320498,true,2013-09-01 15:09:00.000,16.77777,-18.93698,"Halali-Agab",-9999.0,"gps","Loxodonta africana","Etosha1","Etosha1","African elephant - Namibia (Kilian)"
20661320508,true,2013-09-01 15:38:00.000,16.77787,-18.93702,"Halali-Agab",-9999.0,"gps","Loxodonta africana","Etosha1","Etosha1","African elephant - Namibia (Kilian)"
20661320522,true,2013-09-01 16:09:00.000,16.77798,-18.937,"Halali-Agab",-9999.0,"gps","Loxodonta africana","Etosha1","Etosha1","African elephant - Namibia (Kilian)"
20661320534,true,2013-09-01 16:38:00.000,16.78002,-18.93573,"Halali-Agab",-9999.0,"gps","Loxodonta africana","Etosha1","Etosha1","African elephant - Namibia (Kilian)"
20661320547,true,2013-09-01 17:09:00.000,16.78252,-18.93173,"Halali-Agab",-9999.0,"gps","Loxodonta africana","Etosha1","Etosha1","African elephant - Namibia (Kilian)"
20661320557,true,2013-09-01 17:38:00.000,16.78635,-18.92983,"Halali-Agab",-9999.0,"gps","Loxodonta africana","Etosha1","Etosha1","African elephant - Namibia (Kilian)"
20661320571,true,2013-09-01 18:10:00.000,16.79428,-18.92403,"Halali-Agab",-9999.0,"gps","Loxodonta africana","Etosha1","Etosha1","African elephant - Namibia (Kilian)"
20661320581,true,2013-09-01 18:38:00.000,16.79985,-18.91957,"Halali-Agab",-9999.0,"gps","Loxodonta africana","Etosha1","Etosha1","African elephant - Namibia (Kilian)"
20661320596,true,2013-09-01 19:08:00.000,16.80668,-18.91277,"Halali-Agab",-9999.0,"gps","Loxodonta africana","Etosha1","Etosha1","African elephant - Namibia (Kilian)"
20661320606,true,2013-09-01 19:38:00.000,16.81775,-18.90382,"Halali-Agab",-9999.0,"gps","Loxodonta africana","Etosha1","Etosha1","African elephant - Namibia (Kilian)"
20661320620,true,2013-09-01 20:09:00.000,16.82618,-18.89698,"Halali-Agab",-9999.0,"gps","Loxodonta africana","Etosha1","Etosha1","African elephant - Namibia (Kilian)"
20661320631,true,2013-09-01 20:38:00.000,16.82617,-18.89688,"Halali-Agab",-9999.0,"gps","Loxodonta africana","Etosha1","Etosha1","African elephant - Namibia (Kilian)"
20661320645,true,2013-09-01 21:09:00.000,16.82525,-18.89725,"Halali-Agab",-9999.0,"gps","Loxodonta africana","Etosha1","Etosha1","African elephant - Namibia (Kilian)"
20661320656,true,2013-09-01 21:38:00.000,16.8205,-18.8958,"Halali-Agab",-9999.0,"gps","Loxodonta africana","Etosha1","Etosha1","African elephant - Namibia (Kilian)"
20661320670,true,2013-09-01 22:08:00.000,16.8154,-18.89485,"Halali-Agab",-9999.0,"gps","Loxodonta africana","Etosha1","Etosha1","African elephant - Namibia (Kilian)"
20661320680,true,2013-09-01 22:38:00.000,16.80662,-18.89437,"Halali-Agab",-9999.0,"gps","Loxodonta africana","Etosha1","Etosha1","African elephant - Namibia (Kilian)"
20661320695,true,2013-09-01 23:08:00.000,16.80172,-18.89355,"Halali-Agab",-9999.0,"gps","Loxodonta africana","Etosha1","Etosha1","African elephant - Namibia (Kilian)"
20661320703,true,2013-09-01 23:38:00.000,16.79593,-18.89292,"Halali-Agab",-9999.0,"gps","Loxodonta africana","Etosha1","Etosha1","African elephant - Namibia (Kilian)"
20661320717,true,2013-09-02 00:08:00.000,16.79428,-18.89395,"Halali-Agab",-9999.0,"gps","Loxodonta africana","Etosha1","Etosha1","African elephant - Namibia (Kilian)"
20661320729,true,2013-09-02 00:39:00.000,16.7929,-18.8947,"Halali-Agab",-9999.0,"gps","Loxodonta africana","Etosha1","Etosha1","African elephant - Namibia (Kilian)"
20661320742,true,2013-09-02 01:08:00.000,16.79255,-18.89657,"Halali-Agab",-9999.0,"gps","Loxodonta africana","Etosha1","Etosha1","African elephant - Namibia (Kilian)"
20661320752,true,2013-09-02 01:38:00.000,16.7918,-18.8974,"Halali-Agab",-9999.0,"gps","Loxodonta africana","Etosha1","Etosha1","African elephant - Namibia (Kilian)"
20661320765,true,2013-09-02 02:08:00.000,16.78955,-18.89842,"Halali-Agab",-9999.0,"gps","Loxodonta africana","Etosha1","Etosha1","African elephant - Namibia (Kilian)"
20661320775,true,2013-09-02 02:38:00.000,16.7878,-18.89955,"Halali-Agab",-9999.0,"gps","Loxodonta africana","Etosha1","Etosha1","African elephant - Namibia (Kilian)"
20661320790,true,2013-09-02 03:09:00.000,16.78605,-18.90218,"Halali-Agab",-9999.0,"gps","Loxodonta africana","Etosha1","Etosha1","African elephant - Namibia (Kilian)"
20661320799,true,2013-09-02 03:38:00.000,16.78388,-18.9029,"Halali-Agab",-9999.0,"gps","Loxodonta africana","Etosha1","Etosha1","African elephant - Namibia (Kilian)"
20661320814,true,2013-09-02 04:08:00.000,16.7827,-18.90333,"Halali-Agab",-9999.0,"gps","Loxodonta africana","Etosha1","Etosha1","African elephant - Namibia (Kilian)"
20661320826,true,2013-09-02 04:39:00.000,16.7812,-18.90497,"Halali-Agab",-9999.0,"gps","Loxodonta africana","Etosha1","Etosha1","African elephant - Namibia (Kilian)"
20661320841,true,2013-09-02 05:08:00.000,16.77843,-18.90765,"Halali-Agab",-9999.0,"gps","Loxodonta africana","Etosha1","Etosha1","African elephant - Namibia (Kilian)"
20661320851,true,2013-09-02 05:38:00.000,16.77743,-18.90868,"Halali-Agab",-9999.0,"gps","Loxodonta africana","Etosha1","Etosha1","African elephant - Namibia (Kilian)"
20661320864,true,2013-09-02 06:09:00.000,16.77653,-18.90915,"Halali-Agab",-9999.0,"gps","Loxodonta africana","Etosha1","Etosha1","African elephant - Namibia (Kilian)"
20661320874,true,2013-09-02 06:39:00.000,16.77357,-18.91162,"Halali-Agab",-9999.0,"gps","Loxodonta africana","Etosha1","Etosha1","African elephant - Namibia (Kilian)"
20661320889,true,2013-09-02 07:08:00.000,16.77138,-18.9129,"Halali-Agab",-9999.0,"gps","Loxodonta africana","Etosha1","Etosha1","African elephant - Namibia (Kilian)"
20661320898,true,2013-09-02 07:38:00.000,16.77005,-18.9128,"Halali-Agab",-9999.0,"gps","Loxodonta africana","Etosha1","Etosha1","African elephant - Namibia (Kilian)"
20661320911,true,2013-09-02 08:09:00.000,16.76937,-18.91193,"Halali-Agab",-9999.0,"gps","Loxodonta africana","Etosha1","Etosha1","African elephant - Namibia (Kilian)"
20661320922,true,2013-09-02 08:38:00.000,16.7684,-18.90997,"Halali-Agab",-9999.0,"gps","Loxodonta africana","Etosha1","Etosha1","African elephant - Namibia (Kilian)"
20661320934,true,2013-09-02 09:08:00.000,16.76808,-18.90942,"Halali-Agab",-9999.0,"gps","Loxodonta africana","Etosha1","Etosha1","African elephant - Namibia (Kilian)"
20661320943,true,2013-09-02 09:38:00.000,16.76835,-18.90895,"Halali-Agab",-9999.0,"gps","Loxodonta africana","Etosha1","Etosha1","African elephant - Namibia (Kilian)"
20661320956,true,2013-09-02 10:08:00.000,16.7689,-18.90868,"Halali-Agab",-9999.0,"gps","Loxodonta africana","Etosha1","Etosha1","African elephant - Namibia (Kilian)"
20661320966,true,2013-09-02 10:38:00.000,16.76872,-18.90758,"Halali-Agab",-9999.0,"gps","Loxodonta africana","Etosha1","Etosha1","African elephant - Namibia (Kilian)"
20661320982,true,2013-09-02 11:08:00.000,16.76812,-18.90733,"Halali-Agab",-9999.0,"gps","Loxodonta africana","Etosha1","Etosha1","African elephant - Namibia (Kilian)"
20661320992,true,2013-09-02 11:39:00.000,16.7682,-18.90732,"Halali-Agab",-9999.0,"gps","Loxodonta africana","Etosha1","Etosha1","African elephant - Namibia (Kilian)"
20661321005,true,2013-09-02 12:09:00.000,16.76815,-18.90735,"Halali-Agab",-9999.0,"gps","Loxodonta africana","Etosha1","Etosha1","African elephant - Namibia (Kilian)"
20661321015,true,2013-09-02 12:39:00.000,16.7679,-18.90743,"Halali-Agab",-9999.0,"gps","Loxodonta africana","Etosha1","Etosha1","African elephant - Namibia (Kilian)"
20661321029,true,2013-09-02 13:08:00.000,16.76792,-18.90737,"Halali-Agab",-9999.0,"gps","Loxodonta africana","Etosha1","Etosha1","African elephant - Namibia (Kilian)"
20661321039,true,2013-09-02 13:39:00.000,16.76788,-18.90743,"Halali-Agab",-9999.0,"gps","Loxodonta africana","Etosha1","Etosha1","African elephant - Namibia (Kilian)"
20661321052,true,2013-09-02 14:09:00.000,16.7679,-18.90725,"Halali-Agab",-9999.0,"gps","Loxodonta africana","Etosha1","Etosha1","African elephant - Namibia (Kilian)"
20661321063,true,2013-09-02 14:38:00.000,16.76738,-18.90717,"Halali-Agab",-9999.0,"gps","Loxodonta africana","Etosha1","Etosha1","African elephant - Namibia (Kilian)"
20661321077,true,2013-09-02 15:08:00.000,16.76682,-18.90673,"Halali-Agab",-9999.0,"gps","Loxodonta africana","Etosha1","Etosha1","African elephant - Namibia (Kilian)"
20661321087,true,2013-09-02 15:38:00.000,16.76685,-18.90677,"Halali-Agab",-9999.0,"gps","Loxodonta africana","Etosha1","Etosha1","African elephant - Namibia (Kilian)"
20661321099,true,2013-09-02 16:08:00.000,16.76682,-18.9068,"Halali-Agab",-9999.0,"gps","Loxodonta africana","Etosha1","Etosha1","African elephant - Namibia (Kilian)"
20661321110,true,2013-09-02 16:39:00.000,16.76505,-18.90645,"Halali-Agab",-9999.0,"gps","Loxodonta africana","Etosha1","Etosha1","African elephant - Namibia (Kilian)"
20661321122,true,2013-09-02 17:08:00.000,16.76173,-18.90525,"Halali-Agab",-9999.0,"gps","Loxodonta africana","Etosha1","Etosha1","African elephant - Namibia (Kilian)"
20661321133,true,2013-09-02 17:38:00.000,16.75753,-18.9039,"Halali-Agab",-9999.0,"gps","Loxodonta africana","Etosha1","Etosha1","African elephant - Namibia (Kilian)"
20661321146,true,2013-09-02 18:08:00.000,16.75408,-18.90272,"Halali-Agab",-9999.0,"gps","Loxodonta africana","Etosha1","Etosha1","African elephant - Namibia (Kilian)"
20661321157,true,2013-09-02 18:39:00.000,16.75275,-18.90105,"Halali-Agab",-9999.0,"gps","Loxodonta africana","Etosha1","Etosha1","African elephant - Namibia (Kilian)"
20661321171,true,2013-09-02 19:08:00.000,16.75297,-18.90055,"Halali-Agab",-9999.0,"gps","Loxodonta africana","Etosha1","Etosha1","African elephant - Namibia (Kilian)"
20661321182,true,2013-09-02 19:38:00.000,16.75077,-18.89858,"Halali-Agab",-9999.0,"gps","Loxodonta africana","Etosha1","Etosha1","African elephant - Namibia (Kilian)"
20661321195,true,2013-09-02 20:08:00.000,16.74815,-18.89923,"Halali-Agab",-9999.0,"gps","Loxodonta africana","Etosha1","Etosha1","African elephant - Namibia (Kilian)"
20661321206,true,2013-09-02 20:38:00.000,16.74487,-18.9006,"Halali-Agab",-9999.0,"gps","Loxodonta africana","Etosha1","Etosha1","African elephant - Namibia (Kilian)"
20661321218,true,2013-09-02 21:08:00.000,16.73687,-18.90173,"Halali-Agab",-9999.0,"gps","Loxodonta africana","Etosha1","Etosha1","African elephant - Namibia (Kilian)"
20661321228,true,2013-09-02 21:38:00.000,16.73097,-18.90198,"Halali-Agab",-9999.0,"gps","Loxodonta africana","Etosha1","Etosha1","African elephant - Namibia (Kilian)"
20661321242,true,2013-09-02 22:09:00.000,16.72793,-18.9025,"Halali-Agab",-9999.0,"gps","Loxodonta africana","Etosha1","Etosha1","African elephant - Namibia (Kilian)"
20661321252,true,2013-09-02 22:38:00.000,16.7261,-18.90313,"Halali-Agab",-9999.0,"gps","Loxodonta africana","Etosha1","Etosha1","African elephant - Namibia (Kilian)"
20661321268,true,2013-09-02 23:08:00.000,16.72302,-18.90393,"Halali-Agab",-9999.0,"gps","Loxodonta africana","Etosha1","Etosha1","African elephant - Namibia (Kilian)"
20661321278,true,2013-09-02 23:39:00.000,16.71903,-18.90578,"Halali-Agab",-9999.0,"gps","Loxodonta africana","Etosha1","Etosha1","African elephant - Namibia (Kilian)"
20661321292,true,2013-09-03 00:08:00.000,16.71583,-18.9077,"Halali-Agab",-9999.0,"gps","Loxodonta africana","Etosha1","Etosha1","African elephant - Namibia (Kilian)"
20661321303,true,2013-09-03 00:38:00.000,16.71347,-18.90888,"Halali-Agab",-9999.0,"gps","Loxodonta africana","Etosha1","Etosha1","African elephant - Namibia (Kilian)"
20661321316,true,2013-09-03 01:09:00.000,16.70942,-18.90953,"Halali-Agab",-9999.0,"gps","Loxodonta africana","Etosha1","Etosha1","African elephant - Namibia (Kilian)"
20661321326,true,2013-09-03 01:38:00.000,16.70567,-18.91018,"Halali-Agab",-9999.0,"gps","Loxodonta africana","Etosha1","Etosha1","African elephant - Namibia (Kilian)"
20661321340,true,2013-09-03 02:08:00.000,16.69667,-18.91197,"Halali-Agab",-9999.0,"gps","Loxodonta africana","Etosha1","Etosha1","African elephant - Namibia (Kilian)"
20661321351,true,2013-09-03 02:38:00.000,16.697,-18.91518,"Halali-Agab",-9999.0,"gps","Loxodonta africana","Etosha1","Etosha1","African elephant - Namibia (Kilian)"
20661321366,true,2013-09-03 03:08:00.000,16.69543,-18.92373,"Halali-Agab",-9999.0,"gps","Loxodonta africana","Etosha1","Etosha1","African elephant - Namibia (Kilian)"
20661321377,true,2013-09-03 03:39:00.000,16.6942,-18.93153,"Halali-Agab",-9999.0,"gps","Loxodonta africana","Etosha1","Etosha1","African elephant - Namibia (Kilian)"
20661321391,true,2013-09-03 04:08:00.000,16.68272,-18.9397,"Halali-Agab",-9999.0,"gps","Loxodonta africana","Etosha1","Etosha1","African elephant - Namibia (Kilian)"
20661321402,true,2013-09-03 04:38:00.000,16.67632,-18.94677,"Halali-Agab",-9999.0,"gps","Loxodonta africana","Etosha1","Etosha1","African elephant - Namibia (Kilian)"
20661321416,true,2013-09-03 05:08:00.000,16.67362,-18.94742,"Halali-Agab",-9999.0,"gps","Loxodonta africana","Etosha1","Etosha1","African elephant - Namibia (Kilian)"
20661321426,true,2013-09-03 05:38:00.000,16.67252,-18.94808,"Halali-Agab",-9999.0,"gps","Loxodonta africana","Etosha1","Etosha1","African elephant - Namibia (Kilian)"
20661321439,true,2013-09-03 06:08:00.000,16.66972,-18.94987,"Halali-Agab",-9999.0,"gps","Loxodonta africana","Etosha1","Etosha1","African elephant - Namibia (Kilian)"
20661321449,true,2013-09-03 06:39:00.000,16.66627,-18.94977,"Halali-Agab",-9999.0,"gps","Loxodonta africana","Etosha1","Etosha1","African elephant - Namibia (Kilian)"
20661321464,true,2013-09-03 07:08:00.000,16.66443,-18.94908,"Halali-Agab",-9999.0,"gps","Loxodonta africana","Etosha1","Etosha1","African elephant - Namibia (Kilian)"
20661321474,true,2013-09-03 07:39:00.000,16.66432,-18.94868,"Halali-Agab",-9999.0,"gps","Loxodonta africana","Etosha1","Etosha1","African elephant - Namibia (Kilian)"
20661321488,true,2013-09-03 08:08:00.000,16.66557,-18.9493,"Halali-Agab",-9999.0,"gps","Loxodonta africana","Etosha1","Etosha1","African elephant - Namibia (Kilian)"
20661321499,true,2013-09-03 08:38:00.000,16.6656,-18.94922,"Halali-Agab",-9999.0,"gps","Loxodonta africana","Etosha1","Etosha1","African elephant - Namibia (Kilian)"
20661321513,true,2013-09-03 09:09:00.000,16.66422,-18.9486,"Halali-Agab",-9999.0,"gps","Loxodonta africana","Etosha1","Etosha1","African elephant - Namibia (Kilian)"
20661321524,true,2013-09-03 09:39:00.000,16.65972,-18.94823,"Halali-Agab",-9999.0,"gps","Loxodonta africana","Etosha1","Etosha1","African elephant - Namibia (Kilian)"
20661321538,true,2013-09-03 10:09:00.000,16.65925,-18.94813,"Halali-Agab",-9999.0,"gps","Loxodonta africana","Etosha1","Etosha1","African elephant - Namibia (Kilian)"
20661321548,true,2013-09-03 10:38:00.000,16.65872,-18.94845,"Halali-Agab",-9999.0,"gps","Loxodonta africana","Etosha1","Etosha1","African elephant - Namibia (Kilian)"
20661321563,true,2013-09-03 11:09:00.000,16.65892,-18.94843,"Halali-Agab",-9999.0,"gps","Loxodonta africana","Etosha1","Etosha1","African elephant - Namibia (Kilian)"
20661321573,true,2013-09-03 11:38:00.000,16.65883,-18.94853,"Halali-Agab",-9999.0,"gps","Loxodonta africana","Etosha1","Etosha1","African elephant - Namibia (Kilian)"
20661321662,true,2013-09-03 15:31:00.000,16.65802,-18.9479,"Halali-Agab",-9999.0,"gps","Loxodonta africana","Etosha1","Etosha1","African elephant - Namibia (Kilian)"
20661321714,true,2013-09-03 17:56:00.000,16.65655,-18.9492,"Halali-Agab",-9999.0,"gps","Loxodonta africana","Etosha1","Etosha1","African elephant - Namibia (Kilian)"
20661321727,true,2013-09-03 18:26:00.000,16.65473,-18.95707,"Halali-Agab",-9999.0,"gps","Loxodonta africana","Etosha1","Etosha1","African elephant - Namibia (Kilian)"
20661321739,true,2013-09-03 18:54:00.000,16.6558,-18.96628,"Halali-Agab",-9999.0,"gps","Loxodonta africana","Etosha1","Etosha1","African elephant - Namibia (Kilian)"
20661321751,true,2013-09-03 19:24:00.000,16.65643,-18.9746,"Halali-Agab",-9999.0,"gps","Loxodonta africana","Etosha1","Etosha1","African elephant - Namibia (Kilian)"
20661321762,true,2013-09-03 19:54:00.000,16.65548,-18.97652,"Halali-Agab",-9999.0,"gps","Loxodonta africana","Etosha1","Etosha1","African elephant - Namibia (Kilian)"
20661321776,true,2013-09-03 20:24:00.000,16.65092,-18.98103,"Halali-Agab",-9999.0,"gps","Loxodonta africana","Etosha1","Etosha1","African elephant - Namibia (Kilian)"
20661321787,true,2013-09-03 20:54:00.000,16.64722,-18.98395,"Halali-Agab",-9999.0,"gps","Loxodonta africana","Etosha1","Etosha1","African elephant - Namibia (Kilian)"
20661321799,true,2013-09-03 21:24:00.000,16.6469,-18.9867,"Halali-Agab",-9999.0,"gps","Loxodonta africana","Etosha1","Etosha1","African elephant - Namibia (Kilian)"
20661321810,true,2013-09-03 21:54:00.000,16.64833,-18.98693,"Halali-Agab",-9999.0,"gps","Loxodonta africana","Etosha1","Etosha1","African elephant - Namibia (Kilian)"
20661321823,true,2013-09-03 22:24:00.000,16.64882,-18.98753,"Halali-Agab",-9999.0,"gps","Loxodonta africana","Etosha1","Etosha1","African elephant - Namibia (Kilian)"
20661321836,true,2013-09-03 22:54:00.000,16.64768,-18.98843,"Halali-Agab",-9999.0,"gps","Loxodonta africana","Etosha1","Etosha1","African elephant - Namibia (Kilian)"
20661321849,true,2013-09-03 23:24:00.000,16.64117,-18.99322,"Halali-Agab",-9999.0,"gps","Loxodonta africana","Etosha1","Etosha1","African elephant - Namibia (Kilian)"
20661321859,true,2013-09-03 23:55:00.000,16.6377,-18.99808,"Halali-Agab",-9999.0,"gps","Loxodonta africana","Etosha1","Etosha1","African elephant - Namibia (Kilian)"
20661321872,true,2013-09-04 00:25:00.000,16.63403,-18.99988,"Halali-Agab",-9999.0,"gps","Loxodonta africana","Etosha1","Etosha1","African elephant - Namibia (Kilian)"
20661321882,true,2013-09-04 00:53:00.000,16.62837,-19.001,"Halali-Agab",-9999.0,"gps","Loxodonta africana","Etosha1","Etosha1","African elephant - Namibia (Kilian)"
20661321892,true,2013-09-04 01:24:00.000,16.62787,-19.00167,"Halali-Agab",-9999.0,"gps","Loxodonta africana","Etosha1","Etosha1","African elephant - Namibia (Kilian)"
20661321899,true,2013-09-04 01:54:00.000,16.62787,-19.00208,"Halali-Agab",-9999.0,"gps","Loxodonta africana","Etosha1","Etosha1","African elephant - Namibia (Kilian)"
20661321909,true,2013-09-04 02:24:00.000,16.62803,-19.00217,"Halali-Agab",-9999.0,"gps","Loxodonta africana","Etosha1","Etosha1","African elephant - Namibia (Kilian)"
20661321922,true,2013-09-04 02:54:00.000,16.62833,-19.00272,"Halali-Agab",-9999.0,"gps","Loxodonta africana","Etosha1","Etosha1","African elephant - Namibia (Kilian)"
20661321932,true,2013-09-04 03:23:00.000,16.62862,-19.00303,"Halali-Agab",-9999.0,"gps","Loxodonta africana","Etosha1","Etosha1","African elephant - Namibia (Kilian)"
20661321941,true,2013-09-04 03:54:00.000,16.62847,-19.00263,"Halali-Agab",-9999.0,"gps","Loxodonta africana","Etosha1","Etosha1","African elephant - Namibia (Kilian)"
20661321956,true,2013-09-04 04:24:00.000,16.6272,-19.00268,"Halali-Agab",-9999.0,"gps","Loxodonta africana","Etosha1","Etosha1","African elephant - Namibia (Kilian)"
20661321966,true,2013-09-04 04:54:00.000,16.62543,-19.00322,"Halali-Agab",-9999.0,"gps","Loxodonta africana","Etosha1","Etosha1","African elephant - Namibia (Kilian)"
20661321980,true,2013-09-04 05:24:00.000,16.62517,-19.00323,"Halali-Agab",-9999.0,"gps","Loxodonta africana","Etosha1","Etosha1","African elephant - Namibia (Kilian)"
20661321991,true,2013-09-04 05:55:00.000,16.62528,-19.00337,"Halali-Agab",-9999.0,"gps","Loxodonta africana","Etosha1","Etosha1","African elephant - Namibia (Kilian)"
20661322003,true,2013-09-04 06:24:00.000,16.62522,-19.00333,"Halali-Agab",-9999.0,"gps","Loxodonta africana","Etosha1","Etosha1","African elephant - Namibia (Kilian)"
20661322015,true,2013-09-04 06:54:00.000,16.62518,-19.00318,"Halali-Agab",-9999.0,"gps","Loxodonta africana","Etosha1","Etosha1","African elephant - Namibia (Kilian)"
20661322027,true,2013-09-04 07:24:00.000,16.62498,-19.00305,"Halali-Agab",-9999.0,"gps","Loxodonta africana","Etosha1","Etosha1","African elephant - Namibia (Kilian)"
20661322038,true,2013-09-04 07:54:00.000,16.62325,-19.00263,"Halali-Agab",-9999.0,"gps","Loxodonta africana","Etosha1","Etosha1","African elephant - Namibia (Kilian)"
20661322053,true,2013-09-04 08:24:00.000,16.62293,-19.00245,"Halali-Agab",-9999.0,"gps","Loxodonta africana","Etosha1","Etosha1","African elephant - Namibia (Kilian)"
20661322063,true,2013-09-04 08:54:00.000,16.62217,-19.00197,"Halali-Agab",-9999.0,"gps","Loxodonta africana","Etosha1","Etosha1","African elephant - Namibia (Kilian)"
20661322078,true,2013-09-04 09:24:00.000,16.6208,-19.00227,"Halali-Agab",-9999.0,"gps","Loxodonta africana","Etosha1","Etosha1","African elephant - Namibia (Kilian)"
20661322087,true,2013-09-04 09:54:00.000,16.62002,-19.0022,"Halali-Agab",-9999.0,"gps","Loxodonta africana","Etosha1","Etosha1","African elephant - Namibia (Kilian)"
20661322101,true,2013-09-04 10:24:00.000,16.61962,-19.00158,"Halali-Agab",-9999.0,"gps","Loxodonta africana","Etosha1","Etosha1","African elephant - Namibia (Kilian)"
20661322113,true,2013-09-04 10:54:00.000,16.61933,-19.00155,"Halali-Agab",-9999.0,"gps","Loxodonta africana","Etosha1","Etosha1","African elephant - Namibia (Kilian)"
20661322131,true,2013-09-04 11:54:00.000,16.61915,-19.00155,"Halali-Agab",-9999.0,"gps","Loxodonta africana","Etosha1","Etosha1","African elephant - Namibia (Kilian)"
20661322142,true,2013-09-04 12:23:00.000,16.61933,-19.00123,"Halali-Agab",-9999.0,"gps","Loxodonta africana","Etosha1","Etosha1","African elephant - Namibia (Kilian)"
20661322152,true,2013-09-04 12:53:00.000,16.6193,-19.00115,"Halali-Agab",-9999.0,"gps","Loxodonta africana","Etosha1","Etosha1","African elephant - Namibia (Kilian)"
20661322164,true,2013-09-04 13:23:00.000,16.61942,-19.00067,"Halali-Agab",-9999.0,"gps","Loxodonta africana","Etosha1","Etosha1","African elephant - Namibia (Kilian)"
20661322174,true,2013-09-04 13:53:00.000,16.6194,-19.00077,"Halali-Agab",-9999.0,"gps","Loxodonta africana","Etosha1","Etosha1","African elephant - Namibia (Kilian)"
20661322187,true,2013-09-04 14:23:00.000,16.61938,-19.0004,"Halali-Agab",-9999.0,"gps","Loxodonta africana","Etosha1","Etosha1","African elephant - Namibia (Kilian)"
20661322200,true,2013-09-04 14:53:00.000,16.61918,-19.00032,"Halali-Agab",-9999.0,"gps","Loxodonta africana","Etosha1","Etosha1","African elephant - Namibia (Kilian)"
20661322212,true,2013-09-04 15:23:00.000,16.61933,-19.00048,"Halali-Agab",-9999.0,"gps","Loxodonta africana","Etosha1","Etosha1","African elephant - Namibia (Kilian)"
20661322222,true,2013-09-04 15:53:00.000,16.6194,-19.0005,"Halali-Agab",-9999.0,"gps","Loxodonta africana","Etosha1","Etosha1","African elephant - Namibia (Kilian)"
20661322236,true,2013-09-04 16:23:00.000,16.61872,-19.00032,"Halali-Agab",-9999.0,"gps","Loxodonta africana","Etosha1","Etosha1","African elephant - Namibia (Kilian)"
20661322247,true,2013-09-04 16:54:00.000,16.61692,-19.00003,"Halali-Agab",-9999.0,"gps","Loxodonta africana","Etosha1","Etosha1","African elephant - Namibia (Kilian)"
20661322261,true,2013-09-04 17:23:00.000,16.61545,-19.00063,"Halali-Agab",-9999.0,"gps","Loxodonta africana","Etosha1","Etosha1","African elephant - Namibia (Kilian)"
20661322272,true,2013-09-04 17:53:00.000,16.61513,-18.99938,"Halali-Agab",-9999.0,"gps","Loxodonta africana","Etosha1","Etosha1","African elephant - Namibia (Kilian)"
20661322285,true,2013-09-04 18:23:00.000,16.61565,-18.99757,"Halali-Agab",-9999.0,"gps","Loxodonta africana","Etosha1","Etosha1","African elephant - Namibia (Kilian)"
20661322297,true,2013-09-04 18:53:00.000,16.61635,-18.99662,"Halali-Agab",-9999.0,"gps","Loxodonta africana","Etosha1","Etosha1","African elephant - Namibia (Kilian)"
20661322310,true,2013-09-04 19:23:00.000,16.61603,-18.99423,"Halali-Agab",-9999.0,"gps","Loxodonta africana","Etosha1","Etosha1","African elephant - Namibia (Kilian)"
20661322321,true,2013-09-04 19:53:00.000,16.61592,-18.99323,"Halali-Agab",-9999.0,"gps","Loxodonta africana","Etosha1","Etosha1","African elephant - Namibia (Kilian)"
20661322334,true,2013-09-04 20:23:00.000,16.61537,-18.9922,"Halali-Agab",-9999.0,"gps","Loxodonta africana","Etosha1","Etosha1","African elephant - Namibia (Kilian)"
20661322345,true,2013-09-04 20:53:00.000,16.61252,-18.99158,"Halali-Agab",-9999.0,"gps","Loxodonta africana","Etosha1","Etosha1","African elephant - Namibia (Kilian)"
20661322359,true,2013-09-04 21:23:00.000,16.61185,-18.99153,"Halali-Agab",-9999.0,"gps","Loxodonta africana","Etosha1","Etosha1","African elephant - Namibia (Kilian)"
20661322370,true,2013-09-04 21:53:00.000,16.61155,-18.99175,"Halali-Agab",-9999.0,"gps","Loxodonta africana","Etosha1","Etosha1","African elephant - Namibia (Kilian)"
20661322382,true,2013-09-04 22:23:00.000,16.61062,-18.99185,"Halali-Agab",-9999.0,"gps","Loxodonta africana","Etosha1","Etosha1","African elephant - Namibia (Kilian)"
20661322395,true,2013-09-04 22:53:00.000,16.6097,-18.9918,"Halali-Agab",-9999.0,"gps","Loxodonta africana","Etosha1","Etosha1","African elephant - Namibia (Kilian)"
20661322408,true,2013-09-04 23:23:00.000,16.60873,-18.99258,"Halali-Agab",-9999.0,"gps","Loxodonta africana","Etosha1","Etosha1","African elephant - Namibia (Kilian)"
20661322419,true,2013-09-04 23:53:00.000,16.60807,-18.99333,"Halali-Agab",-9999.0,"gps","Loxodonta africana","Etosha1","Etosha1","African elephant - Namibia (Kilian)"
20661322433,true,2013-09-05 00:23:00.000,16.60743,-18.9937,"Halali-Agab",-9999.0,"gps","Loxodonta africana","Etosha1","Etosha1","African elephant - Namibia (Kilian)"
20661322444,true,2013-09-05 00:53:00.000,16.60732,-18.99403,"Halali-Agab",-9999.0,"gps","Loxodonta africana","Etosha1","Etosha1","African elephant - Namibia (Kilian)"
20661322458,true,2013-09-05 01:23:00.000,16.60693,-18.99347,"Halali-Agab",-9999.0,"gps","Loxodonta africana","Etosha1","Etosha1","African elephant - Namibia (Kilian)"
20661322468,true,2013-09-05 01:53:00.000,16.60692,-18.99315,"Halali-Agab",-9999.0,"gps","Loxodonta africana","Etosha1","Etosha1","African elephant - Namibia (Kilian)"
20661322482,true,2013-09-05 02:23:00.000,16.60652,-18.99442,"Halali-Agab",-9999.0,"gps","Loxodonta africana","Etosha1","Etosha1","African elephant - Namibia (Kilian)"
20661322495,true,2013-09-05 02:53:00.000,16.6058,-18.9961,"Halali-Agab",-9999.0,"gps","Loxodonta africana","Etosha1","Etosha1","African elephant - Namibia (Kilian)"
20661322507,true,2013-09-05 03:23:00.000,16.60563,-18.99768,"Halali-Agab",-9999.0,"gps","Loxodonta africana","Etosha1","Etosha1","African elephant - Namibia (Kilian)"
20661322517,true,2013-09-05 03:53:00.000,16.60583,-18.99772,"Halali-Agab",-9999.0,"gps","Loxodonta africana","Etosha1","Etosha1","African elephant - Namibia (Kilian)"
20661322529,true,2013-09-05 04:23:00.000,16.6059,-18.99778,"Halali-Agab",-9999.0,"gps","Loxodonta africana","Etosha1","Etosha1","African elephant - Namibia (Kilian)"
20661322539,true,2013-09-05 04:53:00.000,16.60548,-18.99773,"Halali-Agab",-9999.0,"gps","Loxodonta africana","Etosha1","Etosha1","African elephant - Namibia (Kilian)"
20661322554,true,2013-09-05 05:24:00.000,16.60562,-18.99783,"Halali-Agab",-9999.0,"gps","Loxodonta africana","Etosha1","Etosha1","African elephant - Namibia (Kilian)"
20661322563,true,2013-09-05 05:56:00.000,16.6058,-18.99787,"Halali-Agab",-9999.0,"gps","Loxodonta africana","Etosha1","Etosha1","African elephant - Namibia (Kilian)"
20661322574,true,2013-09-05 06:23:00.000,16.60388,-18.99815,"Halali-Agab",-9999.0,"gps","Loxodonta africana","Etosha1","Etosha1","African elephant - Namibia (Kilian)"
20661322587,true,2013-09-05 06:53:00.000,16.59923,-18.99803,"Halali-Agab",-9999.0,"gps","Loxodonta africana","Etosha1","Etosha1","African elephant - Namibia (Kilian)"
20661322600,true,2013-09-05 07:23:00.000,16.59272,-18.99928,"Halali-Agab",-9999.0,"gps","Loxodonta africana","Etosha1","Etosha1","African elephant - Namibia (Kilian)"
20661322611,true,2013-09-05 07:53:00.000,16.58768,-19.00203,"Halali-Agab",-9999.0,"gps","Loxodonta africana","Etosha1","Etosha1","African elephant - Namibia (Kilian)"
20661322625,true,2013-09-05 08:24:00.000,16.58387,-19.00017,"Halali-Agab",-9999.0,"gps","Loxodonta africana","Etosha1","Etosha1","African elephant - Namibia (Kilian)"
20661322635,true,2013-09-05 08:53:00.000,16.57797,-18.99758,"Halali-Agab",-9999.0,"gps","Loxodonta africana","Etosha1","Etosha1","African elephant - Namibia (Kilian)"
20661322649,true,2013-09-05 09:23:00.000,16.57583,-18.99693,"Halali-Agab",-9999.0,"gps","Loxodonta africana","Etosha1","Etosha1","African elephant - Namibia (Kilian)"
20661322660,true,2013-09-05 09:53:00.000,16.57175,-18.99427,"Halali-Agab",-9999.0,"gps","Loxodonta africana","Etosha1","Etosha1","African elephant - Namibia (Kilian)"
20661322673,true,2013-09-05 10:24:00.000,16.57142,-18.99397,"Halali-Agab",-9999.0,"gps","Loxodonta africana","Etosha1","Etosha1","African elephant - Namibia (Kilian)"
20661322686,true,2013-09-05 10:53:00.000,16.57062,-18.99417,"Halali-Agab",-9999.0,"gps","Loxodonta africana","Etosha1","Etosha1","African elephant - Namibia (Kilian)"
20661322699,true,2013-09-05 11:23:00.000,16.56437,-18.99255,"Halali-Agab",-9999.0,"gps","Loxodonta africana","Etosha1","Etosha1","African elephant - Namibia (Kilian)"
20661322708,true,2013-09-05 11:53:00.000,16.55557,-18.99083,"Halali-Agab",-9999.0,"gps","Loxodonta africana","Etosha1","Etosha1","African elephant - Namibia (Kilian)"
20661322721,true,2013-09-05 12:23:00.000,16.55063,-18.99317,"Halali-Agab",-9999.0,"gps","Loxodonta africana","Etosha1","Etosha1","African elephant - Namibia (Kilian)"
20661322732,true,2013-09-05 12:53:00.000,16.54873,-18.99303,"Halali-Agab",-9999.0,"gps","Loxodonta africana","Etosha1","Etosha1","African elephant - Namibia (Kilian)"
20661322745,true,2013-09-05 13:23:00.000,16.54843,-18.9924,"Halali-Agab",-9999.0,"gps","Loxodonta africana","Etosha1","Etosha1","African elephant - Namibia (Kilian)"
20661322755,true,2013-09-05 13:53:00.000,16.54913,-18.99123,"Halali-Agab",-9999.0,"gps","Loxodonta africana","Etosha1","Etosha1","African elephant - Namibia (Kilian)"
20661322767,true,2013-09-05 14:23:00.000,16.55193,-18.9908,"Halali-Agab",-9999.0,"gps","Loxodonta africana","Etosha1","Etosha1","African elephant - Namibia (Kilian)"
20661322779,true,2013-09-05 14:53:00.000,16.55193,-18.9908,"Halali-Agab",-9999.0,"gps","Loxodonta africana","Etosha1","Etosha1","African elephant - Namibia (Kilian)"
20661322792,true,2013-09-05 15:23:00.000,16.55775,-18.99028,"Halali-Agab",-9999.0,"gps","Loxodonta africana","Etosha1","Etosha1","African elephant - Namibia (Kilian)"
20661322803,true,2013-09-05 15:53:00.000,16.55085,-18.99313,"Halali-Agab",-9999.0,"gps","Loxodonta africana","Etosha1","Etosha1","African elephant - Namibia (Kilian)"
20661322816,true,2013-09-05 16:23:00.000,16.54985,-18.99462,"Halali-Agab",-9999.0,"gps","Loxodonta africana","Etosha1","Etosha1","African elephant - Namibia (Kilian)"
20661322827,true,2013-09-05 16:53:00.000,16.5481,-18.9935,"Halali-Agab",-9999.0,"gps","Loxodonta africana","Etosha1","Etosha1","African elephant - Namibia (Kilian)"
20661322840,true,2013-09-05 17:23:00.000,16.54853,-18.99268,"Halali-Agab",-9999.0,"gps","Loxodonta africana","Etosha1","Etosha1","African elephant - Namibia (Kilian)"
20661322850,true,2013-09-05 17:53:00.000,16.54828,-18.99265,"Halali-Agab",-9999.0,"gps","Loxodonta africana","Etosha1","Etosha1","African elephant - Namibia (Kilian)"
20661322863,true,2013-09-05 18:23:00.000,16.54768,-18.9944,"Halali-Agab",-9999.0,"gps","Loxodonta africana","Etosha1","Etosha1","African elephant - Namibia (Kilian)"
20661322877,true,2013-09-05 18:53:00.000,16.54695,-18.99633,"Halali-Agab",-9999.0,"gps","Loxodonta africana","Etosha1","Etosha1","African elephant - Namibia (Kilian)"
20661322890,true,2013-09-05 19:23:00.000,16.54517,-18.99848,"Halali-Agab",-9999.0,"gps","Loxodonta africana","Etosha1","Etosha1","African elephant - Namibia (Kilian)"
20661322901,true,2013-09-05 19:53:00.000,16.54492,-18.99938,"Halali-Agab",-9999.0,"gps","Loxodonta africana","Etosha1","Etosha1","African elephant - Namibia (Kilian)"
20661322914,true,2013-09-05 20:23:00.000,16.54387,-19.00088,"Halali-Agab",-9999.0,"gps","Loxodonta africana","Etosha1","Etosha1","African elephant - Namibia (Kilian)"
20661322924,true,2013-09-05 20:53:00.000,16.54297,-19.00218,"Halali-Agab",-9999.0,"gps","Loxodonta africana","Etosha1","Etosha1","African elephant - Namibia (Kilian)"
20661322938,true,2013-09-05 21:23:00.000,16.54205,-19.00445,"Halali-Agab",-9999.0,"gps","Loxodonta africana","Etosha1","Etosha1","African elephant - Namibia (Kilian)"
20661322949,true,2013-09-05 21:53:00.000,16.54193,-19.0055,"Halali-Agab",-9999.0,"gps","Loxodonta africana","Etosha1","Etosha1","African elephant - Namibia (Kilian)"
20661322962,true,2013-09-05 22:23:00.000,16.54005,-19.00848,"Halali-Agab",-9999.0,"gps","Loxodonta africana","Etosha1","Etosha1","African elephant - Namibia (Kilian)"
20661322976,true,2013-09-05 22:53:00.000,16.53957,-19.00977,"Halali-Agab",-9999.0,"gps","Loxodonta africana","Etosha1","Etosha1","African elephant - Namibia (Kilian)"
20661322989,true,2013-09-05 23:23:00.000,16.53945,-19.0104,"Halali-Agab",-9999.0,"gps","Loxodonta africana","Etosha1","Etosha1","African elephant - Namibia (Kilian)"
20661323000,true,2013-09-05 23:53:00.000,16.53958,-19.01075,"Halali-Agab",-9999.0,"gps","Loxodonta africana","Etosha1","Etosha1","African elephant - Namibia (Kilian)"
20661323013,true,2013-09-06 00:23:00.000,16.5383,-19.01142,"Halali-Agab",-9999.0,"gps","Loxodonta africana","Etosha1","Etosha1","African elephant - Namibia (Kilian)"
20661323024,true,2013-09-06 00:53:00.000,16.53705,-19.01228,"Halali-Agab",-9999.0,"gps","Loxodonta africana","Etosha1","Etosha1","African elephant - Namibia (Kilian)"
20661323038,true,2013-09-06 01:23:00.000,16.53515,-19.01292,"Halali-Agab",-9999.0,"gps","Loxodonta africana","Etosha1","Etosha1","African elephant - Namibia (Kilian)"
20661323049,true,2013-09-06 01:53:00.000,16.53317,-19.01467,"Halali-Agab",-9999.0,"gps","Loxodonta africana","Etosha1","Etosha1","African elephant - Namibia (Kilian)"
20661323061,true,2013-09-06 02:23:00.000,16.5328,-19.01507,"Halali-Agab",-9999.0,"gps","Loxodonta africana","Etosha1","Etosha1","African elephant - Namibia (Kilian)"
20661323073,true,2013-09-06 02:53:00.000,16.53265,-19.01515,"Halali-Agab",-9999.0,"gps","Loxodonta africana","Etosha1","Etosha1","African elephant - Namibia (Kilian)"
20661323086,true,2013-09-06 03:23:00.000,16.53272,-19.01532,"Halali-Agab",-9999.0,"gps","Loxodonta africana","Etosha1","Etosha1","African elephant - Namibia (Kilian)"
20661323097,true,2013-09-06 03:54:00.000,16.53265,-19.01528,"Halali-Agab",-9999.0,"gps","Loxodonta africana","Etosha1","Etosha1","African elephant - Namibia (Kilian)"
20661323108,true,2013-09-06 04:24:00.000,16.53267,-19.01518,"Halali-Agab",-9999.0,"gps","Loxodonta africana","Etosha1","Etosha1","African elephant - Namibia (Kilian)"
20661323119,true,2013-09-06 04:55:00.000,16.53267,-19.01522,"Halali-Agab",-9999.0,"gps","Loxodonta africana","Etosha1","Etosha1","African elephant - Namibia (Kilian)"
20661323131,true,2013-09-06 05:23:00.000,16.53243,-19.01453,"Halali-Agab",-9999.0,"gps","Loxodonta africana","Etosha1","Etosha1","African elephant - Namibia (Kilian)"
20661323139,true,2013-09-06 05:53:00.000,16.53298,-19.01177,"Halali-Agab",-9999.0,"gps","Loxodonta africana","Etosha1","Etosha1","African elephant - Namibia (Kilian)"
20661323151,true,2013-09-06 06:23:00.000,16.53332,-19.00998,"Halali-Agab",-9999.0,"gps","Loxodonta africana","Etosha1","Etosha1","African elephant - Namibia (Kilian)"
20661323163,true,2013-09-06 06:53:00.000,16.53342,-19.00967,"Halali-Agab",-9999.0,"gps","Loxodonta africana","Etosha1","Etosha1","African elephant - Namibia (Kilian)"
20661323176,true,2013-09-06 07:23:00.000,16.53373,-19.00827,"Halali-Agab",-9999.0,"gps","Loxodonta africana","Etosha1","Etosha1","African elephant - Namibia (Kilian)"
20661323187,true,2013-09-06 07:53:00.000,16.5343,-19.00783,"Halali-Agab",-9999.0,"gps","Loxodonta africana","Etosha1","Etosha1","African elephant - Namibia (Kilian)"
20661323200,true,2013-09-06 08:23:00.000,16.53378,-19.00458,"Halali-Agab",-9999.0,"gps","Loxodonta africana","Etosha1","Etosha1","African elephant - Namibia (Kilian)"
20661323211,true,2013-09-06 08:53:00.000,16.53302,-19.00088,"Halali-Agab",-9999.0,"gps","Loxodonta africana","Etosha1","Etosha1","African elephant - Namibia (Kilian)"
20661323225,true,2013-09-06 09:23:00.000,16.53302,-18.99805,"Halali-Agab",-9999.0,"gps","Loxodonta africana","Etosha1","Etosha1","African elephant - Namibia (Kilian)"
20661323236,true,2013-09-06 09:54:00.000,16.53442,-18.9966,"Halali-Agab",-9999.0,"gps","Loxodonta africana","Etosha1","Etosha1","African elephant - Namibia (Kilian)"
20661323249,true,2013-09-06 10:23:00.000,16.53763,-18.99535,"Halali-Agab",-9999.0,"gps","Loxodonta africana","Etosha1","Etosha1","African elephant - Namibia (Kilian)"
20661323260,true,2013-09-06 10:53:00.000,16.53742,-18.99535,"Halali-Agab",-9999.0,"gps","Loxodonta africana","Etosha1","Etosha1","African elephant - Namibia (Kilian)"
20661323272,true,2013-09-06 11:23:00.000,16.54127,-18.99473,"Halali-Agab",-9999.0,"gps","Loxodonta africana","Etosha1","Etosha1","African elephant - Namibia (Kilian)"
20661323376,true,2013-09-06 16:18:00.000,16.54903,-18.9936,"Halali-Agab",-9999.0,"gps","Loxodonta africana","Etosha1","Etosha1","African elephant - Namibia (Kilian)"
20661323389,true,2013-09-06 16:45:00.000,16.55683,-18.99113,"Halali-Agab",-9999.0,"gps","Loxodonta africana","Etosha1","Etosha1","African elephant - Namibia (Kilian)"
20661323399,true,2013-09-06 17:16:00.000,16.55745,-18.99,"Halali-Agab",-9999.0,"gps","Loxodonta africana","Etosha1","Etosha1","African elephant - Namibia (Kilian)"
20661323411,true,2013-09-06 17:46:00.000,16.56222,-18.98945,"Halali-Agab",-9999.0,"gps","Loxodonta africana","Etosha1","Etosha1","African elephant - Namibia (Kilian)"
20661323421,true,2013-09-06 18:16:00.000,16.56268,-18.99068,"Halali-Agab",-9999.0,"gps","Loxodonta africana","Etosha1","Etosha1","African elephant - Namibia (Kilian)"
20661323437,true,2013-09-06 18:46:00.000,16.56567,-18.99422,"Halali-Agab",-9999.0,"gps","Loxodonta africana","Etosha1","Etosha1","African elephant - Namibia (Kilian)"
20661323446,true,2013-09-06 19:15:00.000,16.56707,-18.99538,"Halali-Agab",-9999.0,"gps","Loxodonta africana","Etosha1","Etosha1","African elephant - Namibia (Kilian)"
20661323459,true,2013-09-06 19:45:00.000,16.56908,-18.99592,"Halali-Agab",-9999.0,"gps","Loxodonta africana","Etosha1","Etosha1","African elephant - Namibia (Kilian)"
20661323467,true,2013-09-06 20:16:00.000,16.57435,-19.00007,"Halali-Agab",-9999.0,"gps","Loxodonta africana","Etosha1","Etosha1","African elephant - Namibia (Kilian)"
20661323479,true,2013-09-06 20:46:00.000,16.57702,-19.00187,"Halali-Agab",-9999.0,"gps","Loxodonta africana","Etosha1","Etosha1","African elephant - Namibia (Kilian)"
20661323489,true,2013-09-06 21:16:00.000,16.5782,-19.0023,"Halali-Agab",-9999.0,"gps","Loxodonta africana","Etosha1","Etosha1","African elephant - Namibia (Kilian)"
20661323501,true,2013-09-06 21:45:00.000,16.57865,-19.0024,"Halali-Agab",-9999.0,"gps","Loxodonta africana","Etosha1","Etosha1","African elephant - Namibia (Kilian)"
20661323511,true,2013-09-06 22:15:00.000,16.57893,-19.0026,"Halali-Agab",-9999.0,"gps","Loxodonta africana","Etosha1","Etosha1","African elephant - Namibia (Kilian)"
20661323528,true,2013-09-06 22:45:00.000,16.57962,-19.00287,"Halali-Agab",-9999.0,"gps","Loxodonta africana","Etosha1","Etosha1","African elephant - Namibia (Kilian)"
20661323537,true,2013-09-06 23:15:00.000,16.57937,-19.00293,"Halali-Agab",-9999.0,"gps","Loxodonta africana","Etosha1","Etosha1","African elephant - Namibia (Kilian)"
20661323550,true,2013-09-06 23:46:00.000,16.57938,-19.00292,"Halali-Agab",-9999.0,"gps","Loxodonta africana","Etosha1","Etosha1","African elephant - Namibia (Kilian)"
20661323559,true,2013-09-07 00:16:00.000,16.57898,-19.00293,"Halali-Agab",-9999.0,"gps","Loxodonta africana","Etosha1","Etosha1","African elephant - Namibia (Kilian)"
20661323573,true,2013-09-07 00:45:00.000,16.5787,-19.00375,"Halali-Agab",-9999.0,"gps","Loxodonta africana","Etosha1","Etosha1","African elephant - Namibia (Kilian)"
20661323584,true,2013-09-07 01:16:00.000,16.57887,-19.00427,"Halali-Agab",-9999.0,"gps","Loxodonta africana","Etosha1","Etosha1","African elephant - Namibia (Kilian)"
20661323599,true,2013-09-07 01:46:00.000,16.57913,-19.00448,"Halali-Agab",-9999.0,"gps","Loxodonta africana","Etosha1","Etosha1","African elephant - Namibia (Kilian)"
20661323609,true,2013-09-07 02:16:00.000,16.57942,-19.00442,"Halali-Agab",-9999.0,"gps","Loxodonta africana","Etosha1","Etosha1","African elephant - Namibia (Kilian)"
20661323625,true,2013-09-07 02:46:00.000,16.57945,-19.00435,"Halali-Agab",-9999.0,"gps","Loxodonta africana","Etosha1","Etosha1","African elephant - Namibia (Kilian)"
20661323648,true,2013-09-07 03:46:00.000,16.57953,-19.0045,"Halali-Agab",-9999.0,"gps","Loxodonta africana","Etosha1","Etosha1","African elephant - Namibia (Kilian)"
20661323670,true,2013-09-07 04:46:00.000,16.57952,-19.0044,"Halali-Agab",-9999.0,"gps","Loxodonta africana","Etosha1","Etosha1","African elephant - Namibia (Kilian)"
20661323699,true,2013-09-07 06:16:00.000,16.57942,-19.00422,"Halali-Agab",-9999.0,"gps","Loxodonta africana","Etosha1","Etosha1","African elephant - Namibia (Kilian)"
20661323712,true,2013-09-07 06:45:00.000,16.57948,-19.00395,"Halali-Agab",-9999.0,"gps","Loxodonta africana","Etosha1","Etosha1","African elephant - Namibia (Kilian)"
20661323724,true,2013-09-07 07:16:00.000,16.57942,-19.00373,"Halali-Agab",-9999.0,"gps","Loxodonta africana","Etosha1","Etosha1","African elephant - Namibia (Kilian)"
20661323737,true,2013-09-07 07:46:00.000,16.57982,-19.00372,"Halali-Agab",-9999.0,"gps","Loxodonta africana","Etosha1","Etosha1","African elephant - Namibia (Kilian)"
20661323747,true,2013-09-07 08:16:00.000,16.58023,-19.00328,"Halali-Agab",-9999.0,"gps","Loxodonta africana","Etosha1","Etosha1","African elephant - Namibia (Kilian)"
20661323760,true,2013-09-07 08:45:00.000,16.5805,-19.0025,"Halali-Agab",-9999.0,"gps","Loxodonta africana","Etosha1","Etosha1","African elephant - Namibia (Kilian)"
20661323772,true,2013-09-07 09:16:00.000,16.58152,-19.00203,"Halali-Agab",-9999.0,"gps","Loxodonta africana","Etosha1","Etosha1","African elephant - Namibia (Kilian)"
20661323785,true,2013-09-07 09:45:00.000,16.58138,-19.00208,"Halali-Agab",-9999.0,"gps","Loxodonta africana","Etosha1","Etosha1","African elephant - Namibia (Kilian)"
20661323796,true,2013-09-07 10:15:00.000,16.58135,-19.00208,"Halali-Agab",-9999.0,"gps","Loxodonta africana","Etosha1","Etosha1","African elephant - Namibia (Kilian)"
20661323811,true,2013-09-07 10:45:00.000,16.5824,-19.00088,"Halali-Agab",-9999.0,"gps","Loxodonta africana","Etosha1","Etosha1","African elephant - Namibia (Kilian)"
20661323822,true,2013-09-07 11:16:00.000,16.58308,-18.99953,"Halali-Agab",-9999.0,"gps","Loxodonta africana","Etosha1","Etosha1","African elephant - Namibia (Kilian)"
20661323835,true,2013-09-07 11:46:00.000,16.5835,-18.99922,"Halali-Agab",-9999.0,"gps","Loxodonta africana","Etosha1","Etosha1","African elephant - Namibia (Kilian)"
20661323846,true,2013-09-07 12:15:00.000,16.58575,-18.99862,"Halali-Agab",-9999.0,"gps","Loxodonta africana","Etosha1","Etosha1","African elephant - Namibia (Kilian)"
20661323859,true,2013-09-07 12:46:00.000,16.58642,-18.9981,"Halali-Agab",-9999.0,"gps","Loxodonta africana","Etosha1","Etosha1","African elephant - Namibia (Kilian)"
20661323868,true,2013-09-07 13:15:00.000,16.58722,-18.99787,"Halali-Agab",-9999.0,"gps","Loxodonta africana","Etosha1","Etosha1","African elephant - Namibia (Kilian)"
20661323882,true,2013-09-07 13:45:00.000,16.5873,-18.99752,"Halali-Agab",-9999.0,"gps","Loxodonta africana","Etosha1","Etosha1","African elephant - Namibia (Kilian)"
20661323892,true,2013-09-07 14:16:00.000,16.58717,-18.99748,"Halali-Agab",-9999.0,"gps","Loxodonta africana","Etosha1","Etosha1","African elephant - Namibia (Kilian)"
20661323906,true,2013-09-07 14:45:00.000,16.58803,-18.99757,"Halali-Agab",-9999.0,"gps","Loxodonta africana","Etosha1","Etosha1","African elephant - Namibia (Kilian)"
20661323916,true,2013-09-07 15:16:00.000,16.58818,-18.99765,"Halali-Agab",-9999.0,"gps","Loxodonta africana","Etosha1","Etosha1","African elephant - Namibia (Kilian)"
20661323931,true,2013-09-07 15:46:00.000,16.5884,-18.99738,"Halali-Agab",-9999.0,"gps","Loxodonta africana","Etosha1","Etosha1","African elephant - Namibia (Kilian)"
20661323940,true,2013-09-07 16:15:00.000,16.58938,-18.99657,"Halali-Agab",-9999.0,"gps","Loxodonta africana","Etosha1","Etosha1","African elephant - Namibia (Kilian)"
20661323954,true,2013-09-07 16:45:00.000,16.59093,-18.99567,"Halali-Agab",-9999.0,"gps","Loxodonta africana","Etosha1","Etosha1","African elephant - Namibia (Kilian)"
20661323965,true,2013-09-07 17:16:00.000,16.59595,-18.99562,"Halali-Agab",-9999.0,"gps","Loxodonta africana","Etosha1","Etosha1","African elephant - Namibia (Kilian)"
20661323979,true,2013-09-07 17:46:00.000,16.60193,-18.99387,"Halali-Agab",-9999.0,"gps","Loxodonta africana","Etosha1","Etosha1","African elephant - Namibia (Kilian)"
20661323989,true,2013-09-07 18:16:00.000,16.60547,-18.99213,"Halali-Agab",-9999.0,"gps","Loxodonta africana","Etosha1","Etosha1","African elephant - Namibia (Kilian)"
20661324014,true,2013-09-07 19:46:00.000,16.61798,-18.98858,"Halali-Agab",-9999.0,"gps","Loxodonta africana","Etosha1","Etosha1","African elephant - Namibia (Kilian)"
20661324023,true,2013-09-07 20:15:00.000,16.61958,-18.98702,"Halali-Agab",-9999.0,"gps","Loxodonta africana","Etosha1","Etosha1","African elephant - Namibia (Kilian)"
20661324037,true,2013-09-07 20:45:00.000,16.62233,-18.98408,"Halali-Agab",-9999.0,"gps","Loxodonta africana","Etosha1","Etosha1","African elephant - Namibia (Kilian)"
20661324063,true,2013-09-07 21:58:00.000,16.62518,-18.983,"Halali-Agab",-9999.0,"gps","Loxodonta africana","Etosha1","Etosha1","African elephant - Namibia (Kilian)"
20661324077,true,2013-09-07 22:27:00.000,16.62862,-18.98068,"Halali-Agab",-9999.0,"gps","Loxodonta africana","Etosha1","Etosha1","African elephant - Namibia (Kilian)"
20661324089,true,2013-09-07 22:58:00.000,16.63497,-18.97735,"Halali-Agab",-9999.0,"gps","Loxodonta africana","Etosha1","Etosha1","African elephant - Namibia (Kilian)"
20661324102,true,2013-09-07 23:27:00.000,16.64148,-18.97712,"Halali-Agab",-9999.0,"gps","Loxodonta africana","Etosha1","Etosha1","African elephant - Namibia (Kilian)"
20661324131,true,2013-09-08 00:42:00.000,16.65718,-18.97535,"Halali-Agab",-9999.0,"gps","Loxodonta africana","Etosha1","Etosha1","African elephant - Namibia (Kilian)"
20661324142,true,2013-09-08 01:11:00.000,16.65415,-18.97947,"Halali-Agab",-9999.0,"gps","Loxodonta africana","Etosha1","Etosha1","African elephant - Namibia (Kilian)"
20661324156,true,2013-09-08 01:41:00.000,16.65398,-18.98055,"Halali-Agab",-9999.0,"gps","Loxodonta africana","Etosha1","Etosha1","African elephant - Namibia (Kilian)"
20661324166,true,2013-09-08 02:11:00.000,16.65428,-18.98175,"Halali-Agab",-9999.0,"gps","Loxodonta africana","Etosha1","Etosha1","African elephant - Namibia (Kilian)"
20661324180,true,2013-09-08 02:41:00.000,16.65437,-18.98212,"Halali-Agab",-9999.0,"gps","Loxodonta africana","Etosha1","Etosha1","African elephant - Namibia (Kilian)"
20661324192,true,2013-09-08 03:12:00.000,16.6543,-18.98408,"Halali-Agab",-9999.0,"gps","Loxodonta africana","Etosha1","Etosha1","African elephant - Namibia (Kilian)"
20661324206,true,2013-09-08 03:41:00.000,16.6542,-18.987,"Halali-Agab",-9999.0,"gps","Loxodonta africana","Etosha1","Etosha1","African elephant - Namibia (Kilian)"
20661324217,true,2013-09-08 04:12:00.000,16.65438,-18.98882,"Halali-Agab",-9999.0,"gps","Loxodonta africana","Etosha1","Etosha1","African elephant - Namibia (Kilian)"
20661324231,true,2013-09-08 04:41:00.000,16.65537,-18.98978,"Halali-Agab",-9999.0,"gps","Loxodonta africana","Etosha1","Etosha1","African elephant - Namibia (Kilian)"
20661324242,true,2013-09-08 05:11:00.000,16.65653,-18.98982,"Halali-Agab",-9999.0,"gps","Loxodonta africana","Etosha1","Etosha1","African elephant - Namibia (Kilian)"
20661324257,true,2013-09-08 05:41:00.000,16.65725,-18.98998,"Halali-Agab",-9999.0,"gps","Loxodonta africana","Etosha1","Etosha1","African elephant - Namibia (Kilian)"
20661324267,true,2013-09-08 06:11:00.000,16.6577,-18.9896,"Halali-Agab",-9999.0,"gps","Loxodonta africana","Etosha1","Etosha1","African elephant - Namibia (Kilian)"
20661324282,true,2013-09-08 06:41:00.000,16.65913,-18.99067,"Halali-Agab",-9999.0,"gps","Loxodonta africana","Etosha1","Etosha1","African elephant - Namibia (Kilian)"
20661324294,true,2013-09-08 07:12:00.000,16.65782,-18.98772,"Halali-Agab",-9999.0,"gps","Loxodonta africana","Etosha1","Etosha1","African elephant - Namibia (Kilian)"
20661324308,true,2013-09-08 07:41:00.000,16.65923,-18.98462,"Halali-Agab",-9999.0,"gps","Loxodonta africana","Etosha1","Etosha1","African elephant - Namibia (Kilian)"
20661324317,true,2013-09-08 08:11:00.000,16.65965,-18.98397,"Halali-Agab",-9999.0,"gps","Loxodonta africana","Etosha1","Etosha1","African elephant - Namibia (Kilian)"
20661324331,true,2013-09-08 08:41:00.000,16.65937,-18.98343,"Halali-Agab",-9999.0,"gps","Loxodonta africana","Etosha1","Etosha1","African elephant - Namibia (Kilian)"
20661324340,true,2013-09-08 09:12:00.000,16.6593,-18.9833,"Halali-Agab",-9999.0,"gps","Loxodonta africana","Etosha1","Etosha1","African elephant - Namibia (Kilian)"
20661324403,true,2013-09-08 11:53:00.000,16.65777,-18.98452,"Halali-Agab",-9999.0,"gps","Loxodonta africana","Etosha1","Etosha1","African elephant - Namibia (Kilian)"
20661324423,true,2013-09-08 12:52:00.000,16.65702,-18.9845,"Halali-Agab",-9999.0,"gps","Loxodonta africana","Etosha1","Etosha1","African elephant - Namibia (Kilian)"
20661324439,true,2013-09-08 13:22:00.000,16.65683,-18.98452,"Halali-Agab",-9999.0,"gps","Loxodonta africana","Etosha1","Etosha1","African elephant - Namibia (Kilian)"
20661324447,true,2013-09-08 13:52:00.000,16.65688,-18.9846,"Halali-Agab",-9999.0,"gps","Loxodonta africana","Etosha1","Etosha1","African elephant - Namibia (Kilian)"
20661324460,true,2013-09-08 14:22:00.000,16.65675,-18.9844,"Halali-Agab",-9999.0,"gps","Loxodonta africana","Etosha1","Etosha1","African elephant - Namibia (Kilian)"
20661324470,true,2013-09-08 14:52:00.000,16.65708,-18.98455,"Halali-Agab",-9999.0,"gps","Loxodonta africana","Etosha1","Etosha1","African elephant - Namibia (Kilian)"
20661324482,true,2013-09-08 15:23:00.000,16.65712,-18.98463,"Halali-Agab",-9999.0,"gps","Loxodonta africana","Etosha1","Etosha1","African elephant - Namibia (Kilian)"
20661324492,true,2013-09-08 15:53:00.000,16.65713,-18.98457,"Halali-Agab",-9999.0,"gps","Loxodonta africana","Etosha1","Etosha1","African elephant - Namibia (Kilian)"
20661324505,true,2013-09-08 16:22:00.000,16.65685,-18.9844,"Halali-Agab",-9999.0,"gps","Loxodonta africana","Etosha1","Etosha1","African elephant - Namibia (Kilian)"
20661324514,true,2013-09-08 16:51:00.000,16.65663,-18.98408,"Halali-Agab",-9999.0,"gps","Loxodonta africana","Etosha1","Etosha1","African elephant - Namibia (Kilian)"
20661324529,true,2013-09-08 17:22:00.000,16.65682,-18.9837,"Halali-Agab",-9999.0,"gps","Loxodonta africana","Etosha1","Etosha1","African elephant - Namibia (Kilian)"
20661324540,true,2013-09-08 17:52:00.000,16.65622,-18.98045,"Halali-Agab",-9999.0,"gps","Loxodonta africana","Etosha1","Etosha1","African elephant - Namibia (Kilian)"
20661324553,true,2013-09-08 18:21:00.000,16.65607,-18.97747,"Halali-Agab",-9999.0,"gps","Loxodonta africana","Etosha1","Etosha1","African elephant - Namibia (Kilian)"
20661324566,true,2013-09-08 18:51:00.000,16.65418,-18.977,"Halali-Agab",-9999.0,"gps","Loxodonta africana","Etosha1","Etosha1","African elephant - Namibia (Kilian)"
20661324579,true,2013-09-08 19:22:00.000,16.65263,-18.98063,"Halali-Agab",-9999.0,"gps","Loxodonta africana","Etosha1","Etosha1","African elephant - Namibia (Kilian)"
20661324589,true,2013-09-08 19:51:00.000,16.65267,-18.98272,"Halali-Agab",-9999.0,"gps","Loxodonta africana","Etosha1","Etosha1","African elephant - Namibia (Kilian)"
20661324602,true,2013-09-08 20:22:00.000,16.6513,-18.98623,"Halali-Agab",-9999.0,"gps","Loxodonta africana","Etosha1","Etosha1","African elephant - Namibia (Kilian)"
20661324614,true,2013-09-08 20:52:00.000,16.65072,-18.98898,"Halali-Agab",-9999.0,"gps","Loxodonta africana","Etosha1","Etosha1","African elephant - Namibia (Kilian)"
20661324628,true,2013-09-08 21:23:00.000,16.64753,-18.99283,"Halali-Agab",-9999.0,"gps","Loxodonta africana","Etosha1","Etosha1","African elephant - Namibia (Kilian)"
20661324638,true,2013-09-08 21:51:00.000,16.64648,-18.99552,"Halali-Agab",-9999.0,"gps","Loxodonta africana","Etosha1","Etosha1","African elephant - Namibia (Kilian)"
20661324652,true,2013-09-08 22:22:00.000,16.64338,-18.99845,"Halali-Agab",-9999.0,"gps","Loxodonta africana","Etosha1","Etosha1","African elephant - Namibia (Kilian)"
20661324665,true,2013-09-08 22:51:00.000,16.64245,-18.99867,"Halali-Agab",-9999.0,"gps","Loxodonta africana","Etosha1","Etosha1","African elephant - Namibia (Kilian)"
20661324678,true,2013-09-08 23:22:00.000,16.64255,-19.00035,"Halali-Agab",-9999.0,"gps","Loxodonta africana","Etosha1","Etosha1","African elephant - Namibia (Kilian)"
20661324689,true,2013-09-08 23:51:00.000,16.6403,-19.00217,"Halali-Agab",-9999.0,"gps","Loxodonta africana","Etosha1","Etosha1","African elephant - Namibia (Kilian)"
20661324702,true,2013-09-09 00:22:00.000,16.6373,-19.00383,"Halali-Agab",-9999.0,"gps","Loxodonta africana","Etosha1","Etosha1","African elephant - Namibia (Kilian)"
20661324713,true,2013-09-09 00:52:00.000,16.6338,-19.00538,"Halali-Agab",-9999.0,"gps","Loxodonta africana","Etosha1","Etosha1","African elephant - Namibia (Kilian)"
20661324728,true,2013-09-09 01:22:00.000,16.63147,-19.00567,"Halali-Agab",-9999.0,"gps","Loxodonta africana","Etosha1","Etosha1","African elephant - Namibia (Kilian)"
20661324738,true,2013-09-09 01:51:00.000,16.62843,-19.00463,"Halali-Agab",-9999.0,"gps","Loxodonta africana","Etosha1","Etosha1","African elephant - Namibia (Kilian)"
20661324751,true,2013-09-09 02:22:00.000,16.62745,-19.00497,"Halali-Agab",-9999.0,"gps","Loxodonta africana","Etosha1","Etosha1","African elephant - Namibia (Kilian)"
20661324763,true,2013-09-09 02:52:00.000,16.62637,-19.00497,"Halali-Agab",-9999.0,"gps","Loxodonta africana","Etosha1","Etosha1","African elephant - Namibia (Kilian)"
20661324775,true,2013-09-09 03:22:00.000,16.62602,-19.00467,"Halali-Agab",-9999.0,"gps","Loxodonta africana","Etosha1","Etosha1","African elephant - Namibia (Kilian)"
20661324785,true,2013-09-09 03:52:00.000,16.62612,-19.0044,"Halali-Agab",-9999.0,"gps","Loxodonta africana","Etosha1","Etosha1","African elephant - Namibia (Kilian)"
20661324797,true,2013-09-09 04:21:00.000,16.6255,-19.00373,"Halali-Agab",-9999.0,"gps","Loxodonta africana","Etosha1","Etosha1","African elephant - Namibia (Kilian)"
20661324808,true,2013-09-09 04:54:00.000,16.62532,-19.0035,"Halali-Agab",-9999.0,"gps","Loxodonta africana","Etosha1","Etosha1","African elephant - Namibia (Kilian)"
20661324820,true,2013-09-09 05:23:00.000,16.62533,-19.00337,"Halali-Agab",-9999.0,"gps","Loxodonta africana","Etosha1","Etosha1","African elephant - Namibia (Kilian)"
20661324829,true,2013-09-09 05:52:00.000,16.6252,-19.00325,"Halali-Agab",-9999.0,"gps","Loxodonta africana","Etosha1","Etosha1","African elephant - Namibia (Kilian)"
20661324841,true,2013-09-09 06:22:00.000,16.62517,-19.00317,"Halali-Agab",-9999.0,"gps","Loxodonta africana","Etosha1","Etosha1","African elephant - Namibia (Kilian)"
20661324855,true,2013-09-09 06:52:00.000,16.62508,-19.0033,"Halali-Agab",-9999.0,"gps","Loxodonta africana","Etosha1","Etosha1","African elephant - Namibia (Kilian)"
20661324867,true,2013-09-09 07:21:00.000,16.62508,-19.00308,"Halali-Agab",-9999.0,"gps","Loxodonta africana","Etosha1","Etosha1","African elephant - Namibia (Kilian)"
20661324877,true,2013-09-09 07:51:00.000,16.62493,-19.00278,"Halali-Agab",-9999.0,"gps","Loxodonta africana","Etosha1","Etosha1","African elephant - Namibia (Kilian)"
20661324889,true,2013-09-09 08:21:00.000,16.62412,-19.00262,"Halali-Agab",-9999.0,"gps","Loxodonta africana","Etosha1","Etosha1","African elephant - Namibia (Kilian)"
20661324900,true,2013-09-09 08:52:00.000,16.62348,-19.00253,"Halali-Agab",-9999.0,"gps","Loxodonta africana","Etosha1","Etosha1","African elephant - Namibia (Kilian)"
20661324914,true,2013-09-09 09:23:00.000,16.62358,-19.00222,"Halali-Agab",-9999.0,"gps","Loxodonta africana","Etosha1","Etosha1","African elephant - Namibia (Kilian)"
20661324924,true,2013-09-09 09:52:00.000,16.6241,-19.00107,"Halali-Agab",-9999.0,"gps","Loxodonta africana","Etosha1","Etosha1","African elephant - Namibia (Kilian)"
20661324937,true,2013-09-09 10:21:00.000,16.62402,-18.99867,"Halali-Agab",-9999.0,"gps","Loxodonta africana","Etosha1","Etosha1","African elephant - Namibia (Kilian)"
20661324950,true,2013-09-09 10:51:00.000,16.62392,-18.99815,"Halali-Agab",-9999.0,"gps","Loxodonta africana","Etosha1","Etosha1","African elephant - Namibia (Kilian)"
20661324963,true,2013-09-09 11:22:00.000,16.624,-18.99818,"Halali-Agab",-9999.0,"gps","Loxodonta africana","Etosha1","Etosha1","African elephant - Namibia (Kilian)"
20661324973,true,2013-09-09 11:52:00.000,16.62228,-18.99638,"Halali-Agab",-9999.0,"gps","Loxodonta africana","Etosha1","Etosha1","African elephant - Namibia (Kilian)"
20661324987,true,2013-09-09 12:22:00.000,16.62163,-18.9962,"Halali-Agab",-9999.0,"gps","Loxodonta africana","Etosha1","Etosha1","African elephant - Namibia (Kilian)"
20661324997,true,2013-09-09 12:52:00.000,16.62167,-18.99623,"Halali-Agab",-9999.0,"gps","Loxodonta africana","Etosha1","Etosha1","African elephant - Namibia (Kilian)"
20661325009,true,2013-09-09 13:21:00.000,16.62182,-18.99655,"Halali-Agab",-9999.0,"gps","Loxodonta africana","Etosha1","Etosha1","African elephant - Namibia (Kilian)"
20661325019,true,2013-09-09 13:51:00.000,16.62168,-18.99613,"Halali-Agab",-9999.0,"gps","Loxodonta africana","Etosha1","Etosha1","African elephant - Namibia (Kilian)"
20661325031,true,2013-09-09 14:22:00.000,16.62037,-18.99487,"Halali-Agab",-9999.0,"gps","Loxodonta africana","Etosha1","Etosha1","African elephant - Namibia (Kilian)"
20661325041,true,2013-09-09 14:52:00.000,16.61998,-18.99493,"Halali-Agab",-9999.0,"gps","Loxodonta africana","Etosha1","Etosha1","African elephant - Namibia (Kilian)"
20661325052,true,2013-09-09 15:22:00.000,16.61995,-18.99373,"Halali-Agab",-9999.0,"gps","Loxodonta africana","Etosha1","Etosha1","African elephant - Namibia (Kilian)"
20661325061,true,2013-09-09 15:52:00.000,16.62093,-18.99362,"Halali-Agab",-9999.0,"gps","Loxodonta africana","Etosha1","Etosha1","African elephant - Namibia (Kilian)"
20661325074,true,2013-09-09 16:21:00.000,16.62108,-18.99318,"Halali-Agab",-9999.0,"gps","Loxodonta africana","Etosha1","Etosha1","African elephant - Namibia (Kilian)"
20661325087,true,2013-09-09 16:52:00.000,16.62278,-18.99252,"Halali-Agab",-9999.0,"gps","Loxodonta africana","Etosha1","Etosha1","African elephant - Namibia (Kilian)"
20661325100,true,2013-09-09 17:22:00.000,16.62297,-18.99237,"Halali-Agab",-9999.0,"gps","Loxodonta africana","Etosha1","Etosha1","African elephant - Namibia (Kilian)"
20661325110,true,2013-09-09 17:52:00.000,16.6244,-18.99215,"Halali-Agab",-9999.0,"gps","Loxodonta africana","Etosha1","Etosha1","African elephant - Namibia (Kilian)"
20661325124,true,2013-09-09 18:22:00.000,16.62658,-18.99203,"Halali-Agab",-9999.0,"gps","Loxodonta africana","Etosha1","Etosha1","African elephant - Namibia (Kilian)"
20661325145,true,2013-09-09 19:21:00.000,16.63165,-18.9885,"Halali-Agab",-9999.0,"gps","Loxodonta africana","Etosha1","Etosha1","African elephant - Namibia (Kilian)"
20661325156,true,2013-09-09 19:51:00.000,16.63497,-18.98637,"Halali-Agab",-9999.0,"gps","Loxodonta africana","Etosha1","Etosha1","African elephant - Namibia (Kilian)"
20661325169,true,2013-09-09 20:22:00.000,16.63947,-18.98357,"Halali-Agab",-9999.0,"gps","Loxodonta africana","Etosha1","Etosha1","African elephant - Namibia (Kilian)"
20661325180,true,2013-09-09 20:51:00.000,16.6435,-18.98125,"Halali-Agab",-9999.0,"gps","Loxodonta africana","Etosha1","Etosha1","African elephant - Namibia (Kilian)"
20661325193,true,2013-09-09 21:22:00.000,16.64813,-18.97815,"Halali-Agab",-9999.0,"gps","Loxodonta africana","Etosha1","Etosha1","African elephant - Namibia (Kilian)"
20661325203,true,2013-09-09 21:51:00.000,16.65037,-18.97638,"Halali-Agab",-9999.0,"gps","Loxodonta africana","Etosha1","Etosha1","African elephant - Namibia (Kilian)"
20661325216,true,2013-09-09 22:22:00.000,16.65212,-18.97537,"Halali-Agab",-9999.0,"gps","Loxodonta africana","Etosha1","Etosha1","African elephant - Namibia (Kilian)"
20661325230,true,2013-09-09 22:51:00.000,16.65363,-18.97463,"Halali-Agab",-9999.0,"gps","Loxodonta africana","Etosha1","Etosha1","African elephant - Namibia (Kilian)"
20661325243,true,2013-09-09 23:22:00.000,16.656,-18.97452,"Halali-Agab",-9999.0,"gps","Loxodonta africana","Etosha1","Etosha1","African elephant - Namibia (Kilian)"
20661325254,true,2013-09-09 23:52:00.000,16.65993,-18.97273,"Halali-Agab",-9999.0,"gps","Loxodonta africana","Etosha1","Etosha1","African elephant - Namibia (Kilian)"
20661325266,true,2013-09-10 00:21:00.000,16.6607,-18.97258,"Halali-Agab",-9999.0,"gps","Loxodonta africana","Etosha1","Etosha1","African elephant - Namibia (Kilian)"
20661325276,true,2013-09-10 00:51:00.000,16.66127,-18.97227,"Halali-Agab",-9999.0,"gps","Loxodonta africana","Etosha1","Etosha1","African elephant - Namibia (Kilian)"
20661325289,true,2013-09-10 01:22:00.000,16.66217,-18.97163,"Halali-Agab",-9999.0,"gps","Loxodonta africana","Etosha1","Etosha1","African elephant - Namibia (Kilian)"
20661325299,true,2013-09-10 01:52:00.000,16.66197,-18.97042,"Halali-Agab",-9999.0,"gps","Loxodonta africana","Etosha1","Etosha1","African elephant - Namibia (Kilian)"
20661325314,true,2013-09-10 02:22:00.000,16.66268,-18.96918,"Halali-Agab",-9999.0,"gps","Loxodonta africana","Etosha1","Etosha1","African elephant - Namibia (Kilian)"
20661325326,true,2013-09-10 02:51:00.000,16.66318,-18.96875,"Halali-Agab",-9999.0,"gps","Loxodonta africana","Etosha1","Etosha1","African elephant - Namibia (Kilian)"
20661325341,true,2013-09-10 03:22:00.000,16.66432,-18.96837,"Halali-Agab",-9999.0,"gps","Loxodonta africana","Etosha1","Etosha1","African elephant - Namibia (Kilian)"
20661325351,true,2013-09-10 03:52:00.000,16.66447,-18.9683,"Halali-Agab",-9999.0,"gps","Loxodonta africana","Etosha1","Etosha1","African elephant - Namibia (Kilian)"
20661325364,true,2013-09-10 04:22:00.000,16.66547,-18.96842,"Halali-Agab",-9999.0,"gps","Loxodonta africana","Etosha1","Etosha1","African elephant - Namibia (Kilian)"
20661325376,true,2013-09-10 04:52:00.000,16.66568,-18.96832,"Halali-Agab",-9999.0,"gps","Loxodonta africana","Etosha1","Etosha1","African elephant - Namibia (Kilian)"
20661325389,true,2013-09-10 05:21:00.000,16.66652,-18.9683,"Halali-Agab",-9999.0,"gps","Loxodonta africana","Etosha1","Etosha1","African elephant - Namibia (Kilian)"
20661325399,true,2013-09-10 05:51:00.000,16.66683,-18.9678,"Halali-Agab",-9999.0,"gps","Loxodonta africana","Etosha1","Etosha1","African elephant - Namibia (Kilian)"
20661325412,true,2013-09-10 06:22:00.000,16.66702,-18.96707,"Halali-Agab",-9999.0,"gps","Loxodonta africana","Etosha1","Etosha1","African elephant - Namibia (Kilian)"
20661325425,true,2013-09-10 06:51:00.000,16.66762,-18.9662,"Halali-Agab",-9999.0,"gps","Loxodonta africana","Etosha1","Etosha1","African elephant - Namibia (Kilian)"
20661325437,true,2013-09-10 07:22:00.000,16.6682,-18.96563,"Halali-Agab",-9999.0,"gps","Loxodonta africana","Etosha1","Etosha1","African elephant - Namibia (Kilian)"
20661325446,true,2013-09-10 07:51:00.000,16.6674,-18.96238,"Halali-Agab",-9999.0,"gps","Loxodonta africana","Etosha1","Etosha1","African elephant - Namibia (Kilian)"
20661325461,true,2013-09-10 08:22:00.000,16.66912,-18.96142,"Halali-Agab",-9999.0,"gps","Loxodonta africana","Etosha1","Etosha1","African elephant - Namibia (Kilian)"
20661325473,true,2013-09-10 08:52:00.000,16.66857,-18.96073,"Halali-Agab",-9999.0,"gps","Loxodonta africana","Etosha1","Etosha1","African elephant - Namibia (Kilian)"
20661325486,true,2013-09-10 09:23:00.000,16.66697,-18.95977,"Halali-Agab",-9999.0,"gps","Loxodonta africana","Etosha1","Etosha1","African elephant - Namibia (Kilian)"
20661325495,true,2013-09-10 09:51:00.000,16.66595,-18.96007,"Halali-Agab",-9999.0,"gps","Loxodonta africana","Etosha1","Etosha1","African elephant - Namibia (Kilian)"
20661325509,true,2013-09-10 10:23:00.000,16.6661,-18.95958,"Halali-Agab",-9999.0,"gps","Loxodonta africana","Etosha1","Etosha1","African elephant - Namibia (Kilian)"
20661325522,true,2013-09-10 10:51:00.000,16.66607,-18.95963,"Halali-Agab",-9999.0,"gps","Loxodonta africana","Etosha1","Etosha1","African elephant - Namibia (Kilian)"
20661325536,true,2013-09-10 11:22:00.000,16.6661,-18.95985,"Halali-Agab",-9999.0,"gps","Loxodonta africana","Etosha1","Etosha1","African elephant - Namibia (Kilian)"
20661325546,true,2013-09-10 11:52:00.000,16.6661,-18.95975,"Halali-Agab",-9999.0,"gps","Loxodonta africana","Etosha1","Etosha1","African elephant - Namibia (Kilian)"
20661325560,true,2013-09-10 12:23:00.000,16.66522,-18.9604,"Halali-Agab",-9999.0,"gps","Loxodonta africana","Etosha1","Etosha1","African elephant - Namibia (Kilian)"
20661325569,true,2013-09-10 12:52:00.000,16.66488,-18.96132,"Halali-Agab",-9999.0,"gps","Loxodonta africana","Etosha1","Etosha1","African elephant - Namibia (Kilian)"
20661325582,true,2013-09-10 13:21:00.000,16.6648,-18.96113,"Halali-Agab",-9999.0,"gps","Loxodonta africana","Etosha1","Etosha1","African elephant - Namibia (Kilian)"
20661325592,true,2013-09-10 13:52:00.000,16.6649,-18.96118,"Halali-Agab",-9999.0,"gps","Loxodonta africana","Etosha1","Etosha1","African elephant - Namibia (Kilian)"
20661325603,true,2013-09-10 14:22:00.000,16.66478,-18.96098,"Halali-Agab",-9999.0,"gps","Loxodonta africana","Etosha1","Etosha1","African elephant - Namibia (Kilian)"
20661325615,true,2013-09-10 14:52:00.000,16.66498,-18.96125,"Halali-Agab",-9999.0,"gps","Loxodonta africana","Etosha1","Etosha1","African elephant - Namibia (Kilian)"
20661325624,true,2013-09-10 15:22:00.000,16.66535,-18.96135,"Halali-Agab",-9999.0,"gps","Loxodonta africana","Etosha1","Etosha1","African elephant - Namibia (Kilian)"
20661325632,true,2013-09-10 15:51:00.000,16.66538,-18.96123,"Halali-Agab",-9999.0,"gps","Loxodonta africana","Etosha1","Etosha1","African elephant - Namibia (Kilian)"
20661325645,true,2013-09-10 16:22:00.000,16.6653,-18.96128,"Halali-Agab",-9999.0,"gps","Loxodonta africana","Etosha1","Etosha1","African elephant - Namibia (Kilian)"
20661325656,true,2013-09-10 16:52:00.000,16.66547,-18.96145,"Halali-Agab",-9999.0,"gps","Loxodonta africana","Etosha1","Etosha1","African elephant - Namibia (Kilian)"
20661325669,true,2013-09-10 17:22:00.000,16.66977,-18.9567,"Halali-Agab",-9999.0,"gps","Loxodonta africana","Etosha1","Etosha1","African elephant - Namibia (Kilian)"
20661325678,true,2013-09-10 17:52:00.000,16.67505,-18.95282,"Halali-Agab",-9999.0,"gps","Loxodonta africana","Etosha1","Etosha1","African elephant - Namibia (Kilian)"
20661325690,true,2013-09-10 18:22:00.000,16.6776,-18.95062,"Halali-Agab",-9999.0,"gps","Loxodonta africana","Etosha1","Etosha1","African elephant - Namibia (Kilian)"
20661325703,true,2013-09-10 18:52:00.000,16.68067,-18.94957,"Halali-Agab",-9999.0,"gps","Loxodonta africana","Etosha1","Etosha1","African elephant - Namibia (Kilian)"
20661325716,true,2013-09-10 19:21:00.000,16.68405,-18.94953,"Halali-Agab",-9999.0,"gps","Loxodonta africana","Etosha1","Etosha1","African elephant - Namibia (Kilian)"
20661325727,true,2013-09-10 19:52:00.000,16.68565,-18.95022,"Halali-Agab",-9999.0,"gps","Loxodonta africana","Etosha1","Etosha1","African elephant - Namibia (Kilian)"
20661325741,true,2013-09-10 20:22:00.000,16.6881,-18.95018,"Halali-Agab",-9999.0,"gps","Loxodonta africana","Etosha1","Etosha1","African elephant - Namibia (Kilian)"
20661325754,true,2013-09-10 20:52:00.000,16.68955,-18.94972,"Halali-Agab",-9999.0,"gps","Loxodonta africana","Etosha1","Etosha1","African elephant - Namibia (Kilian)"
20661325765,true,2013-09-10 21:21:00.000,16.69098,-18.94898,"Halali-Agab",-9999.0,"gps","Loxodonta africana","Etosha1","Etosha1","African elephant - Namibia (Kilian)"
20661325775,true,2013-09-10 21:51:00.000,16.69152,-18.9483,"Halali-Agab",-9999.0,"gps","Loxodonta africana","Etosha1","Etosha1","African elephant - Namibia (Kilian)"
20661325790,true,2013-09-10 22:22:00.000,16.70038,-18.94338,"Halali-Agab",-9999.0,"gps","Loxodonta africana","Etosha1","Etosha1","African elephant - Namibia (Kilian)"
20661325802,true,2013-09-10 22:52:00.000,16.70043,-18.9426,"Halali-Agab",-9999.0,"gps","Loxodonta africana","Etosha1","Etosha1","African elephant - Namibia (Kilian)"
20661325815,true,2013-09-10 23:22:00.000,16.70223,-18.94375,"Halali-Agab",-9999.0,"gps","Loxodonta africana","Etosha1","Etosha1","African elephant - Namibia (Kilian)"
20661325826,true,2013-09-10 23:52:00.000,16.70987,-18.9516,"Halali-Agab",-9999.0,"gps","Loxodonta africana","Etosha1","Etosha1","African elephant - Namibia (Kilian)"
20661325838,true,2013-09-11 00:21:00.000,16.71265,-18.95808,"Halali-Agab",-9999.0,"gps","Loxodonta africana","Etosha1","Etosha1","African elephant - Namibia (Kilian)"
20661325847,true,2013-09-11 00:51:00.000,16.7115,-18.96082,"Halali-Agab",-9999.0,"gps","Loxodonta africana","Etosha1","Etosha1","African elephant - Namibia (Kilian)"
20661325860,true,2013-09-11 01:22:00.000,16.712,-18.9629,"Halali-Agab",-9999.0,"gps","Loxodonta africana","Etosha1","Etosha1","African elephant - Namibia (Kilian)"
20661325871,true,2013-09-11 01:52:00.000,16.71323,-18.96378,"Halali-Agab",-9999.0,"gps","Loxodonta africana","Etosha1","Etosha1","African elephant - Namibia (Kilian)"
20661325882,true,2013-09-11 02:21:00.000,16.71438,-18.96523,"Halali-Agab",-9999.0,"gps","Loxodonta africana","Etosha1","Etosha1","African elephant - Namibia (Kilian)"
20661325891,true,2013-09-11 02:51:00.000,16.71373,-18.96568,"Halali-Agab",-9999.0,"gps","Loxodonta africana","Etosha1","Etosha1","African elephant - Namibia (Kilian)"
20661325906,true,2013-09-11 03:22:00.000,16.71313,-18.96623,"Halali-Agab",-9999.0,"gps","Loxodonta africana","Etosha1","Etosha1","African elephant - Namibia (Kilian)"
20661325915,true,2013-09-11 03:51:00.000,16.71307,-18.96627,"Halali-Agab",-9999.0,"gps","Loxodonta africana","Etosha1","Etosha1","African elephant - Namibia (Kilian)"
20661325929,true,2013-09-11 04:21:00.000,16.71237,-18.9685,"Halali-Agab",-9999.0,"gps","Loxodonta africana","Etosha1","Etosha1","African elephant - Namibia (Kilian)"
20661325941,true,2013-09-11 04:51:00.000,16.71222,-18.9687,"Halali-Agab",-9999.0,"gps","Loxodonta africana","Etosha1","Etosha1","African elephant - Namibia (Kilian)"
20661325954,true,2013-09-11 05:21:00.000,16.7121,-18.9691,"Halali-Agab",-9999.0,"gps","Loxodonta africana","Etosha1","Etosha1","African elephant - Namibia (Kilian)"
20661325964,true,2013-09-11 05:52:00.000,16.71165,-18.96933,"Halali-Agab",-9999.0,"gps","Loxodonta africana","Etosha1","Etosha1","African elephant - Namibia (Kilian)"
20661325988,true,2013-09-11 06:52:00.000,16.71158,-18.96923,"Halali-Agab",-9999.0,"gps","Loxodonta africana","Etosha1","Etosha1","African elephant - Namibia (Kilian)"
20661326000,true,2013-09-11 07:22:00.000,16.71112,-18.96862,"Halali-Agab",-9999.0,"gps","Loxodonta africana","Etosha1","Etosha1","African elephant - Namibia (Kilian)"
20661326009,true,2013-09-11 07:51:00.000,16.71055,-18.96818,"Halali-Agab",-9999.0,"gps","Loxodonta africana","Etosha1","Etosha1","African elephant - Namibia (Kilian)"
20661326024,true,2013-09-11 08:22:00.000,16.70998,-18.9683,"Halali-Agab",-9999.0,"gps","Loxodonta africana","Etosha1","Etosha1","African elephant - Namibia (Kilian)"
20661326034,true,2013-09-11 08:52:00.000,16.71,-18.96827,"Halali-Agab",-9999.0,"gps","Loxodonta africana","Etosha1","Etosha1","African elephant - Namibia (Kilian)"
20661326045,true,2013-09-11 09:21:00.000,16.70988,-18.9691,"Halali-Agab",-9999.0,"gps","Loxodonta africana","Etosha1","Etosha1","African elephant - Namibia (Kilian)"
20661326056,true,2013-09-11 09:52:00.000,16.70918,-18.96935,"Halali-Agab",-9999.0,"gps","Loxodonta africana","Etosha1","Etosha1","African elephant - Namibia (Kilian)"
20661326067,true,2013-09-11 10:22:00.000,16.70973,-18.96833,"Halali-Agab",-9999.0,"gps","Loxodonta africana","Etosha1","Etosha1","African elephant - Namibia (Kilian)"
20661326079,true,2013-09-11 10:52:00.000,16.71012,-18.96828,"Halali-Agab",-9999.0,"gps","Loxodonta africana","Etosha1","Etosha1","African elephant - Namibia (Kilian)"
20661326091,true,2013-09-11 11:22:00.000,16.71013,-18.96827,"Halali-Agab",-9999.0,"gps","Loxodonta africana","Etosha1","Etosha1","African elephant - Namibia (Kilian)"
20661326101,true,2013-09-11 11:52:00.000,16.71013,-18.96832,"Halali-Agab",-9999.0,"gps","Loxodonta africana","Etosha1","Etosha1","African elephant - Namibia (Kilian)"
20661326111,true,2013-09-11 12:22:00.000,16.71007,-18.96807,"Halali-Agab",-9999.0,"gps","Loxodonta africana","Etosha1","Etosha1","African elephant - Namibia (Kilian)"
20661326119,true,2013-09-11 12:52:00.000,16.71018,-18.96838,"Halali-Agab",-9999.0,"gps","Loxodonta africana","Etosha1","Etosha1","African elephant - Namibia (Kilian)"
20661326127,true,2013-09-11 13:22:00.000,16.70988,-18.96803,"Halali-Agab",-9999.0,"gps","Loxodonta africana","Etosha1","Etosha1","African elephant - Namibia (Kilian)"
20661326133,true,2013-09-11 13:51:00.000,16.71025,-18.96823,"Halali-Agab",-9999.0,"gps","Loxodonta africana","Etosha1","Etosha1","African elephant - Namibia (Kilian)"
20661326141,true,2013-09-11 14:21:00.000,16.71002,-18.96805,"Halali-Agab",-9999.0,"gps","Loxodonta africana","Etosha1","Etosha1","African elephant - Namibia (Kilian)"
20661326150,true,2013-09-11 14:51:00.000,16.71003,-18.9681,"Halali-Agab",-9999.0,"gps","Loxodonta africana","Etosha1","Etosha1","African elephant - Namibia (Kilian)"
20661326158,true,2013-09-11 15:22:00.000,16.71018,-18.9681,"Halali-Agab",-9999.0,"gps","Loxodonta africana","Etosha1","Etosha1","African elephant - Namibia (Kilian)"
20661326164,true,2013-09-11 15:52:00.000,16.71002,-18.96812,"Halali-Agab",-9999.0,"gps","Loxodonta africana","Etosha1","Etosha1","African elephant - Namibia (Kilian)"
20661326171,true,2013-09-11 16:22:00.000,16.70948,-18.96727,"Halali-Agab",-9999.0,"gps","Loxodonta africana","Etosha1","Etosha1","African elephant - Namibia (Kilian)"
20661326178,true,2013-09-11 16:51:00.000,16.70865,-18.96633,"Halali-Agab",-9999.0,"gps","Loxodonta africana","Etosha1","Etosha1","African elephant - Namibia (Kilian)"
20661326186,true,2013-09-11 17:22:00.000,16.70857,-18.96607,"Halali-Agab",-9999.0,"gps","Loxodonta africana","Etosha1","Etosha1","African elephant - Namibia (Kilian)"
20661326193,true,2013-09-11 17:52:00.000,16.7075,-18.96523,"Halali-Agab",-9999.0,"gps","Loxodonta africana","Etosha1","Etosha1","African elephant - Namibia (Kilian)"
20661326201,true,2013-09-11 18:22:00.000,16.70787,-18.96287,"Halali-Agab",-9999.0,"gps","Loxodonta africana","Etosha1","Etosha1","African elephant - Namibia (Kilian)"
20661326211,true,2013-09-11 18:52:00.000,16.70947,-18.96192,"Halali-Agab",-9999.0,"gps","Loxodonta africana","Etosha1","Etosha1","African elephant - Namibia (Kilian)"
20661326220,true,2013-09-11 19:22:00.000,16.70875,-18.95887,"Halali-Agab",-9999.0,"gps","Loxodonta africana","Etosha1","Etosha1","African elephant - Namibia (Kilian)"
20661326229,true,2013-09-11 19:52:00.000,16.70733,-18.9567,"Halali-Agab",-9999.0,"gps","Loxodonta africana","Etosha1","Etosha1","African elephant - Namibia (Kilian)"
20661326238,true,2013-09-11 20:22:00.000,16.70528,-18.95533,"Halali-Agab",-9999.0,"gps","Loxodonta africana","Etosha1","Etosha1","African elephant - Namibia (Kilian)"
20661326248,true,2013-09-11 20:52:00.000,16.70503,-18.95538,"Halali-Agab",-9999.0,"gps","Loxodonta africana","Etosha1","Etosha1","African elephant - Namibia (Kilian)"
20661326257,true,2013-09-11 21:22:00.000,16.70347,-18.94932,"Halali-Agab",-9999.0,"gps","Loxodonta africana","Etosha1","Etosha1","African elephant - Namibia (Kilian)"
20661326266,true,2013-09-11 21:52:00.000,16.70038,-18.94258,"Halali-Agab",-9999.0,"gps","Loxodonta africana","Etosha1","Etosha1","African elephant - Namibia (Kilian)"
20661326275,true,2013-09-11 22:21:00.000,16.70247,-18.94395,"Halali-Agab",-9999.0,"gps","Loxodonta africana","Etosha1","Etosha1","African elephant - Namibia (Kilian)"
20661326285,true,2013-09-11 22:51:00.000,16.69652,-18.95158,"Halali-Agab",-9999.0,"gps","Loxodonta africana","Etosha1","Etosha1","African elephant - Namibia (Kilian)"
20661326294,true,2013-09-11 23:22:00.000,16.69272,-18.958,"Halali-Agab",-9999.0,"gps","Loxodonta africana","Etosha1","Etosha1","African elephant - Namibia (Kilian)"
20661326303,true,2013-09-11 23:52:00.000,16.69363,-18.96163,"Halali-Agab",-9999.0,"gps","Loxodonta africana","Etosha1","Etosha1","African elephant - Namibia (Kilian)"
20661326312,true,2013-09-12 00:22:00.000,16.69478,-18.96308,"Halali-Agab",-9999.0,"gps","Loxodonta africana","Etosha1","Etosha1","African elephant - Namibia (Kilian)"
20661326320,true,2013-09-12 00:52:00.000,16.69568,-18.96375,"Halali-Agab",-9999.0,"gps","Loxodonta africana","Etosha1","Etosha1","African elephant - Namibia (Kilian)"
20661326329,true,2013-09-12 01:21:00.000,16.69588,-18.96385,"Halali-Agab",-9999.0,"gps","Loxodonta africana","Etosha1","Etosha1","African elephant - Namibia (Kilian)"
20661326337,true,2013-09-12 01:52:00.000,16.69625,-18.9644,"Halali-Agab",-9999.0,"gps","Loxodonta africana","Etosha1","Etosha1","African elephant - Namibia (Kilian)"
20661326346,true,2013-09-12 02:22:00.000,16.69657,-18.96462,"Halali-Agab",-9999.0,"gps","Loxodonta africana","Etosha1","Etosha1","African elephant - Namibia (Kilian)"
20661326354,true,2013-09-12 02:51:00.000,16.69655,-18.96457,"Halali-Agab",-9999.0,"gps","Loxodonta africana","Etosha1","Etosha1","African elephant - Namibia (Kilian)"
20661326364,true,2013-09-12 03:22:00.000,16.69643,-18.96555,"Halali-Agab",-9999.0,"gps","Loxodonta africana","Etosha1","Etosha1","African elephant - Namibia (Kilian)"
20661326373,true,2013-09-12 03:52:00.000,16.69772,-18.9662,"Halali-Agab",-9999.0,"gps","Loxodonta africana","Etosha1","Etosha1","African elephant - Namibia (Kilian)"
20661326382,true,2013-09-12 04:22:00.000,16.69837,-18.96648,"Halali-Agab",-9999.0,"gps","Loxodonta africana","Etosha1","Etosha1","African elephant - Namibia (Kilian)"
20661326391,true,2013-09-12 04:51:00.000,16.69955,-18.96727,"Halali-Agab",-9999.0,"gps","Loxodonta africana","Etosha1","Etosha1","African elephant - Namibia (Kilian)"
20661326399,true,2013-09-12 05:21:00.000,16.69987,-18.96735,"Halali-Agab",-9999.0,"gps","Loxodonta africana","Etosha1","Etosha1","African elephant - Namibia (Kilian)"
20661326406,true,2013-09-12 05:52:00.000,16.6998,-18.96718,"Halali-Agab",-9999.0,"gps","Loxodonta africana","Etosha1","Etosha1","African elephant - Namibia (Kilian)"
20661326414,true,2013-09-12 06:24:00.000,16.69953,-18.96717,"Halali-Agab",-9999.0,"gps","Loxodonta africana","Etosha1","Etosha1","African elephant - Namibia (Kilian)"
20661326423,true,2013-09-12 06:52:00.000,16.7001,-18.96708,"Halali-Agab",-9999.0,"gps","Loxodonta africana","Etosha1","Etosha1","African elephant - Namibia (Kilian)"
20661326431,true,2013-09-12 07:22:00.000,16.70085,-18.96727,"Halali-Agab",-9999.0,"gps","Loxodonta africana","Etosha1","Etosha1","African elephant - Namibia (Kilian)"
20661326457,true,2013-09-12 08:57:00.000,16.70157,-18.96925,"Halali-Agab",-9999.0,"gps","Loxodonta africana","Etosha1","Etosha1","African elephant - Namibia (Kilian)"
20661326467,true,2013-09-12 09:25:00.000,16.70153,-18.9692,"Halali-Agab",-9999.0,"gps","Loxodonta africana","Etosha1","Etosha1","African elephant - Namibia (Kilian)"
20661326496,true,2013-09-12 11:07:00.000,16.6997,-18.97263,"Halali-Agab",-9999.0,"gps","Loxodonta africana","Etosha1","Etosha1","African elephant - Namibia (Kilian)"
20661326504,true,2013-09-12 11:36:00.000,16.69928,-18.9729,"Halali-Agab",-9999.0,"gps","Loxodonta africana","Etosha1","Etosha1","African elephant - Namibia (Kilian)"
20661326513,true,2013-09-12 12:06:00.000,16.69923,-18.97282,"Halali-Agab",-9999.0,"gps","Loxodonta africana","Etosha1","Etosha1","African elephant - Namibia (Kilian)"
20661326520,true,2013-09-12 12:36:00.000,16.69925,-18.97283,"Halali-Agab",-9999.0,"gps","Loxodonta africana","Etosha1","Etosha1","African elephant - Namibia (Kilian)"
20661326531,true,2013-09-12 13:36:00.000,16.69918,-18.97282,"Halali-Agab",-9999.0,"gps","Loxodonta africana","Etosha1","Etosha1","African elephant - Namibia (Kilian)"
20661326546,true,2013-09-12 14:38:00.000,16.69955,-18.97295,"Halali-Agab",-9999.0,"gps","Loxodonta africana","Etosha1","Etosha1","African elephant - Namibia (Kilian)"
20661326554,true,2013-09-12 15:05:00.000,16.69937,-18.9728,"Halali-Agab",-9999.0,"gps","Loxodonta africana","Etosha1","Etosha1","African elephant - Namibia (Kilian)"
20661326562,true,2013-09-12 15:35:00.000,16.69938,-18.97278,"Halali-Agab",-9999.0,"gps","Loxodonta africana","Etosha1","Etosha1","African elephant - Namibia (Kilian)"
20661326571,true,2013-09-12 16:05:00.000,16.6999,-18.97268,"Halali-Agab",-9999.0,"gps","Loxodonta africana","Etosha1","Etosha1","African elephant - Namibia (Kilian)"
20661326579,true,2013-09-12 16:35:00.000,16.6998,-18.97265,"Halali-Agab",-9999.0,"gps","Loxodonta africana","Etosha1","Etosha1","African elephant - Namibia (Kilian)"
20661326586,true,2013-09-12 17:05:00.000,16.69887,-18.97282,"Halali-Agab",-9999.0,"gps","Loxodonta africana","Etosha1","Etosha1","African elephant - Namibia (Kilian)"
20661326593,true,2013-09-12 17:35:00.000,16.69263,-18.9735,"Halali-Agab",-9999.0,"gps","Loxodonta africana","Etosha1","Etosha1","African elephant - Namibia (Kilian)"
20661326600,true,2013-09-12 18:05:00.000,16.68872,-18.97142,"Halali-Agab",-9999.0,"gps","Loxodonta africana","Etosha1","Etosha1","African elephant - Namibia (Kilian)"
20661326609,true,2013-09-12 18:35:00.000,16.68613,-18.97018,"Halali-Agab",-9999.0,"gps","Loxodonta africana","Etosha1","Etosha1","African elephant - Namibia (Kilian)"
20661326618,true,2013-09-12 19:05:00.000,16.68123,-18.968,"Halali-Agab",-9999.0,"gps","Loxodonta africana","Etosha1","Etosha1","African elephant - Namibia (Kilian)"
20661326626,true,2013-09-12 19:35:00.000,16.6789,-18.9677,"Halali-Agab",-9999.0,"gps","Loxodonta africana","Etosha1","Etosha1","African elephant - Namibia (Kilian)"
20661326635,true,2013-09-12 20:05:00.000,16.67743,-18.96782,"Halali-Agab",-9999.0,"gps","Loxodonta africana","Etosha1","Etosha1","African elephant - Namibia (Kilian)"
20661326645,true,2013-09-12 20:35:00.000,16.67715,-18.96808,"Halali-Agab",-9999.0,"gps","Loxodonta africana","Etosha1","Etosha1","African elephant - Namibia (Kilian)"
20661326654,true,2013-09-12 21:05:00.000,16.6766,-18.96653,"Halali-Agab",-9999.0,"gps","Loxodonta africana","Etosha1","Etosha1","African elephant - Namibia (Kilian)"
20661326663,true,2013-09-12 21:35:00.000,16.67618,-18.96648,"Halali-Agab",-9999.0,"gps","Loxodonta africana","Etosha1","Etosha1","African elephant - Namibia (Kilian)"
20661326672,true,2013-09-12 22:06:00.000,16.67615,-18.96673,"Halali-Agab",-9999.0,"gps","Loxodonta africana","Etosha1","Etosha1","African elephant - Namibia (Kilian)"
20661326682,true,2013-09-12 22:35:00.000,16.676,-18.96643,"Halali-Agab",-9999.0,"gps","Loxodonta africana","Etosha1","Etosha1","African elephant - Namibia (Kilian)"
20661326691,true,2013-09-12 23:05:00.000,16.67622,-18.96665,"Halali-Agab",-9999.0,"gps","Loxodonta africana","Etosha1","Etosha1","African elephant - Namibia (Kilian)"
20661326700,true,2013-09-12 23:35:00.000,16.67495,-18.96667,"Halali-Agab",-9999.0,"gps","Loxodonta africana","Etosha1","Etosha1","African elephant - Namibia (Kilian)"
20661326709,true,2013-09-13 00:05:00.000,16.67428,-18.96663,"Halali-Agab",-9999.0,"gps","Loxodonta africana","Etosha1","Etosha1","African elephant - Namibia (Kilian)"
20661326720,true,2013-09-13 00:35:00.000,16.67017,-18.96778,"Halali-Agab",-9999.0,"gps","Loxodonta africana","Etosha1","Etosha1","African elephant - Namibia (Kilian)"
20661326729,true,2013-09-13 01:06:00.000,16.66495,-18.97028,"Halali-Agab",-9999.0,"gps","Loxodonta africana","Etosha1","Etosha1","African elephant - Namibia (Kilian)"
20661326738,true,2013-09-13 01:35:00.000,16.65683,-18.97412,"Halali-Agab",-9999.0,"gps","Loxodonta africana","Etosha1","Etosha1","African elephant - Namibia (Kilian)"
20661326747,true,2013-09-13 02:05:00.000,16.65627,-18.97483,"Halali-Agab",-9999.0,"gps","Loxodonta africana","Etosha1","Etosha1","African elephant - Namibia (Kilian)"
20661326757,true,2013-09-13 02:35:00.000,16.64885,-18.9795,"Halali-Agab",-9999.0,"gps","Loxodonta africana","Etosha1","Etosha1","African elephant - Namibia (Kilian)"
20661326765,true,2013-09-13 03:05:00.000,16.64482,-18.98233,"Halali-Agab",-9999.0,"gps","Loxodonta africana","Etosha1","Etosha1","African elephant - Namibia (Kilian)"
20661326773,true,2013-09-13 03:35:00.000,16.63967,-18.98587,"Halali-Agab",-9999.0,"gps","Loxodonta africana","Etosha1","Etosha1","African elephant - Namibia (Kilian)"
20661326783,true,2013-09-13 04:05:00.000,16.63125,-18.99278,"Halali-Agab",-9999.0,"gps","Loxodonta africana","Etosha1","Etosha1","African elephant - Namibia (Kilian)"
20661326794,true,2013-09-13 04:35:00.000,16.62867,-18.99513,"Halali-Agab",-9999.0,"gps","Loxodonta africana","Etosha1","Etosha1","African elephant - Namibia (Kilian)"
20661326802,true,2013-09-13 05:05:00.000,16.62802,-18.99602,"Halali-Agab",-9999.0,"gps","Loxodonta africana","Etosha1","Etosha1","African elephant - Namibia (Kilian)"
20661326811,true,2013-09-13 05:35:00.000,16.62778,-18.99633,"Halali-Agab",-9999.0,"gps","Loxodonta africana","Etosha1","Etosha1","African elephant - Namibia (Kilian)"
20661326818,true,2013-09-13 06:05:00.000,16.62733,-18.99682,"Halali-Agab",-9999.0,"gps","Loxodonta africana","Etosha1","Etosha1","African elephant - Namibia (Kilian)"
20661326828,true,2013-09-13 06:35:00.000,16.62647,-18.99715,"Halali-Agab",-9999.0,"gps","Loxodonta africana","Etosha1","Etosha1","African elephant - Namibia (Kilian)"
20661326837,true,2013-09-13 07:06:00.000,16.62643,-18.9979,"Halali-Agab",-9999.0,"gps","Loxodonta africana","Etosha1","Etosha1","African elephant - Namibia (Kilian)"
20661326846,true,2013-09-13 07:35:00.000,16.62655,-18.99823,"Halali-Agab",-9999.0,"gps","Loxodonta africana","Etosha1","Etosha1","African elephant - Namibia (Kilian)"
20661326855,true,2013-09-13 08:06:00.000,16.62693,-18.99932,"Halali-Agab",-9999.0,"gps","Loxodonta africana","Etosha1","Etosha1","African elephant - Namibia (Kilian)"
20661326865,true,2013-09-13 08:36:00.000,16.62705,-18.99935,"Halali-Agab",-9999.0,"gps","Loxodonta africana","Etosha1","Etosha1","African elephant - Namibia (Kilian)"
20661326874,true,2013-09-13 09:05:00.000,16.62698,-18.99933,"Halali-Agab",-9999.0,"gps","Loxodonta africana","Etosha1","Etosha1","African elephant - Namibia (Kilian)"
20661326883,true,2013-09-13 09:35:00.000,16.62703,-18.99937,"Halali-Agab",-9999.0,"gps","Loxodonta africana","Etosha1","Etosha1","African elephant - Namibia (Kilian)"
20661326892,true,2013-09-13 10:05:00.000,16.62697,-18.99942,"Halali-Agab",-9999.0,"gps","Loxodonta africana","Etosha1","Etosha1","African elephant - Namibia (Kilian)"
20661326902,true,2013-09-13 10:35:00.000,16.62693,-18.9994,"Halali-Agab",-9999.0,"gps","Loxodonta africana","Etosha1","Etosha1","African elephant - Namibia (Kilian)"
20661326911,true,2013-09-13 11:05:00.000,16.62678,-18.99938,"Halali-Agab",-9999.0,"gps","Loxodonta africana","Etosha1","Etosha1","African elephant - Namibia (Kilian)"
20661326960,true,2013-09-13 13:58:00.000,16.62873,-18.99705,"Halali-Agab",-9999.0,"gps","Loxodonta africana","Etosha1","Etosha1","African elephant - Namibia (Kilian)"
20661326969,true,2013-09-13 14:26:00.000,16.62847,-18.9977,"Halali-Agab",-9999.0,"gps","Loxodonta africana","Etosha1","Etosha1","African elephant - Namibia (Kilian)"
20661326975,true,2013-09-13 14:56:00.000,16.62853,-18.9977,"Halali-Agab",-9999.0,"gps","Loxodonta africana","Etosha1","Etosha1","African elephant - Namibia (Kilian)"
20661326984,true,2013-09-13 15:26:00.000,16.6286,-18.99782,"Halali-Agab",-9999.0,"gps","Loxodonta africana","Etosha1","Etosha1","African elephant - Namibia (Kilian)"
20661326991,true,2013-09-13 15:55:00.000,16.62857,-18.99787,"Halali-Agab",-9999.0,"gps","Loxodonta africana","Etosha1","Etosha1","African elephant - Namibia (Kilian)"
20661327002,true,2013-09-13 16:26:00.000,16.62845,-18.9979,"Halali-Agab",-9999.0,"gps","Loxodonta africana","Etosha1","Etosha1","African elephant - Namibia (Kilian)"
20661327010,true,2013-09-13 16:58:00.000,16.62863,-18.99772,"Halali-Agab",-9999.0,"gps","Loxodonta africana","Etosha1","Etosha1","African elephant - Namibia (Kilian)"
20661327017,true,2013-09-13 17:25:00.000,16.6293,-18.99718,"Halali-Agab",-9999.0,"gps","Loxodonta africana","Etosha1","Etosha1","African elephant - Namibia (Kilian)"
20661327025,true,2013-09-13 17:56:00.000,16.62955,-18.99632,"Halali-Agab",-9999.0,"gps","Loxodonta africana","Etosha1","Etosha1","African elephant - Namibia (Kilian)"
20661327033,true,2013-09-13 18:26:00.000,16.63028,-18.99595,"Halali-Agab",-9999.0,"gps","Loxodonta africana","Etosha1","Etosha1","African elephant - Namibia (Kilian)"
20661327041,true,2013-09-13 18:55:00.000,16.63195,-18.9947,"Halali-Agab",-9999.0,"gps","Loxodonta africana","Etosha1","Etosha1","African elephant - Namibia (Kilian)"
20661327050,true,2013-09-13 19:26:00.000,16.63308,-18.99418,"Halali-Agab",-9999.0,"gps","Loxodonta africana","Etosha1","Etosha1","African elephant - Namibia (Kilian)"
20661327058,true,2013-09-13 19:55:00.000,16.63423,-18.99415,"Halali-Agab",-9999.0,"gps","Loxodonta africana","Etosha1","Etosha1","African elephant - Namibia (Kilian)"
20661327070,true,2013-09-13 20:26:00.000,16.63445,-18.99338,"Halali-Agab",-9999.0,"gps","Loxodonta africana","Etosha1","Etosha1","African elephant - Namibia (Kilian)"
20661327078,true,2013-09-13 20:55:00.000,16.63598,-18.9925,"Halali-Agab",-9999.0,"gps","Loxodonta africana","Etosha1","Etosha1","African elephant - Namibia (Kilian)"
20661327085,true,2013-09-13 21:25:00.000,16.63632,-18.99038,"Halali-Agab",-9999.0,"gps","Loxodonta africana","Etosha1","Etosha1","African elephant - Namibia (Kilian)"
20661327092,true,2013-09-13 21:55:00.000,16.63795,-18.98732,"Halali-Agab",-9999.0,"gps","Loxodonta africana","Etosha1","Etosha1","African elephant - Namibia (Kilian)"
20661327103,true,2013-09-13 22:25:00.000,16.64157,-18.98443,"Halali-Agab",-9999.0,"gps","Loxodonta africana","Etosha1","Etosha1","African elephant - Namibia (Kilian)"
20661327123,true,2013-09-13 23:43:00.000,16.6485,-18.98025,"Halali-Agab",-9999.0,"gps","Loxodonta africana","Etosha1","Etosha1","African elephant - Namibia (Kilian)"
20661327131,true,2013-09-14 00:10:00.000,16.65057,-18.97882,"Halali-Agab",-9999.0,"gps","Loxodonta africana","Etosha1","Etosha1","African elephant - Namibia (Kilian)"
20661327141,true,2013-09-14 00:40:00.000,16.65582,-18.97455,"Halali-Agab",-9999.0,"gps","Loxodonta africana","Etosha1","Etosha1","African elephant - Namibia (Kilian)"
20661327149,true,2013-09-14 01:11:00.000,16.6493,-18.97502,"Halali-Agab",-9999.0,"gps","Loxodonta africana","Etosha1","Etosha1","African elephant - Namibia (Kilian)"
20661327157,true,2013-09-14 01:40:00.000,16.64488,-18.97558,"Halali-Agab",-9999.0,"gps","Loxodonta africana","Etosha1","Etosha1","African elephant - Namibia (Kilian)"
20661327166,true,2013-09-14 02:11:00.000,16.64312,-18.97652,"Halali-Agab",-9999.0,"gps","Loxodonta africana","Etosha1","Etosha1","African elephant - Namibia (Kilian)"
20661327186,true,2013-09-14 03:32:00.000,16.63768,-18.9788,"Halali-Agab",-9999.0,"gps","Loxodonta africana","Etosha1","Etosha1","African elephant - Namibia (Kilian)"
20661327193,true,2013-09-14 03:58:00.000,16.63493,-18.97968,"Halali-Agab",-9999.0,"gps","Loxodonta africana","Etosha1","Etosha1","African elephant - Namibia (Kilian)"
20661327203,true,2013-09-14 04:29:00.000,16.63297,-18.98117,"Halali-Agab",-9999.0,"gps","Loxodonta africana","Etosha1","Etosha1","African elephant - Namibia (Kilian)"
20661327222,true,2013-09-14 05:48:00.000,16.62775,-18.98468,"Halali-Agab",-9999.0,"gps","Loxodonta africana","Etosha1","Etosha1","African elephant - Namibia (Kilian)"
20661327229,true,2013-09-14 06:18:00.000,16.62555,-18.98545,"Halali-Agab",-9999.0,"gps","Loxodonta africana","Etosha1","Etosha1","African elephant - Namibia (Kilian)"
20661327239,true,2013-09-14 06:48:00.000,16.62515,-18.98562,"Halali-Agab",-9999.0,"gps","Loxodonta africana","Etosha1","Etosha1","African elephant - Namibia (Kilian)"
20661327247,true,2013-09-14 07:18:00.000,16.62357,-18.98927,"Halali-Agab",-9999.0,"gps","Loxodonta africana","Etosha1","Etosha1","African elephant - Namibia (Kilian)"
20661327256,true,2013-09-14 07:49:00.000,16.62248,-18.99427,"Halali-Agab",-9999.0,"gps","Loxodonta africana","Etosha1","Etosha1","African elephant - Namibia (Kilian)"
20661327264,true,2013-09-14 08:18:00.000,16.62363,-18.99667,"Halali-Agab",-9999.0,"gps","Loxodonta africana","Etosha1","Etosha1","African elephant - Namibia (Kilian)"
20661327277,true,2013-09-14 08:47:00.000,16.62398,-18.99593,"Halali-Agab",-9999.0,"gps","Loxodonta africana","Etosha1","Etosha1","African elephant - Namibia (Kilian)"
20661327285,true,2013-09-14 09:18:00.000,16.62422,-18.99535,"Halali-Agab",-9999.0,"gps","Loxodonta africana","Etosha1","Etosha1","African elephant - Namibia (Kilian)"
20661327295,true,2013-09-14 09:48:00.000,16.62488,-18.99495,"Halali-Agab",-9999.0,"gps","Loxodonta africana","Etosha1","Etosha1","African elephant - Namibia (Kilian)"
20661327302,true,2013-09-14 10:18:00.000,16.62488,-18.99495,"Halali-Agab",-9999.0,"gps","Loxodonta africana","Etosha1","Etosha1","African elephant - Namibia (Kilian)"
20661327313,true,2013-09-14 10:48:00.000,16.62485,-18.99502,"Halali-Agab",-9999.0,"gps","Loxodonta africana","Etosha1","Etosha1","African elephant - Namibia (Kilian)"
20661327321,true,2013-09-14 11:19:00.000,16.625,-18.99488,"Halali-Agab",-9999.0,"gps","Loxodonta africana","Etosha1","Etosha1","African elephant - Namibia (Kilian)"
20661327330,true,2013-09-14 11:48:00.000,16.62505,-18.9948,"Halali-Agab",-9999.0,"gps","Loxodonta africana","Etosha1","Etosha1","African elephant - Namibia (Kilian)"
20661327337,true,2013-09-14 12:19:00.000,16.62502,-18.99482,"Halali-Agab",-9999.0,"gps","Loxodonta africana","Etosha1","Etosha1","African elephant - Namibia (Kilian)"
20661327355,true,2013-09-14 13:18:00.000,16.62567,-18.99433,"Halali-Agab",-9999.0,"gps","Loxodonta africana","Etosha1","Etosha1","African elephant - Namibia (Kilian)"
20661327363,true,2013-09-14 13:49:00.000,16.62588,-18.99442,"Halali-Agab",-9999.0,"gps","Loxodonta africana","Etosha1","Etosha1","African elephant - Namibia (Kilian)"
20661327369,true,2013-09-14 14:17:00.000,16.62627,-18.99425,"Halali-Agab",-9999.0,"gps","Loxodonta africana","Etosha1","Etosha1","African elephant - Namibia (Kilian)"
20661327379,true,2013-09-14 14:48:00.000,16.62602,-18.99413,"Halali-Agab",-9999.0,"gps","Loxodonta africana","Etosha1","Etosha1","African elephant - Namibia (Kilian)"
20661327386,true,2013-09-14 15:18:00.000,16.62593,-18.99422,"Halali-Agab",-9999.0,"gps","Loxodonta africana","Etosha1","Etosha1","African elephant - Namibia (Kilian)"
20661327395,true,2013-09-14 15:50:00.000,16.62677,-18.99402,"Halali-Agab",-9999.0,"gps","Loxodonta africana","Etosha1","Etosha1","African elephant - Namibia (Kilian)"
20661327405,true,2013-09-14 16:20:00.000,16.62677,-18.99388,"Halali-Agab",-9999.0,"gps","Loxodonta africana","Etosha1","Etosha1","African elephant - Namibia (Kilian)"
20661327415,true,2013-09-14 16:48:00.000,16.62692,-18.99382,"Halali-Agab",-9999.0,"gps","Loxodonta africana","Etosha1","Etosha1","African elephant - Namibia (Kilian)"
20661327424,true,2013-09-14 17:18:00.000,16.62748,-18.9935,"Halali-Agab",-9999.0,"gps","Loxodonta africana","Etosha1","Etosha1","African elephant - Namibia (Kilian)"
20661327434,true,2013-09-14 17:48:00.000,16.62888,-18.99323,"Halali-Agab",-9999.0,"gps","Loxodonta africana","Etosha1","Etosha1","African elephant - Namibia (Kilian)"
20661327441,true,2013-09-14 18:18:00.000,16.63055,-18.99363,"Halali-Agab",-9999.0,"gps","Loxodonta africana","Etosha1","Etosha1","African elephant - Namibia (Kilian)"
20661327452,true,2013-09-14 18:47:00.000,16.63273,-18.99413,"Halali-Agab",-9999.0,"gps","Loxodonta africana","Etosha1","Etosha1","African elephant - Namibia (Kilian)"
20661327460,true,2013-09-14 19:18:00.000,16.63347,-18.99358,"Halali-Agab",-9999.0,"gps","Loxodonta africana","Etosha1","Etosha1","African elephant - Namibia (Kilian)"
20661327477,true,2013-09-14 20:08:00.000,16.63628,-18.99442,"Halali-Agab",-9999.0,"gps","Loxodonta africana","Etosha1","Etosha1","African elephant - Namibia (Kilian)"
20661327487,true,2013-09-14 20:38:00.000,16.63775,-18.99662,"Halali-Agab",-9999.0,"gps","Loxodonta africana","Etosha1","Etosha1","African elephant - Namibia (Kilian)"
20661327497,true,2013-09-14 21:07:00.000,16.63992,-18.99815,"Halali-Agab",-9999.0,"gps","Loxodonta africana","Etosha1","Etosha1","African elephant - Namibia (Kilian)"
20661327506,true,2013-09-14 21:38:00.000,16.6428,-18.99845,"Halali-Agab",-9999.0,"gps","Loxodonta africana","Etosha1","Etosha1","African elephant - Namibia (Kilian)"
20661327515,true,2013-09-14 22:08:00.000,16.64283,-18.99803,"Halali-Agab",-9999.0,"gps","Loxodonta africana","Etosha1","Etosha1","African elephant - Namibia (Kilian)"
20661327525,true,2013-09-14 22:39:00.000,16.6431,-18.9979,"Halali-Agab",-9999.0,"gps","Loxodonta africana","Etosha1","Etosha1","African elephant - Namibia (Kilian)"
20661327534,true,2013-09-14 23:08:00.000,16.6432,-18.9974,"Halali-Agab",-9999.0,"gps","Loxodonta africana","Etosha1","Etosha1","African elephant - Namibia (Kilian)"
20661327543,true,2013-09-14 23:38:00.000,16.64482,-18.99638,"Halali-Agab",-9999.0,"gps","Loxodonta africana","Etosha1","Etosha1","African elephant - Namibia (Kilian)"
20661327553,true,2013-09-15 00:08:00.000,16.64965,-18.98868,"Halali-Agab",-9999.0,"gps","Loxodonta africana","Etosha1","Etosha1","African elephant - Namibia (Kilian)"
20661327564,true,2013-09-15 00:38:00.000,16.65037,-18.9871,"Halali-Agab",-9999.0,"gps","Loxodonta africana","Etosha1","Etosha1","African elephant - Namibia (Kilian)"
20661327574,true,2013-09-15 01:08:00.000,16.65088,-18.98577,"Halali-Agab",-9999.0,"gps","Loxodonta africana","Etosha1","Etosha1","African elephant - Namibia (Kilian)"
20661327583,true,2013-09-15 01:39:00.000,16.65262,-18.98347,"Halali-Agab",-9999.0,"gps","Loxodonta africana","Etosha1","Etosha1","African elephant - Namibia (Kilian)"
20661327591,true,2013-09-15 02:09:00.000,16.65558,-18.9749,"Halali-Agab",-9999.0,"gps","Loxodonta africana","Etosha1","Etosha1","African elephant - Namibia (Kilian)"
20661327601,true,2013-09-15 02:38:00.000,16.65587,-18.97423,"Halali-Agab",-9999.0,"gps","Loxodonta africana","Etosha1","Etosha1","African elephant - Namibia (Kilian)"
20661327610,true,2013-09-15 03:08:00.000,16.64878,-18.9751,"Halali-Agab",-9999.0,"gps","Loxodonta africana","Etosha1","Etosha1","African elephant - Namibia (Kilian)"
20661327618,true,2013-09-15 03:39:00.000,16.64585,-18.9753,"Halali-Agab",-9999.0,"gps","Loxodonta africana","Etosha1","Etosha1","African elephant - Namibia (Kilian)"
20661327626,true,2013-09-15 04:07:00.000,16.63482,-18.98003,"Halali-Agab",-9999.0,"gps","Loxodonta africana","Etosha1","Etosha1","African elephant - Namibia (Kilian)"
20661327634,true,2013-09-15 04:38:00.000,16.62792,-18.9853,"Halali-Agab",-9999.0,"gps","Loxodonta africana","Etosha1","Etosha1","African elephant - Namibia (Kilian)"
20661327645,true,2013-09-15 05:07:00.000,16.62438,-18.98513,"Halali-Agab",-9999.0,"gps","Loxodonta africana","Etosha1","Etosha1","African elephant - Namibia (Kilian)"
20661327653,true,2013-09-15 05:38:00.000,16.62167,-18.98598,"Halali-Agab",-9999.0,"gps","Loxodonta africana","Etosha1","Etosha1","African elephant - Namibia (Kilian)"
20661327662,true,2013-09-15 06:08:00.000,16.61957,-18.99035,"Halali-Agab",-9999.0,"gps","Loxodonta africana","Etosha1","Etosha1","African elephant - Namibia (Kilian)"
20661327672,true,2013-09-15 06:37:00.000,16.61827,-18.99748,"Halali-Agab",-9999.0,"gps","Loxodonta africana","Etosha1","Etosha1","African elephant - Namibia (Kilian)"
20661327681,true,2013-09-15 07:08:00.000,16.61753,-19.00348,"Halali-Agab",-9999.0,"gps","Loxodonta africana","Etosha1","Etosha1","African elephant - Namibia (Kilian)"
20661327690,true,2013-09-15 07:38:00.000,16.61792,-19.00478,"Halali-Agab",-9999.0,"gps","Loxodonta africana","Etosha1","Etosha1","African elephant - Namibia (Kilian)"
20661327699,true,2013-09-15 08:08:00.000,16.6179,-19.00497,"Halali-Agab",-9999.0,"gps","Loxodonta africana","Etosha1","Etosha1","African elephant - Namibia (Kilian)"
20661327709,true,2013-09-15 08:38:00.000,16.6179,-19.005,"Halali-Agab",-9999.0,"gps","Loxodonta africana","Etosha1","Etosha1","African elephant - Namibia (Kilian)"
20661327719,true,2013-09-15 09:08:00.000,16.61847,-19.00502,"Halali-Agab",-9999.0,"gps","Loxodonta africana","Etosha1","Etosha1","African elephant - Namibia (Kilian)"
20661327728,true,2013-09-15 09:38:00.000,16.61958,-19.00493,"Halali-Agab",-9999.0,"gps","Loxodonta africana","Etosha1","Etosha1","African elephant - Namibia (Kilian)"
20661327737,true,2013-09-15 10:08:00.000,16.62018,-19.00412,"Halali-Agab",-9999.0,"gps","Loxodonta africana","Etosha1","Etosha1","African elephant - Namibia (Kilian)"
20661327747,true,2013-09-15 10:38:00.000,16.62022,-19.00405,"Halali-Agab",-9999.0,"gps","Loxodonta africana","Etosha1","Etosha1","African elephant - Namibia (Kilian)"
20661327756,true,2013-09-15 11:08:00.000,16.62003,-19.00407,"Halali-Agab",-9999.0,"gps","Loxodonta africana","Etosha1","Etosha1","African elephant - Namibia (Kilian)"
20661327764,true,2013-09-15 11:38:00.000,16.62,-19.00407,"Halali-Agab",-9999.0,"gps","Loxodonta africana","Etosha1","Etosha1","African elephant - Namibia (Kilian)"
20661327772,true,2013-09-15 12:08:00.000,16.62018,-19.0041,"Halali-Agab",-9999.0,"gps","Loxodonta africana","Etosha1","Etosha1","African elephant - Namibia (Kilian)"
20661327784,true,2013-09-15 12:38:00.000,16.6201,-19.0034,"Halali-Agab",-9999.0,"gps","Loxodonta africana","Etosha1","Etosha1","African elephant - Namibia (Kilian)"
20661327797,true,2013-09-15 13:08:00.000,16.62017,-19.00345,"Halali-Agab",-9999.0,"gps","Loxodonta africana","Etosha1","Etosha1","African elephant - Namibia (Kilian)"
20661327807,true,2013-09-15 13:38:00.000,16.62,-19.00328,"Halali-Agab",-9999.0,"gps","Loxodonta africana","Etosha1","Etosha1","African elephant - Namibia (Kilian)"
20661327819,true,2013-09-15 14:08:00.000,16.62018,-19.00338,"Halali-Agab",-9999.0,"gps","Loxodonta africana","Etosha1","Etosha1","African elephant - Namibia (Kilian)"
20661327830,true,2013-09-15 14:38:00.000,16.62005,-19.00332,"Halali-Agab",-9999.0,"gps","Loxodonta africana","Etosha1","Etosha1","African elephant - Namibia (Kilian)"
20661327842,true,2013-09-15 15:08:00.000,16.61983,-19.00333,"Halali-Agab",-9999.0,"gps","Loxodonta africana","Etosha1","Etosha1","African elephant - Namibia (Kilian)"
20661327851,true,2013-09-15 15:38:00.000,16.62008,-19.00335,"Halali-Agab",-9999.0,"gps","Loxodonta africana","Etosha1","Etosha1","African elephant - Namibia (Kilian)"
20661327864,true,2013-09-15 16:08:00.000,16.61982,-19.00305,"Halali-Agab",-9999.0,"gps","Loxodonta africana","Etosha1","Etosha1","African elephant - Namibia (Kilian)"
20661327876,true,2013-09-15 16:38:00.000,16.61983,-19.00338,"Halali-Agab",-9999.0,"gps","Loxodonta africana","Etosha1","Etosha1","African elephant - Namibia (Kilian)"
20661327891,true,2013-09-15 17:08:00.000,16.62087,-19.005,"Halali-Agab",-9999.0,"gps","Loxodonta africana","Etosha1","Etosha1","African elephant - Namibia (Kilian)"
20661327901,true,2013-09-15 17:38:00.000,16.62187,-19.00715,"Halali-Agab",-9999.0,"gps","Loxodonta africana","Etosha1","Etosha1","African elephant - Namibia (Kilian)"
20661327915,true,2013-09-15 18:08:00.000,16.62247,-19.0108,"Halali-Agab",-9999.0,"gps","Loxodonta africana","Etosha1","Etosha1","African elephant - Namibia (Kilian)"
20661327926,true,2013-09-15 18:38:00.000,16.6238,-19.01385,"Halali-Agab",-9999.0,"gps","Loxodonta africana","Etosha1","Etosha1","African elephant - Namibia (Kilian)"
20661327940,true,2013-09-15 19:08:00.000,16.62467,-19.01483,"Halali-Agab",-9999.0,"gps","Loxodonta africana","Etosha1","Etosha1","African elephant - Namibia (Kilian)"
20661327950,true,2013-09-15 19:39:00.000,16.62482,-19.01947,"Halali-Agab",-9999.0,"gps","Loxodonta africana","Etosha1","Etosha1","African elephant - Namibia (Kilian)"
20661327964,true,2013-09-15 20:09:00.000,16.62978,-19.02767,"Halali-Agab",-9999.0,"gps","Loxodonta africana","Etosha1","Etosha1","African elephant - Namibia (Kilian)"
20661327975,true,2013-09-15 20:38:00.000,16.63673,-19.0342,"Halali-Agab",-9999.0,"gps","Loxodonta africana","Etosha1","Etosha1","African elephant - Namibia (Kilian)"
20661327990,true,2013-09-15 21:08:00.000,16.64072,-19.04015,"Halali-Agab",-9999.0,"gps","Loxodonta africana","Etosha1","Etosha1","African elephant - Namibia (Kilian)"
20661327999,true,2013-09-15 21:38:00.000,16.64667,-19.03342,"Halali-Agab",-9999.0,"gps","Loxodonta africana","Etosha1","Etosha1","African elephant - Namibia (Kilian)"
20661328014,true,2013-09-15 22:09:00.000,16.65095,-19.0299,"Halali-Agab",-9999.0,"gps","Loxodonta africana","Etosha1","Etosha1","African elephant - Namibia (Kilian)"
20661328025,true,2013-09-15 22:38:00.000,16.65592,-19.02678,"Halali-Agab",-9999.0,"gps","Loxodonta africana","Etosha1","Etosha1","African elephant - Namibia (Kilian)"
20661328038,true,2013-09-15 23:08:00.000,16.66097,-19.02435,"Halali-Agab",-9999.0,"gps","Loxodonta africana","Etosha1","Etosha1","African elephant - Namibia (Kilian)"
20661328048,true,2013-09-15 23:38:00.000,16.66558,-19.02172,"Halali-Agab",-9999.0,"gps","Loxodonta africana","Etosha1","Etosha1","African elephant - Namibia (Kilian)"
20661328063,true,2013-09-16 00:08:00.000,16.6702,-19.02023,"Halali-Agab",-9999.0,"gps","Loxodonta africana","Etosha1","Etosha1","African elephant - Namibia (Kilian)"
20661328074,true,2013-09-16 00:38:00.000,16.67245,-19.01973,"Halali-Agab",-9999.0,"gps","Loxodonta africana","Etosha1","Etosha1","African elephant - Namibia (Kilian)"
20661328090,true,2013-09-16 01:08:00.000,16.67433,-19.0189,"Halali-Agab",-9999.0,"gps","Loxodonta africana","Etosha1","Etosha1","African elephant - Namibia (Kilian)"
20661328100,true,2013-09-16 01:38:00.000,16.67533,-19.01802,"Halali-Agab",-9999.0,"gps","Loxodonta africana","Etosha1","Etosha1","African elephant - Namibia (Kilian)"
20661328114,true,2013-09-16 02:08:00.000,16.67608,-19.0172,"Halali-Agab",-9999.0,"gps","Loxodonta africana","Etosha1","Etosha1","African elephant - Namibia (Kilian)"
20661328125,true,2013-09-16 02:38:00.000,16.67783,-19.01615,"Halali-Agab",-9999.0,"gps","Loxodonta africana","Etosha1","Etosha1","African elephant - Namibia (Kilian)"
20661328138,true,2013-09-16 03:08:00.000,16.6779,-19.01617,"Halali-Agab",-9999.0,"gps","Loxodonta africana","Etosha1","Etosha1","African elephant - Namibia (Kilian)"
20661328148,true,2013-09-16 03:38:00.000,16.67792,-19.01623,"Halali-Agab",-9999.0,"gps","Loxodonta africana","Etosha1","Etosha1","African elephant - Namibia (Kilian)"
20661328163,true,2013-09-16 04:09:00.000,16.6781,-19.01505,"Halali-Agab",-9999.0,"gps","Loxodonta africana","Etosha1","Etosha1","African elephant - Namibia (Kilian)"
20661328174,true,2013-09-16 04:38:00.000,16.67787,-19.01318,"Halali-Agab",-9999.0,"gps","Loxodonta africana","Etosha1","Etosha1","African elephant - Namibia (Kilian)"
20661328188,true,2013-09-16 05:08:00.000,16.67777,-19.01342,"Halali-Agab",-9999.0,"gps","Loxodonta africana","Etosha1","Etosha1","African elephant - Namibia (Kilian)"
20661328196,true,2013-09-16 05:38:00.000,16.67763,-19.01338,"Halali-Agab",-9999.0,"gps","Loxodonta africana","Etosha1","Etosha1","African elephant - Namibia (Kilian)"
20661328210,true,2013-09-16 06:08:00.000,16.67782,-19.01355,"Halali-Agab",-9999.0,"gps","Loxodonta africana","Etosha1","Etosha1","African elephant - Namibia (Kilian)"
20661328220,true,2013-09-16 06:38:00.000,16.67918,-19.01233,"Halali-Agab",-9999.0,"gps","Loxodonta africana","Etosha1","Etosha1","African elephant - Namibia (Kilian)"
20661328234,true,2013-09-16 07:08:00.000,16.68143,-19.01035,"Halali-Agab",-9999.0,"gps","Loxodonta africana","Etosha1","Etosha1","African elephant - Namibia (Kilian)"
20661328243,true,2013-09-16 07:38:00.000,16.68152,-19.00945,"Halali-Agab",-9999.0,"gps","Loxodonta africana","Etosha1","Etosha1","African elephant - Namibia (Kilian)"
20661328257,true,2013-09-16 08:08:00.000,16.68283,-19.00638,"Halali-Agab",-9999.0,"gps","Loxodonta africana","Etosha1","Etosha1","African elephant - Namibia (Kilian)"
20661328269,true,2013-09-16 08:38:00.000,16.68653,-19.00498,"Halali-Agab",-9999.0,"gps","Loxodonta africana","Etosha1","Etosha1","African elephant - Namibia (Kilian)"
20661328284,true,2013-09-16 09:08:00.000,16.68547,-18.9925,"Halali-Agab",-9999.0,"gps","Loxodonta africana","Etosha1","Etosha1","African elephant - Namibia (Kilian)"
20661328296,true,2013-09-16 09:38:00.000,16.68805,-18.98533,"Halali-Agab",-9999.0,"gps","Loxodonta africana","Etosha1","Etosha1","African elephant - Namibia (Kilian)"
20661328309,true,2013-09-16 10:08:00.000,16.68733,-18.98587,"Halali-Agab",-9999.0,"gps","Loxodonta africana","Etosha1","Etosha1","African elephant - Namibia (Kilian)"
20661328319,true,2013-09-16 10:38:00.000,16.68587,-18.9833,"Halali-Agab",-9999.0,"gps","Loxodonta africana","Etosha1","Etosha1","African elephant - Namibia (Kilian)"
20661328333,true,2013-09-16 11:08:00.000,16.68693,-18.98287,"Halali-Agab",-9999.0,"gps","Loxodonta africana","Etosha1","Etosha1","African elephant - Namibia (Kilian)"
20661328343,true,2013-09-16 11:38:00.000,16.68698,-18.98295,"Halali-Agab",-9999.0,"gps","Loxodonta africana","Etosha1","Etosha1","African elephant - Namibia (Kilian)"
20661328356,true,2013-09-16 12:08:00.000,16.6868,-18.98285,"Halali-Agab",-9999.0,"gps","Loxodonta africana","Etosha1","Etosha1","African elephant - Namibia (Kilian)"
20661328368,true,2013-09-16 12:38:00.000,16.6868,-18.98272,"Halali-Agab",-9999.0,"gps","Loxodonta africana","Etosha1","Etosha1","African elephant - Namibia (Kilian)"
20661328382,true,2013-09-16 13:08:00.000,16.68705,-18.98265,"Halali-Agab",-9999.0,"gps","Loxodonta africana","Etosha1","Etosha1","African elephant - Namibia (Kilian)"
20661328392,true,2013-09-16 13:38:00.000,16.68675,-18.98278,"Halali-Agab",-9999.0,"gps","Loxodonta africana","Etosha1","Etosha1","African elephant - Namibia (Kilian)"
20661328405,true,2013-09-16 14:07:00.000,16.6868,-18.98285,"Halali-Agab",-9999.0,"gps","Loxodonta africana","Etosha1","Etosha1","African elephant - Namibia (Kilian)"
20661328415,true,2013-09-16 14:38:00.000,16.68678,-18.98277,"Halali-Agab",-9999.0,"gps","Loxodonta africana","Etosha1","Etosha1","African elephant - Namibia (Kilian)"
20661328430,true,2013-09-16 15:08:00.000,16.68673,-18.98282,"Halali-Agab",-9999.0,"gps","Loxodonta africana","Etosha1","Etosha1","African elephant - Namibia (Kilian)"
20661328439,true,2013-09-16 15:38:00.000,16.68685,-18.9828,"Halali-Agab",-9999.0,"gps","Loxodonta africana","Etosha1","Etosha1","African elephant - Namibia (Kilian)"
20661328453,true,2013-09-16 16:09:00.000,16.68682,-18.98275,"Halali-Agab",-9999.0,"gps","Loxodonta africana","Etosha1","Etosha1","African elephant - Namibia (Kilian)"
20661328465,true,2013-09-16 16:38:00.000,16.68627,-18.98258,"Halali-Agab",-9999.0,"gps","Loxodonta africana","Etosha1","Etosha1","African elephant - Namibia (Kilian)"
20661328480,true,2013-09-16 17:08:00.000,16.68503,-18.98417,"Halali-Agab",-9999.0,"gps","Loxodonta africana","Etosha1","Etosha1","African elephant - Namibia (Kilian)"
20661328488,true,2013-09-16 17:38:00.000,16.68495,-18.98425,"Halali-Agab",-9999.0,"gps","Loxodonta africana","Etosha1","Etosha1","African elephant - Namibia (Kilian)"
20661328502,true,2013-09-16 18:08:00.000,16.68545,-18.98432,"Halali-Agab",-9999.0,"gps","Loxodonta africana","Etosha1","Etosha1","African elephant - Namibia (Kilian)"
20661328513,true,2013-09-16 18:38:00.000,16.68578,-18.98508,"Halali-Agab",-9999.0,"gps","Loxodonta africana","Etosha1","Etosha1","African elephant - Namibia (Kilian)"
20661328527,true,2013-09-16 19:08:00.000,16.6862,-18.98627,"Halali-Agab",-9999.0,"gps","Loxodonta africana","Etosha1","Etosha1","African elephant - Namibia (Kilian)"
20661328537,true,2013-09-16 19:38:00.000,16.68805,-18.99215,"Halali-Agab",-9999.0,"gps","Loxodonta africana","Etosha1","Etosha1","African elephant - Namibia (Kilian)"
20661328551,true,2013-09-16 20:07:00.000,16.68803,-18.99848,"Halali-Agab",-9999.0,"gps","Loxodonta africana","Etosha1","Etosha1","African elephant - Namibia (Kilian)"
20661328564,true,2013-09-16 20:39:00.000,16.69317,-19.00287,"Halali-Agab",-9999.0,"gps","Loxodonta africana","Etosha1","Etosha1","African elephant - Namibia (Kilian)"
20661328578,true,2013-09-16 21:08:00.000,16.69782,-19.00425,"Halali-Agab",-9999.0,"gps","Loxodonta africana","Etosha1","Etosha1","African elephant - Namibia (Kilian)"
20661328588,true,2013-09-16 21:38:00.000,16.69993,-19.00477,"Halali-Agab",-9999.0,"gps","Loxodonta africana","Etosha1","Etosha1","African elephant - Namibia (Kilian)"
20661328602,true,2013-09-16 22:08:00.000,16.70365,-19.00692,"Halali-Agab",-9999.0,"gps","Loxodonta africana","Etosha1","Etosha1","African elephant - Namibia (Kilian)"
20661328613,true,2013-09-16 22:38:00.000,16.7058,-19.00757,"Halali-Agab",-9999.0,"gps","Loxodonta africana","Etosha1","Etosha1","African elephant - Namibia (Kilian)"
20661328627,true,2013-09-16 23:09:00.000,16.70935,-19.01225,"Halali-Agab",-9999.0,"gps","Loxodonta africana","Etosha1","Etosha1","African elephant - Namibia (Kilian)"
20661328636,true,2013-09-16 23:38:00.000,16.71563,-19.01762,"Halali-Agab",-9999.0,"gps","Loxodonta africana","Etosha1","Etosha1","African elephant - Namibia (Kilian)"
20661328650,true,2013-09-17 00:08:00.000,16.71852,-19.02168,"Halali-Agab",-9999.0,"gps","Loxodonta africana","Etosha1","Etosha1","African elephant - Namibia (Kilian)"
20661328662,true,2013-09-17 00:38:00.000,16.72192,-19.02507,"Halali-Agab",-9999.0,"gps","Loxodonta africana","Etosha1","Etosha1","African elephant - Namibia (Kilian)"
20661328677,true,2013-09-17 01:08:00.000,16.72573,-19.02755,"Halali-Agab",-9999.0,"gps","Loxodonta africana","Etosha1","Etosha1","African elephant - Namibia (Kilian)"
20661328687,true,2013-09-17 01:38:00.000,16.72813,-19.03208,"Halali-Agab",-9999.0,"gps","Loxodonta africana","Etosha1","Etosha1","African elephant - Namibia (Kilian)"
20661328701,true,2013-09-17 02:09:00.000,16.72998,-19.03637,"Halali-Agab",-9999.0,"gps","Loxodonta africana","Etosha1","Etosha1","African elephant - Namibia (Kilian)"
20661328712,true,2013-09-17 02:38:00.000,16.73102,-19.03838,"Halali-Agab",-9999.0,"gps","Loxodonta africana","Etosha1","Etosha1","African elephant - Namibia (Kilian)"
20661328741,true,2013-09-17 03:55:00.000,16.73437,-19.04567,"Halali-Agab",-9999.0,"gps","Loxodonta africana","Etosha1","Etosha1","African elephant - Namibia (Kilian)"
20661328754,true,2013-09-17 04:24:00.000,16.7372,-19.05043,"Halali-Agab",-9999.0,"gps","Loxodonta africana","Etosha1","Etosha1","African elephant - Namibia (Kilian)"
20661328766,true,2013-09-17 04:53:00.000,16.73965,-19.05535,"Halali-Agab",-9999.0,"gps","Loxodonta africana","Etosha1","Etosha1","African elephant - Namibia (Kilian)"
20661328779,true,2013-09-17 05:23:00.000,16.7392,-19.05688,"Halali-Agab",-9999.0,"gps","Loxodonta africana","Etosha1","Etosha1","African elephant - Namibia (Kilian)"
20661328790,true,2013-09-17 05:53:00.000,16.74167,-19.05493,"Halali-Agab",-9999.0,"gps","Loxodonta africana","Etosha1","Etosha1","African elephant - Namibia (Kilian)"
20661328802,true,2013-09-17 06:23:00.000,16.74573,-19.04743,"Halali-Agab",-9999.0,"gps","Loxodonta africana","Etosha1","Etosha1","African elephant - Namibia (Kilian)"
20661328813,true,2013-09-17 06:54:00.000,16.7463,-19.04267,"Halali-Agab",-9999.0,"gps","Loxodonta africana","Etosha1","Etosha1","African elephant - Namibia (Kilian)"
20661328826,true,2013-09-17 07:23:00.000,16.74572,-19.04042,"Halali-Agab",-9999.0,"gps","Loxodonta africana","Etosha1","Etosha1","African elephant - Namibia (Kilian)"
20661328837,true,2013-09-17 07:53:00.000,16.7458,-19.03963,"Halali-Agab",-9999.0,"gps","Loxodonta africana","Etosha1","Etosha1","African elephant - Namibia (Kilian)"
20661328850,true,2013-09-17 08:23:00.000,16.74575,-19.0377,"Halali-Agab",-9999.0,"gps","Loxodonta africana","Etosha1","Etosha1","African elephant - Namibia (Kilian)"
20661328863,true,2013-09-17 08:54:00.000,16.74587,-19.03647,"Halali-Agab",-9999.0,"gps","Loxodonta africana","Etosha1","Etosha1","African elephant - Namibia (Kilian)"
20661328874,true,2013-09-17 09:23:00.000,16.74595,-19.0357,"Halali-Agab",-9999.0,"gps","Loxodonta africana","Etosha1","Etosha1","African elephant - Namibia (Kilian)"
20661328908,true,2013-09-17 10:50:00.000,16.7467,-19.03447,"Halali-Agab",-9999.0,"gps","Loxodonta africana","Etosha1","Etosha1","African elephant - Namibia (Kilian)"
20661329075,true,2013-09-17 18:37:00.000,16.745,-19.04215,"Halali-Agab",-9999.0,"gps","Loxodonta africana","Etosha1","Etosha1","African elephant - Namibia (Kilian)"
20661329089,true,2013-09-17 19:07:00.000,16.74345,-19.04332,"Halali-Agab",-9999.0,"gps","Loxodonta africana","Etosha1","Etosha1","African elephant - Namibia (Kilian)"
20661329099,true,2013-09-17 19:36:00.000,16.7421,-19.04462,"Halali-Agab",-9999.0,"gps","Loxodonta africana","Etosha1","Etosha1","African elephant - Namibia (Kilian)"
20661329113,true,2013-09-17 20:06:00.000,16.74163,-19.0454,"Halali-Agab",-9999.0,"gps","Loxodonta africana","Etosha1","Etosha1","African elephant - Namibia (Kilian)"
20661329124,true,2013-09-17 20:35:00.000,16.7405,-19.04727,"Halali-Agab",-9999.0,"gps","Loxodonta africana","Etosha1","Etosha1","African elephant - Namibia (Kilian)"
20661329139,true,2013-09-17 21:05:00.000,16.74007,-19.05217,"Halali-Agab",-9999.0,"gps","Loxodonta africana","Etosha1","Etosha1","African elephant - Namibia (Kilian)"
20661329150,true,2013-09-17 21:36:00.000,16.73908,-19.05697,"Halali-Agab",-9999.0,"gps","Loxodonta africana","Etosha1","Etosha1","African elephant - Namibia (Kilian)"
20661329164,true,2013-09-17 22:06:00.000,16.7391,-19.05663,"Halali-Agab",-9999.0,"gps","Loxodonta africana","Etosha1","Etosha1","African elephant - Namibia (Kilian)"
20661329174,true,2013-09-17 22:36:00.000,16.73912,-19.05627,"Halali-Agab",-9999.0,"gps","Loxodonta africana","Etosha1","Etosha1","African elephant - Namibia (Kilian)"
20661329188,true,2013-09-17 23:06:00.000,16.73868,-19.0559,"Halali-Agab",-9999.0,"gps","Loxodonta africana","Etosha1","Etosha1","African elephant - Namibia (Kilian)"
20661329198,true,2013-09-17 23:36:00.000,16.73823,-19.0528,"Halali-Agab",-9999.0,"gps","Loxodonta africana","Etosha1","Etosha1","African elephant - Namibia (Kilian)"
20661329212,true,2013-09-18 00:07:00.000,16.73907,-19.0504,"Halali-Agab",-9999.0,"gps","Loxodonta africana","Etosha1","Etosha1","African elephant - Namibia (Kilian)"
20661329223,true,2013-09-18 00:36:00.000,16.73945,-19.04913,"Halali-Agab",-9999.0,"gps","Loxodonta africana","Etosha1","Etosha1","African elephant - Namibia (Kilian)"
20661329238,true,2013-09-18 01:06:00.000,16.74003,-19.04757,"Halali-Agab",-9999.0,"gps","Loxodonta africana","Etosha1","Etosha1","African elephant - Namibia (Kilian)"
20661329247,true,2013-09-18 01:36:00.000,16.74107,-19.04585,"Halali-Agab",-9999.0,"gps","Loxodonta africana","Etosha1","Etosha1","African elephant - Namibia (Kilian)"
20661329261,true,2013-09-18 02:06:00.000,16.74132,-19.04408,"Halali-Agab",-9999.0,"gps","Loxodonta africana","Etosha1","Etosha1","African elephant - Namibia (Kilian)"
20661329272,true,2013-09-18 02:36:00.000,16.74155,-19.04315,"Halali-Agab",-9999.0,"gps","Loxodonta africana","Etosha1","Etosha1","African elephant - Namibia (Kilian)"
20661329286,true,2013-09-18 03:06:00.000,16.74133,-19.04245,"Halali-Agab",-9999.0,"gps","Loxodonta africana","Etosha1","Etosha1","African elephant - Namibia (Kilian)"
20661329296,true,2013-09-18 03:36:00.000,16.7419,-19.04202,"Halali-Agab",-9999.0,"gps","Loxodonta africana","Etosha1","Etosha1","African elephant - Namibia (Kilian)"
20661329311,true,2013-09-18 04:06:00.000,16.74178,-19.04192,"Halali-Agab",-9999.0,"gps","Loxodonta africana","Etosha1","Etosha1","African elephant - Namibia (Kilian)"
20661329318,true,2013-09-18 04:37:00.000,16.74192,-19.0418,"Halali-Agab",-9999.0,"gps","Loxodonta africana","Etosha1","Etosha1","African elephant - Namibia (Kilian)"
20661329332,true,2013-09-18 05:07:00.000,16.74185,-19.04183,"Halali-Agab",-9999.0,"gps","Loxodonta africana","Etosha1","Etosha1","African elephant - Namibia (Kilian)"
20661329339,true,2013-09-18 05:36:00.000,16.74177,-19.04192,"Halali-Agab",-9999.0,"gps","Loxodonta africana","Etosha1","Etosha1","African elephant - Namibia (Kilian)"
20661329351,true,2013-09-18 06:06:00.000,16.74158,-19.04198,"Halali-Agab",-9999.0,"gps","Loxodonta africana","Etosha1","Etosha1","African elephant - Namibia (Kilian)"
20661329361,true,2013-09-18 06:36:00.000,16.7424,-19.04083,"Halali-Agab",-9999.0,"gps","Loxodonta africana","Etosha1","Etosha1","African elephant - Namibia (Kilian)"
20661329374,true,2013-09-18 07:06:00.000,16.7436,-19.04022,"Halali-Agab",-9999.0,"gps","Loxodonta africana","Etosha1","Etosha1","African elephant - Namibia (Kilian)"
20661329384,true,2013-09-18 07:36:00.000,16.74415,-19.04048,"Halali-Agab",-9999.0,"gps","Loxodonta africana","Etosha1","Etosha1","African elephant - Namibia (Kilian)"
20661329399,true,2013-09-18 08:06:00.000,16.7448,-19.04133,"Halali-Agab",-9999.0,"gps","Loxodonta africana","Etosha1","Etosha1","African elephant - Namibia (Kilian)"
20661329410,true,2013-09-18 08:36:00.000,16.74492,-19.04283,"Halali-Agab",-9999.0,"gps","Loxodonta africana","Etosha1","Etosha1","African elephant - Namibia (Kilian)"
20661329425,true,2013-09-18 09:06:00.000,16.74463,-19.04332,"Halali-Agab",-9999.0,"gps","Loxodonta africana","Etosha1","Etosha1","African elephant - Namibia (Kilian)"
20661329434,true,2013-09-18 09:36:00.000,16.74422,-19.04427,"Halali-Agab",-9999.0,"gps","Loxodonta africana","Etosha1","Etosha1","African elephant - Namibia (Kilian)"
20661329448,true,2013-09-18 10:06:00.000,16.74428,-19.04507,"Halali-Agab",-9999.0,"gps","Loxodonta africana","Etosha1","Etosha1","African elephant - Namibia (Kilian)"
20661329459,true,2013-09-18 10:36:00.000,16.74398,-19.04593,"Halali-Agab",-9999.0,"gps","Loxodonta africana","Etosha1","Etosha1","African elephant - Namibia (Kilian)"
20661329472,true,2013-09-18 11:06:00.000,16.74407,-19.04585,"Halali-Agab",-9999.0,"gps","Loxodonta africana","Etosha1","Etosha1","African elephant - Namibia (Kilian)"
20661329483,true,2013-09-18 11:39:00.000,16.74368,-19.0463,"Halali-Agab",-9999.0,"gps","Loxodonta africana","Etosha1","Etosha1","African elephant - Namibia (Kilian)"
20661329497,true,2013-09-18 12:06:00.000,16.74363,-19.04637,"Halali-Agab",-9999.0,"gps","Loxodonta africana","Etosha1","Etosha1","African elephant - Namibia (Kilian)"
20661329508,true,2013-09-18 12:36:00.000,16.74313,-19.04755,"Halali-Agab",-9999.0,"gps","Loxodonta africana","Etosha1","Etosha1","African elephant - Namibia (Kilian)"
20661329522,true,2013-09-18 13:05:00.000,16.74232,-19.04923,"Halali-Agab",-9999.0,"gps","Loxodonta africana","Etosha1","Etosha1","African elephant - Namibia (Kilian)"
20661329531,true,2013-09-18 13:36:00.000,16.74213,-19.04925,"Halali-Agab",-9999.0,"gps","Loxodonta africana","Etosha1","Etosha1","African elephant - Namibia (Kilian)"
20661329544,true,2013-09-18 14:06:00.000,16.74218,-19.04945,"Halali-Agab",-9999.0,"gps","Loxodonta africana","Etosha1","Etosha1","African elephant - Namibia (Kilian)"
20661329554,true,2013-09-18 14:36:00.000,16.74223,-19.04952,"Halali-Agab",-9999.0,"gps","Loxodonta africana","Etosha1","Etosha1","African elephant - Namibia (Kilian)"
20661329568,true,2013-09-18 15:06:00.000,16.742,-19.0498,"Halali-Agab",-9999.0,"gps","Loxodonta africana","Etosha1","Etosha1","African elephant - Namibia (Kilian)"
20661329578,true,2013-09-18 15:35:00.000,16.74152,-19.05185,"Halali-Agab",-9999.0,"gps","Loxodonta africana","Etosha1","Etosha1","African elephant - Namibia (Kilian)"
20661329593,true,2013-09-18 16:06:00.000,16.7389,-19.05675,"Halali-Agab",-9999.0,"gps","Loxodonta africana","Etosha1","Etosha1","African elephant - Namibia (Kilian)"
20661329604,true,2013-09-18 16:36:00.000,16.7395,-19.05652,"Halali-Agab",-9999.0,"gps","Loxodonta africana","Etosha1","Etosha1","African elephant - Namibia (Kilian)"
20661329619,true,2013-09-18 17:06:00.000,16.738,-19.05585,"Halali-Agab",-9999.0,"gps","Loxodonta africana","Etosha1","Etosha1","African elephant - Namibia (Kilian)"
20661329628,true,2013-09-18 17:36:00.000,16.73803,-19.05637,"Halali-Agab",-9999.0,"gps","Loxodonta africana","Etosha1","Etosha1","African elephant - Namibia (Kilian)"
20661329642,true,2013-09-18 18:05:00.000,16.7382,-19.05642,"Halali-Agab",-9999.0,"gps","Loxodonta africana","Etosha1","Etosha1","African elephant - Namibia (Kilian)"
20661329659,true,2013-09-18 18:50:00.000,16.73867,-19.05613,"Halali-Agab",-9999.0,"gps","Loxodonta africana","Etosha1","Etosha1","African elephant - Namibia (Kilian)"
20661329695,true,2013-09-18 20:26:00.000,16.74033,-19.05613,"Halali-Agab",-9999.0,"gps","Loxodonta africana","Etosha1","Etosha1","African elephant - Namibia (Kilian)"
20661329704,true,2013-09-18 20:54:00.000,16.743,-19.05357,"Halali-Agab",-9999.0,"gps","Loxodonta africana","Etosha1","Etosha1","African elephant - Namibia (Kilian)"
20661329717,true,2013-09-18 21:24:00.000,16.74622,-19.05002,"Halali-Agab",-9999.0,"gps","Loxodonta africana","Etosha1","Etosha1","African elephant - Namibia (Kilian)"
20661329728,true,2013-09-18 21:54:00.000,16.7471,-19.04888,"Halali-Agab",-9999.0,"gps","Loxodonta africana","Etosha1","Etosha1","African elephant - Namibia (Kilian)"
20661329743,true,2013-09-18 22:24:00.000,16.74787,-19.04782,"Halali-Agab",-9999.0,"gps","Loxodonta africana","Etosha1","Etosha1","African elephant - Namibia (Kilian)"
20661329754,true,2013-09-18 22:55:00.000,16.74798,-19.04742,"Halali-Agab",-9999.0,"gps","Loxodonta africana","Etosha1","Etosha1","African elephant - Namibia (Kilian)"
20661329768,true,2013-09-18 23:25:00.000,16.74993,-19.045,"Halali-Agab",-9999.0,"gps","Loxodonta africana","Etosha1","Etosha1","African elephant - Namibia (Kilian)"
20661329778,true,2013-09-18 23:54:00.000,16.75137,-19.04275,"Halali-Agab",-9999.0,"gps","Loxodonta africana","Etosha1","Etosha1","African elephant - Namibia (Kilian)"
20661329790,true,2013-09-19 00:24:00.000,16.75215,-19.0413,"Halali-Agab",-9999.0,"gps","Loxodonta africana","Etosha1","Etosha1","African elephant - Namibia (Kilian)"
20661329801,true,2013-09-19 00:55:00.000,16.75393,-19.03895,"Halali-Agab",-9999.0,"gps","Loxodonta africana","Etosha1","Etosha1","African elephant - Namibia (Kilian)"
20661329814,true,2013-09-19 01:24:00.000,16.75403,-19.03738,"Halali-Agab",-9999.0,"gps","Loxodonta africana","Etosha1","Etosha1","African elephant - Namibia (Kilian)"
20661329823,true,2013-09-19 01:55:00.000,16.75355,-19.03647,"Halali-Agab",-9999.0,"gps","Loxodonta africana","Etosha1","Etosha1","African elephant - Namibia (Kilian)"
20661329837,true,2013-09-19 02:25:00.000,16.75367,-19.03573,"Halali-Agab",-9999.0,"gps","Loxodonta africana","Etosha1","Etosha1","African elephant - Namibia (Kilian)"
20661329845,true,2013-09-19 02:55:00.000,16.75355,-19.03498,"Halali-Agab",-9999.0,"gps","Loxodonta africana","Etosha1","Etosha1","African elephant - Namibia (Kilian)"
20661329858,true,2013-09-19 03:25:00.000,16.75328,-19.03465,"Halali-Agab",-9999.0,"gps","Loxodonta africana","Etosha1","Etosha1","African elephant - Namibia (Kilian)"
20661329868,true,2013-09-19 03:57:00.000,16.75293,-19.03442,"Halali-Agab",-9999.0,"gps","Loxodonta africana","Etosha1","Etosha1","African elephant - Namibia (Kilian)"
20661329880,true,2013-09-19 04:24:00.000,16.75297,-19.03457,"Halali-Agab",-9999.0,"gps","Loxodonta africana","Etosha1","Etosha1","African elephant - Namibia (Kilian)"
20661329891,true,2013-09-19 04:55:00.000,16.75303,-19.03458,"Halali-Agab",-9999.0,"gps","Loxodonta africana","Etosha1","Etosha1","African elephant - Namibia (Kilian)"
20661329904,true,2013-09-19 05:24:00.000,16.75303,-19.03472,"Halali-Agab",-9999.0,"gps","Loxodonta africana","Etosha1","Etosha1","African elephant - Namibia (Kilian)"
20661329913,true,2013-09-19 05:55:00.000,16.75297,-19.03455,"Halali-Agab",-9999.0,"gps","Loxodonta africana","Etosha1","Etosha1","African elephant - Namibia (Kilian)"
20661329927,true,2013-09-19 06:24:00.000,16.75283,-19.03422,"Halali-Agab",-9999.0,"gps","Loxodonta africana","Etosha1","Etosha1","African elephant - Namibia (Kilian)"
20661329936,true,2013-09-19 06:55:00.000,16.75278,-19.0336,"Halali-Agab",-9999.0,"gps","Loxodonta africana","Etosha1","Etosha1","African elephant - Namibia (Kilian)"
20661329950,true,2013-09-19 07:25:00.000,16.75288,-19.03257,"Halali-Agab",-9999.0,"gps","Loxodonta africana","Etosha1","Etosha1","African elephant - Namibia (Kilian)"
20661329960,true,2013-09-19 07:54:00.000,16.75253,-19.03103,"Halali-Agab",-9999.0,"gps","Loxodonta africana","Etosha1","Etosha1","African elephant - Namibia (Kilian)"
20661329973,true,2013-09-19 08:25:00.000,16.7514,-19.02978,"Halali-Agab",-9999.0,"gps","Loxodonta africana","Etosha1","Etosha1","African elephant - Namibia (Kilian)"
20661329983,true,2013-09-19 08:55:00.000,16.75108,-19.02953,"Halali-Agab",-9999.0,"gps","Loxodonta africana","Etosha1","Etosha1","African elephant - Namibia (Kilian)"
20661330015,true,2013-09-19 10:15:00.000,16.75052,-19.028,"Halali-Agab",-9999.0,"gps","Loxodonta africana","Etosha1","Etosha1","African elephant - Namibia (Kilian)"
20661330029,true,2013-09-19 10:45:00.000,16.75012,-19.02725,"Halali-Agab",-9999.0,"gps","Loxodonta africana","Etosha1","Etosha1","African elephant - Namibia (Kilian)"
20661330039,true,2013-09-19 11:14:00.000,16.74895,-19.02592,"Halali-Agab",-9999.0,"gps","Loxodonta africana","Etosha1","Etosha1","African elephant - Namibia (Kilian)"
20661330052,true,2013-09-19 11:45:00.000,16.74898,-19.0247,"Halali-Agab",-9999.0,"gps","Loxodonta africana","Etosha1","Etosha1","African elephant - Namibia (Kilian)"
20661330063,true,2013-09-19 12:15:00.000,16.7473,-19.02288,"Halali-Agab",-9999.0,"gps","Loxodonta africana","Etosha1","Etosha1","African elephant - Namibia (Kilian)"
20661330076,true,2013-09-19 12:45:00.000,16.74605,-19.02212,"Halali-Agab",-9999.0,"gps","Loxodonta africana","Etosha1","Etosha1","African elephant - Namibia (Kilian)"
20661330097,true,2013-09-19 13:44:00.000,16.74588,-19.02165,"Halali-Agab",-9999.0,"gps","Loxodonta africana","Etosha1","Etosha1","African elephant - Namibia (Kilian)"
20661330106,true,2013-09-19 14:14:00.000,16.74583,-19.02158,"Halali-Agab",-9999.0,"gps","Loxodonta africana","Etosha1","Etosha1","African elephant - Namibia (Kilian)"
20661330122,true,2013-09-19 14:44:00.000,16.7457,-19.02155,"Halali-Agab",-9999.0,"gps","Loxodonta africana","Etosha1","Etosha1","African elephant - Namibia (Kilian)"
20661330132,true,2013-09-19 15:15:00.000,16.74547,-19.02153,"Halali-Agab",-9999.0,"gps","Loxodonta africana","Etosha1","Etosha1","African elephant - Namibia (Kilian)"
20661330146,true,2013-09-19 15:45:00.000,16.74522,-19.02103,"Halali-Agab",-9999.0,"gps","Loxodonta africana","Etosha1","Etosha1","African elephant - Namibia (Kilian)"
20661330156,true,2013-09-19 16:15:00.000,16.74515,-19.02093,"Halali-Agab",-9999.0,"gps","Loxodonta africana","Etosha1","Etosha1","African elephant - Namibia (Kilian)"
20661330170,true,2013-09-19 16:46:00.000,16.74445,-19.02002,"Halali-Agab",-9999.0,"gps","Loxodonta africana","Etosha1","Etosha1","African elephant - Namibia (Kilian)"
20661330180,true,2013-09-19 17:14:00.000,16.74472,-19.01852,"Halali-Agab",-9999.0,"gps","Loxodonta africana","Etosha1","Etosha1","African elephant - Namibia (Kilian)"
20661330193,true,2013-09-19 17:44:00.000,16.74445,-19.01625,"Halali-Agab",-9999.0,"gps","Loxodonta africana","Etosha1","Etosha1","African elephant - Namibia (Kilian)"
20661330203,true,2013-09-19 18:14:00.000,16.74348,-19.01518,"Halali-Agab",-9999.0,"gps","Loxodonta africana","Etosha1","Etosha1","African elephant - Namibia (Kilian)"
20661330216,true,2013-09-19 18:45:00.000,16.7409,-19.01388,"Halali-Agab",-9999.0,"gps","Loxodonta africana","Etosha1","Etosha1","African elephant - Namibia (Kilian)"
20661330226,true,2013-09-19 19:15:00.000,16.73785,-19.01293,"Halali-Agab",-9999.0,"gps","Loxodonta africana","Etosha1","Etosha1","African elephant - Namibia (Kilian)"
20661330240,true,2013-09-19 19:44:00.000,16.73615,-19.01197,"Halali-Agab",-9999.0,"gps","Loxodonta africana","Etosha1","Etosha1","African elephant - Namibia (Kilian)"
20661330250,true,2013-09-19 20:14:00.000,16.73418,-19.01017,"Halali-Agab",-9999.0,"gps","Loxodonta africana","Etosha1","Etosha1","African elephant - Namibia (Kilian)"
20661330266,true,2013-09-19 20:45:00.000,16.73378,-19.00902,"Halali-Agab",-9999.0,"gps","Loxodonta africana","Etosha1","Etosha1","African elephant - Namibia (Kilian)"
20661330275,true,2013-09-19 21:14:00.000,16.73382,-19.00742,"Halali-Agab",-9999.0,"gps","Loxodonta africana","Etosha1","Etosha1","African elephant - Namibia (Kilian)"
20661330289,true,2013-09-19 21:44:00.000,16.73417,-19.00605,"Halali-Agab",-9999.0,"gps","Loxodonta africana","Etosha1","Etosha1","African elephant - Namibia (Kilian)"
20661330299,true,2013-09-19 22:14:00.000,16.7355,-19.00345,"Halali-Agab",-9999.0,"gps","Loxodonta africana","Etosha1","Etosha1","African elephant - Namibia (Kilian)"
20661330314,true,2013-09-19 22:44:00.000,16.73472,-19.00187,"Halali-Agab",-9999.0,"gps","Loxodonta africana","Etosha1","Etosha1","African elephant - Namibia (Kilian)"
20661330325,true,2013-09-19 23:14:00.000,16.73188,-18.99893,"Halali-Agab",-9999.0,"gps","Loxodonta africana","Etosha1","Etosha1","African elephant - Namibia (Kilian)"
20661330339,true,2013-09-19 23:44:00.000,16.7307,-18.99697,"Halali-Agab",-9999.0,"gps","Loxodonta africana","Etosha1","Etosha1","African elephant - Namibia (Kilian)"
20661330350,true,2013-09-20 00:15:00.000,16.73073,-18.99625,"Halali-Agab",-9999.0,"gps","Loxodonta africana","Etosha1","Etosha1","African elephant - Namibia (Kilian)"
20661330364,true,2013-09-20 00:44:00.000,16.73142,-18.9959,"Halali-Agab",-9999.0,"gps","Loxodonta africana","Etosha1","Etosha1","African elephant - Namibia (Kilian)"
20661330374,true,2013-09-20 01:14:00.000,16.73258,-18.99497,"Halali-Agab",-9999.0,"gps","Loxodonta africana","Etosha1","Etosha1","African elephant - Namibia (Kilian)"
20661330394,true,2013-09-20 02:14:00.000,16.73275,-18.99422,"Halali-Agab",-9999.0,"gps","Loxodonta africana","Etosha1","Etosha1","African elephant - Namibia (Kilian)"
20661330407,true,2013-09-20 02:44:00.000,16.7324,-18.99372,"Halali-Agab",-9999.0,"gps","Loxodonta africana","Etosha1","Etosha1","African elephant - Namibia (Kilian)"
20661330418,true,2013-09-20 03:14:00.000,16.73232,-18.99437,"Halali-Agab",-9999.0,"gps","Loxodonta africana","Etosha1","Etosha1","African elephant - Namibia (Kilian)"
20661330429,true,2013-09-20 03:45:00.000,16.73248,-18.99325,"Halali-Agab",-9999.0,"gps","Loxodonta africana","Etosha1","Etosha1","African elephant - Namibia (Kilian)"
20661330440,true,2013-09-20 04:15:00.000,16.73247,-18.99362,"Halali-Agab",-9999.0,"gps","Loxodonta africana","Etosha1","Etosha1","African elephant - Namibia (Kilian)"
20661330453,true,2013-09-20 04:45:00.000,16.73258,-18.99397,"Halali-Agab",-9999.0,"gps","Loxodonta africana","Etosha1","Etosha1","African elephant - Namibia (Kilian)"
20661330462,true,2013-09-20 05:15:00.000,16.73263,-18.99393,"Halali-Agab",-9999.0,"gps","Loxodonta africana","Etosha1","Etosha1","African elephant - Namibia (Kilian)"
20661330472,true,2013-09-20 05:45:00.000,16.73288,-18.99395,"Halali-Agab",-9999.0,"gps","Loxodonta africana","Etosha1","Etosha1","African elephant - Namibia (Kilian)"
20661330481,true,2013-09-20 06:14:00.000,16.73235,-18.99358,"Halali-Agab",-9999.0,"gps","Loxodonta africana","Etosha1","Etosha1","African elephant - Namibia (Kilian)"
20661330495,true,2013-09-20 06:44:00.000,16.73188,-18.99255,"Halali-Agab",-9999.0,"gps","Loxodonta africana","Etosha1","Etosha1","African elephant - Namibia (Kilian)"
20661330506,true,2013-09-20 07:14:00.000,16.73183,-18.99192,"Halali-Agab",-9999.0,"gps","Loxodonta africana","Etosha1","Etosha1","African elephant - Namibia (Kilian)"
20661330519,true,2013-09-20 07:45:00.000,16.73215,-18.99145,"Halali-Agab",-9999.0,"gps","Loxodonta africana","Etosha1","Etosha1","African elephant - Namibia (Kilian)"
20661330530,true,2013-09-20 08:15:00.000,16.73227,-18.99013,"Halali-Agab",-9999.0,"gps","Loxodonta africana","Etosha1","Etosha1","African elephant - Namibia (Kilian)"
20661330543,true,2013-09-20 08:45:00.000,16.73292,-18.9896,"Halali-Agab",-9999.0,"gps","Loxodonta africana","Etosha1","Etosha1","African elephant - Namibia (Kilian)"
20661330555,true,2013-09-20 09:15:00.000,16.73328,-18.98845,"Halali-Agab",-9999.0,"gps","Loxodonta africana","Etosha1","Etosha1","African elephant - Namibia (Kilian)"
20661330567,true,2013-09-20 09:44:00.000,16.7342,-18.98765,"Halali-Agab",-9999.0,"gps","Loxodonta africana","Etosha1","Etosha1","African elephant - Namibia (Kilian)"
20661330578,true,2013-09-20 10:15:00.000,16.73462,-18.98728,"Halali-Agab",-9999.0,"gps","Loxodonta africana","Etosha1","Etosha1","African elephant - Namibia (Kilian)"
20661330590,true,2013-09-20 10:44:00.000,16.73425,-18.98403,"Halali-Agab",-9999.0,"gps","Loxodonta africana","Etosha1","Etosha1","African elephant - Namibia (Kilian)"
20661330601,true,2013-09-20 11:14:00.000,16.7338,-18.98192,"Halali-Agab",-9999.0,"gps","Loxodonta africana","Etosha1","Etosha1","African elephant - Namibia (Kilian)"
20661330614,true,2013-09-20 11:44:00.000,16.7325,-18.97905,"Halali-Agab",-9999.0,"gps","Loxodonta africana","Etosha1","Etosha1","African elephant - Namibia (Kilian)"
20661330625,true,2013-09-20 12:14:00.000,16.73165,-18.97778,"Halali-Agab",-9999.0,"gps","Loxodonta africana","Etosha1","Etosha1","African elephant - Namibia (Kilian)"
20661330639,true,2013-09-20 12:44:00.000,16.7306,-18.97595,"Halali-Agab",-9999.0,"gps","Loxodonta africana","Etosha1","Etosha1","African elephant - Namibia (Kilian)"
20661330651,true,2013-09-20 13:15:00.000,16.73052,-18.9759,"Halali-Agab",-9999.0,"gps","Loxodonta africana","Etosha1","Etosha1","African elephant - Namibia (Kilian)"
20661330662,true,2013-09-20 13:44:00.000,16.7306,-18.9759,"Halali-Agab",-9999.0,"gps","Loxodonta africana","Etosha1","Etosha1","African elephant - Namibia (Kilian)"
20661330672,true,2013-09-20 14:15:00.000,16.73053,-18.97587,"Halali-Agab",-9999.0,"gps","Loxodonta africana","Etosha1","Etosha1","African elephant - Namibia (Kilian)"
20661330685,true,2013-09-20 14:44:00.000,16.73053,-18.97588,"Halali-Agab",-9999.0,"gps","Loxodonta africana","Etosha1","Etosha1","African elephant - Namibia (Kilian)"
20661330694,true,2013-09-20 15:14:00.000,16.73063,-18.97588,"Halali-Agab",-9999.0,"gps","Loxodonta africana","Etosha1","Etosha1","African elephant - Namibia (Kilian)"
20661330705,true,2013-09-20 15:44:00.000,16.73048,-18.9759,"Halali-Agab",-9999.0,"gps","Loxodonta africana","Etosha1","Etosha1","African elephant - Namibia (Kilian)"
20661330716,true,2013-09-20 16:15:00.000,16.72938,-18.97298,"Halali-Agab",-9999.0,"gps","Loxodonta africana","Etosha1","Etosha1","African elephant - Namibia (Kilian)"
20661330730,true,2013-09-20 16:44:00.000,16.72763,-18.97187,"Halali-Agab",-9999.0,"gps","Loxodonta africana","Etosha1","Etosha1","African elephant - Namibia (Kilian)"
20661330741,true,2013-09-20 17:15:00.000,16.72675,-18.96997,"Halali-Agab",-9999.0,"gps","Loxodonta africana","Etosha1","Etosha1","African elephant - Namibia (Kilian)"
20661330753,true,2013-09-20 17:44:00.000,16.72378,-18.96522,"Halali-Agab",-9999.0,"gps","Loxodonta africana","Etosha1","Etosha1","African elephant - Namibia (Kilian)"
20661330764,true,2013-09-20 18:15:00.000,16.72197,-18.96283,"Halali-Agab",-9999.0,"gps","Loxodonta africana","Etosha1","Etosha1","African elephant - Namibia (Kilian)"
20661330778,true,2013-09-20 18:44:00.000,16.7181,-18.95707,"Halali-Agab",-9999.0,"gps","Loxodonta africana","Etosha1","Etosha1","African elephant - Namibia (Kilian)"
20661330790,true,2013-09-20 19:14:00.000,16.7115,-18.9516,"Halali-Agab",-9999.0,"gps","Loxodonta africana","Etosha1","Etosha1","African elephant - Namibia (Kilian)"
20661330803,true,2013-09-20 19:44:00.000,16.70633,-18.94822,"Halali-Agab",-9999.0,"gps","Loxodonta africana","Etosha1","Etosha1","African elephant - Namibia (Kilian)"
20661330815,true,2013-09-20 20:14:00.000,16.70043,-18.94258,"Halali-Agab",-9999.0,"gps","Loxodonta africana","Etosha1","Etosha1","African elephant - Namibia (Kilian)"
20661330829,true,2013-09-20 20:44:00.000,16.70073,-18.94267,"Halali-Agab",-9999.0,"gps","Loxodonta africana","Etosha1","Etosha1","African elephant - Namibia (Kilian)"
20661330840,true,2013-09-20 21:14:00.000,16.70815,-18.94242,"Halali-Agab",-9999.0,"gps","Loxodonta africana","Etosha1","Etosha1","African elephant - Namibia (Kilian)"
20661330853,true,2013-09-20 21:45:00.000,16.71192,-18.94028,"Halali-Agab",-9999.0,"gps","Loxodonta africana","Etosha1","Etosha1","African elephant - Namibia (Kilian)"
20661330864,true,2013-09-20 22:14:00.000,16.71693,-18.93858,"Halali-Agab",-9999.0,"gps","Loxodonta africana","Etosha1","Etosha1","African elephant - Namibia (Kilian)"
20661330878,true,2013-09-20 22:45:00.000,16.72638,-18.93738,"Halali-Agab",-9999.0,"gps","Loxodonta africana","Etosha1","Etosha1","African elephant - Namibia (Kilian)"
20661330890,true,2013-09-20 23:14:00.000,16.73853,-18.93558,"Halali-Agab",-9999.0,"gps","Loxodonta africana","Etosha1","Etosha1","African elephant - Namibia (Kilian)"
20661330903,true,2013-09-20 23:45:00.000,16.74347,-18.93443,"Halali-Agab",-9999.0,"gps","Loxodonta africana","Etosha1","Etosha1","African elephant - Namibia (Kilian)"
20661330915,true,2013-09-21 00:14:00.000,16.75105,-18.93123,"Halali-Agab",-9999.0,"gps","Loxodonta africana","Etosha1","Etosha1","African elephant - Namibia (Kilian)"
20661330929,true,2013-09-21 00:44:00.000,16.75247,-18.9299,"Halali-Agab",-9999.0,"gps","Loxodonta africana","Etosha1","Etosha1","African elephant - Namibia (Kilian)"
20661330940,true,2013-09-21 01:14:00.000,16.7543,-18.92857,"Halali-Agab",-9999.0,"gps","Loxodonta africana","Etosha1","Etosha1","African elephant - Namibia (Kilian)"
20661330952,true,2013-09-21 01:44:00.000,16.7552,-18.92613,"Halali-Agab",-9999.0,"gps","Loxodonta africana","Etosha1","Etosha1","African elephant - Namibia (Kilian)"
20661330962,true,2013-09-21 02:14:00.000,16.7561,-18.92418,"Halali-Agab",-9999.0,"gps","Loxodonta africana","Etosha1","Etosha1","African elephant - Namibia (Kilian)"
20661330975,true,2013-09-21 02:44:00.000,16.75562,-18.92348,"Halali-Agab",-9999.0,"gps","Loxodonta africana","Etosha1","Etosha1","African elephant - Namibia (Kilian)"
20661330986,true,2013-09-21 03:14:00.000,16.75543,-18.92308,"Halali-Agab",-9999.0,"gps","Loxodonta africana","Etosha1","Etosha1","African elephant - Namibia (Kilian)"
20661330999,true,2013-09-21 03:44:00.000,16.75543,-18.92307,"Halali-Agab",-9999.0,"gps","Loxodonta africana","Etosha1","Etosha1","African elephant - Namibia (Kilian)"
20661331010,true,2013-09-21 04:15:00.000,16.7553,-18.92323,"Halali-Agab",-9999.0,"gps","Loxodonta africana","Etosha1","Etosha1","African elephant - Namibia (Kilian)"
20661331023,true,2013-09-21 04:44:00.000,16.75535,-18.923,"Halali-Agab",-9999.0,"gps","Loxodonta africana","Etosha1","Etosha1","African elephant - Namibia (Kilian)"
20661331032,true,2013-09-21 05:15:00.000,16.75545,-18.92295,"Halali-Agab",-9999.0,"gps","Loxodonta africana","Etosha1","Etosha1","African elephant - Namibia (Kilian)"
20661331044,true,2013-09-21 05:45:00.000,16.7556,-18.9229,"Halali-Agab",-9999.0,"gps","Loxodonta africana","Etosha1","Etosha1","African elephant - Namibia (Kilian)"
20661331090,true,2013-09-21 07:57:00.000,16.75685,-18.91978,"Halali-Agab",-9999.0,"gps","Loxodonta africana","Etosha1","Etosha1","African elephant - Namibia (Kilian)"
20661331103,true,2013-09-21 08:26:00.000,16.75595,-18.9192,"Halali-Agab",-9999.0,"gps","Loxodonta africana","Etosha1","Etosha1","African elephant - Namibia (Kilian)"
20661331119,true,2013-09-21 09:17:00.000,16.7552,-18.9182,"Halali-Agab",-9999.0,"gps","Loxodonta africana","Etosha1","Etosha1","African elephant - Namibia (Kilian)"
20661331130,true,2013-09-21 09:46:00.000,16.7555,-18.91668,"Halali-Agab",-9999.0,"gps","Loxodonta africana","Etosha1","Etosha1","African elephant - Namibia (Kilian)"
20661331141,true,2013-09-21 10:16:00.000,16.75405,-18.91477,"Halali-Agab",-9999.0,"gps","Loxodonta africana","Etosha1","Etosha1","African elephant - Namibia (Kilian)"
20661331155,true,2013-09-21 10:46:00.000,16.75312,-18.91383,"Halali-Agab",-9999.0,"gps","Loxodonta africana","Etosha1","Etosha1","African elephant - Namibia (Kilian)"
20661331164,true,2013-09-21 11:16:00.000,16.75313,-18.91375,"Halali-Agab",-9999.0,"gps","Loxodonta africana","Etosha1","Etosha1","African elephant - Namibia (Kilian)"
20661331177,true,2013-09-21 11:46:00.000,16.75323,-18.91375,"Halali-Agab",-9999.0,"gps","Loxodonta africana","Etosha1","Etosha1","African elephant - Namibia (Kilian)"
20661331189,true,2013-09-21 12:16:00.000,16.75358,-18.91343,"Halali-Agab",-9999.0,"gps","Loxodonta africana","Etosha1","Etosha1","African elephant - Namibia (Kilian)"
20661331202,true,2013-09-21 12:47:00.000,16.75353,-18.91333,"Halali-Agab",-9999.0,"gps","Loxodonta africana","Etosha1","Etosha1","African elephant - Namibia (Kilian)"
20661331216,true,2013-09-21 13:18:00.000,16.7536,-18.91365,"Halali-Agab",-9999.0,"gps","Loxodonta africana","Etosha1","Etosha1","African elephant - Namibia (Kilian)"
20661331226,true,2013-09-21 13:45:00.000,16.75403,-18.91243,"Halali-Agab",-9999.0,"gps","Loxodonta africana","Etosha1","Etosha1","African elephant - Namibia (Kilian)"
20661331237,true,2013-09-21 14:16:00.000,16.75478,-18.9114,"Halali-Agab",-9999.0,"gps","Loxodonta africana","Etosha1","Etosha1","African elephant - Namibia (Kilian)"
20661331251,true,2013-09-21 14:46:00.000,16.75813,-18.91275,"Halali-Agab",-9999.0,"gps","Loxodonta africana","Etosha1","Etosha1","African elephant - Namibia (Kilian)"
20661331261,true,2013-09-21 15:16:00.000,16.7592,-18.91265,"Halali-Agab",-9999.0,"gps","Loxodonta africana","Etosha1","Etosha1","African elephant - Namibia (Kilian)"
20661331274,true,2013-09-21 15:46:00.000,16.7595,-18.91237,"Halali-Agab",-9999.0,"gps","Loxodonta africana","Etosha1","Etosha1","African elephant - Namibia (Kilian)"
20661331285,true,2013-09-21 16:16:00.000,16.7629,-18.91235,"Halali-Agab",-9999.0,"gps","Loxodonta africana","Etosha1","Etosha1","African elephant - Namibia (Kilian)"
20661331299,true,2013-09-21 16:47:00.000,16.76873,-18.91242,"Halali-Agab",-9999.0,"gps","Loxodonta africana","Etosha1","Etosha1","African elephant - Namibia (Kilian)"
20661331308,true,2013-09-21 17:16:00.000,16.76965,-18.91202,"Halali-Agab",-9999.0,"gps","Loxodonta africana","Etosha1","Etosha1","African elephant - Namibia (Kilian)"
20661331320,true,2013-09-21 17:45:00.000,16.77217,-18.91202,"Halali-Agab",-9999.0,"gps","Loxodonta africana","Etosha1","Etosha1","African elephant - Namibia (Kilian)"
20661331330,true,2013-09-21 18:15:00.000,16.77712,-18.91287,"Halali-Agab",-9999.0,"gps","Loxodonta africana","Etosha1","Etosha1","African elephant - Namibia (Kilian)"
20661331343,true,2013-09-21 18:45:00.000,16.78192,-18.91413,"Halali-Agab",-9999.0,"gps","Loxodonta africana","Etosha1","Etosha1","African elephant - Namibia (Kilian)"
20661331353,true,2013-09-21 19:16:00.000,16.78912,-18.91335,"Halali-Agab",-9999.0,"gps","Loxodonta africana","Etosha1","Etosha1","African elephant - Namibia (Kilian)"
20661331366,true,2013-09-21 19:45:00.000,16.79602,-18.9104,"Halali-Agab",-9999.0,"gps","Loxodonta africana","Etosha1","Etosha1","African elephant - Namibia (Kilian)"
20661331376,true,2013-09-21 20:15:00.000,16.80447,-18.9058,"Halali-Agab",-9999.0,"gps","Loxodonta africana","Etosha1","Etosha1","African elephant - Namibia (Kilian)"
20661331389,true,2013-09-21 20:45:00.000,16.81205,-18.90302,"Halali-Agab",-9999.0,"gps","Loxodonta africana","Etosha1","Etosha1","African elephant - Namibia (Kilian)"
20661331399,true,2013-09-21 21:15:00.000,16.82263,-18.89857,"Halali-Agab",-9999.0,"gps","Loxodonta africana","Etosha1","Etosha1","African elephant - Namibia (Kilian)"
20661331411,true,2013-09-21 21:45:00.000,16.8265,-18.89688,"Halali-Agab",-9999.0,"gps","Loxodonta africana","Etosha1","Etosha1","African elephant - Namibia (Kilian)"
20661331421,true,2013-09-21 22:16:00.000,16.82585,-18.89898,"Halali-Agab",-9999.0,"gps","Loxodonta africana","Etosha1","Etosha1","African elephant - Namibia (Kilian)"
20661331435,true,2013-09-21 22:45:00.000,16.82338,-18.90175,"Halali-Agab",-9999.0,"gps","Loxodonta africana","Etosha1","Etosha1","African elephant - Namibia (Kilian)"
20661331447,true,2013-09-21 23:15:00.000,16.8123,-18.9103,"Halali-Agab",-9999.0,"gps","Loxodonta africana","Etosha1","Etosha1","African elephant - Namibia (Kilian)"
20661331459,true,2013-09-21 23:46:00.000,16.8032,-18.91928,"Halali-Agab",-9999.0,"gps","Loxodonta africana","Etosha1","Etosha1","African elephant - Namibia (Kilian)"
20661331468,true,2013-09-22 00:16:00.000,16.80005,-18.92002,"Halali-Agab",-9999.0,"gps","Loxodonta africana","Etosha1","Etosha1","African elephant - Namibia (Kilian)"
20661331477,true,2013-09-22 00:46:00.000,16.7986,-18.9202,"Halali-Agab",-9999.0,"gps","Loxodonta africana","Etosha1","Etosha1","African elephant - Namibia (Kilian)"
20661331485,true,2013-09-22 01:15:00.000,16.79685,-18.92107,"Halali-Agab",-9999.0,"gps","Loxodonta africana","Etosha1","Etosha1","African elephant - Namibia (Kilian)"
20661331493,true,2013-09-22 01:46:00.000,16.79575,-18.92333,"Halali-Agab",-9999.0,"gps","Loxodonta africana","Etosha1","Etosha1","African elephant - Namibia (Kilian)"
20661331501,true,2013-09-22 02:15:00.000,16.79363,-18.92565,"Halali-Agab",-9999.0,"gps","Loxodonta africana","Etosha1","Etosha1","African elephant - Namibia (Kilian)"
20661331512,true,2013-09-22 02:46:00.000,16.79315,-18.9274,"Halali-Agab",-9999.0,"gps","Loxodonta africana","Etosha1","Etosha1","African elephant - Namibia (Kilian)"
20661331521,true,2013-09-22 03:15:00.000,16.79305,-18.9296,"Halali-Agab",-9999.0,"gps","Loxodonta africana","Etosha1","Etosha1","African elephant - Namibia (Kilian)"
20661331531,true,2013-09-22 03:45:00.000,16.79108,-18.93245,"Halali-Agab",-9999.0,"gps","Loxodonta africana","Etosha1","Etosha1","African elephant - Namibia (Kilian)"
20661331537,true,2013-09-22 04:15:00.000,16.79008,-18.9341,"Halali-Agab",-9999.0,"gps","Loxodonta africana","Etosha1","Etosha1","African elephant - Namibia (Kilian)"
20661331547,true,2013-09-22 04:47:00.000,16.78955,-18.93493,"Halali-Agab",-9999.0,"gps","Loxodonta africana","Etosha1","Etosha1","African elephant - Namibia (Kilian)"
20661331553,true,2013-09-22 05:15:00.000,16.78925,-18.93542,"Halali-Agab",-9999.0,"gps","Loxodonta africana","Etosha1","Etosha1","African elephant - Namibia (Kilian)"
20661331561,true,2013-09-22 05:47:00.000,16.78952,-18.93535,"Halali-Agab",-9999.0,"gps","Loxodonta africana","Etosha1","Etosha1","African elephant - Namibia (Kilian)"
20661331568,true,2013-09-22 06:15:00.000,16.78862,-18.93708,"Halali-Agab",-9999.0,"gps","Loxodonta africana","Etosha1","Etosha1","African elephant - Namibia (Kilian)"
20661331577,true,2013-09-22 06:45:00.000,16.78807,-18.93787,"Halali-Agab",-9999.0,"gps","Loxodonta africana","Etosha1","Etosha1","African elephant - Namibia (Kilian)"
20661331586,true,2013-09-22 07:15:00.000,16.7875,-18.93893,"Halali-Agab",-9999.0,"gps","Loxodonta africana","Etosha1","Etosha1","African elephant - Namibia (Kilian)"
20661331596,true,2013-09-22 07:46:00.000,16.78735,-18.94003,"Halali-Agab",-9999.0,"gps","Loxodonta africana","Etosha1","Etosha1","African elephant - Namibia (Kilian)"
20661331604,true,2013-09-22 08:16:00.000,16.78582,-18.94193,"Halali-Agab",-9999.0,"gps","Loxodonta africana","Etosha1","Etosha1","African elephant - Namibia (Kilian)"
20661331625,true,2013-09-22 09:28:00.000,16.78427,-18.94293,"Halali-Agab",-9999.0,"gps","Loxodonta africana","Etosha1","Etosha1","African elephant - Namibia (Kilian)"
20661331633,true,2013-09-22 09:57:00.000,16.78313,-18.94367,"Halali-Agab",-9999.0,"gps","Loxodonta africana","Etosha1","Etosha1","African elephant - Namibia (Kilian)"
20661331643,true,2013-09-22 10:27:00.000,16.78173,-18.94395,"Halali-Agab",-9999.0,"gps","Loxodonta africana","Etosha1","Etosha1","African elephant - Namibia (Kilian)"
20661331652,true,2013-09-22 10:59:00.000,16.78137,-18.94385,"Halali-Agab",-9999.0,"gps","Loxodonta africana","Etosha1","Etosha1","African elephant - Namibia (Kilian)"
20661331661,true,2013-09-22 11:27:00.000,16.78142,-18.94387,"Halali-Agab",-9999.0,"gps","Loxodonta africana","Etosha1","Etosha1","African elephant - Namibia (Kilian)"
20661331669,true,2013-09-22 11:57:00.000,16.78108,-18.94402,"Halali-Agab",-9999.0,"gps","Loxodonta africana","Etosha1","Etosha1","African elephant - Namibia (Kilian)"
20661331679,true,2013-09-22 12:28:00.000,16.7814,-18.94415,"Halali-Agab",-9999.0,"gps","Loxodonta africana","Etosha1","Etosha1","African elephant - Namibia (Kilian)"
20661331686,true,2013-09-22 12:57:00.000,16.78117,-18.944,"Halali-Agab",-9999.0,"gps","Loxodonta africana","Etosha1","Etosha1","African elephant - Namibia (Kilian)"
20661331698,true,2013-09-22 13:49:00.000,16.78075,-18.944,"Halali-Agab",-9999.0,"gps","Loxodonta africana","Etosha1","Etosha1","African elephant - Namibia (Kilian)"
20661331703,true,2013-09-22 14:16:00.000,16.78068,-18.94397,"Halali-Agab",-9999.0,"gps","Loxodonta africana","Etosha1","Etosha1","African elephant - Namibia (Kilian)"
20661331715,true,2013-09-22 14:47:00.000,16.78085,-18.944,"Halali-Agab",-9999.0,"gps","Loxodonta africana","Etosha1","Etosha1","African elephant - Namibia (Kilian)"
20661331721,true,2013-09-22 15:16:00.000,16.78078,-18.9442,"Halali-Agab",-9999.0,"gps","Loxodonta africana","Etosha1","Etosha1","African elephant - Namibia (Kilian)"
20661331731,true,2013-09-22 15:46:00.000,16.7802,-18.94485,"Halali-Agab",-9999.0,"gps","Loxodonta africana","Etosha1","Etosha1","African elephant - Namibia (Kilian)"
20661331739,true,2013-09-22 16:17:00.000,16.7794,-18.9462,"Halali-Agab",-9999.0,"gps","Loxodonta africana","Etosha1","Etosha1","African elephant - Namibia (Kilian)"
20661331750,true,2013-09-22 16:47:00.000,16.77802,-18.94737,"Halali-Agab",-9999.0,"gps","Loxodonta africana","Etosha1","Etosha1","African elephant - Namibia (Kilian)"
20661331756,true,2013-09-22 17:16:00.000,16.7774,-18.94808,"Halali-Agab",-9999.0,"gps","Loxodonta africana","Etosha1","Etosha1","African elephant - Namibia (Kilian)"
20661331768,true,2013-09-22 17:57:00.000,16.7766,-18.94838,"Halali-Agab",-9999.0,"gps","Loxodonta africana","Etosha1","Etosha1","African elephant - Namibia (Kilian)"
20661331779,true,2013-09-22 18:26:00.000,16.77475,-18.94892,"Halali-Agab",-9999.0,"gps","Loxodonta africana","Etosha1","Etosha1","African elephant - Namibia (Kilian)"
20661331788,true,2013-09-22 18:56:00.000,16.77617,-18.95062,"Halali-Agab",-9999.0,"gps","Loxodonta africana","Etosha1","Etosha1","African elephant - Namibia (Kilian)"
20661331799,true,2013-09-22 19:26:00.000,16.77743,-18.95187,"Halali-Agab",-9999.0,"gps","Loxodonta africana","Etosha1","Etosha1","African elephant - Namibia (Kilian)"
20661331807,true,2013-09-22 19:57:00.000,16.77807,-18.95293,"Halali-Agab",-9999.0,"gps","Loxodonta africana","Etosha1","Etosha1","African elephant - Namibia (Kilian)"
20661331817,true,2013-09-22 20:26:00.000,16.77917,-18.95403,"Halali-Agab",-9999.0,"gps","Loxodonta africana","Etosha1","Etosha1","African elephant - Namibia (Kilian)"
20661331825,true,2013-09-22 20:56:00.000,16.7798,-18.95363,"Halali-Agab",-9999.0,"gps","Loxodonta africana","Etosha1","Etosha1","African elephant - Namibia (Kilian)"
20661331833,true,2013-09-22 21:26:00.000,16.77947,-18.95375,"Halali-Agab",-9999.0,"gps","Loxodonta africana","Etosha1","Etosha1","African elephant - Namibia (Kilian)"
20661331841,true,2013-09-22 21:57:00.000,16.77988,-18.95382,"Halali-Agab",-9999.0,"gps","Loxodonta africana","Etosha1","Etosha1","African elephant - Namibia (Kilian)"
20661331849,true,2013-09-22 22:26:00.000,16.78032,-18.95443,"Halali-Agab",-9999.0,"gps","Loxodonta africana","Etosha1","Etosha1","African elephant - Namibia (Kilian)"
20661331857,true,2013-09-22 22:57:00.000,16.78103,-18.95355,"Halali-Agab",-9999.0,"gps","Loxodonta africana","Etosha1","Etosha1","African elephant - Namibia (Kilian)"
20661331868,true,2013-09-22 23:27:00.000,16.78152,-18.9534,"Halali-Agab",-9999.0,"gps","Loxodonta africana","Etosha1","Etosha1","African elephant - Namibia (Kilian)"
20661331875,true,2013-09-22 23:56:00.000,16.78218,-18.9536,"Halali-Agab",-9999.0,"gps","Loxodonta africana","Etosha1","Etosha1","African elephant - Namibia (Kilian)"
20661331886,true,2013-09-23 00:26:00.000,16.7834,-18.94998,"Halali-Agab",-9999.0,"gps","Loxodonta africana","Etosha1","Etosha1","African elephant - Namibia (Kilian)"
20661331893,true,2013-09-23 00:56:00.000,16.78407,-18.95003,"Halali-Agab",-9999.0,"gps","Loxodonta africana","Etosha1","Etosha1","African elephant - Namibia (Kilian)"
20661331903,true,2013-09-23 01:26:00.000,16.78607,-18.9514,"Halali-Agab",-9999.0,"gps","Loxodonta africana","Etosha1","Etosha1","African elephant - Namibia (Kilian)"
20661331911,true,2013-09-23 01:56:00.000,16.788,-18.95143,"Halali-Agab",-9999.0,"gps","Loxodonta africana","Etosha1","Etosha1","African elephant - Namibia (Kilian)"
20661331921,true,2013-09-23 02:27:00.000,16.78947,-18.95127,"Halali-Agab",-9999.0,"gps","Loxodonta africana","Etosha1","Etosha1","African elephant - Namibia (Kilian)"
20661331926,true,2013-09-23 02:58:00.000,16.78947,-18.95125,"Halali-Agab",-9999.0,"gps","Loxodonta africana","Etosha1","Etosha1","African elephant - Namibia (Kilian)"
20661331935,true,2013-09-23 03:26:00.000,16.78922,-18.95132,"Halali-Agab",-9999.0,"gps","Loxodonta africana","Etosha1","Etosha1","African elephant - Namibia (Kilian)"
20661331941,true,2013-09-23 03:57:00.000,16.78932,-18.95115,"Halali-Agab",-9999.0,"gps","Loxodonta africana","Etosha1","Etosha1","African elephant - Namibia (Kilian)"
20661331948,true,2013-09-23 04:28:00.000,16.78948,-18.95115,"Halali-Agab",-9999.0,"gps","Loxodonta africana","Etosha1","Etosha1","African elephant - Namibia (Kilian)"
20661331956,true,2013-09-23 04:57:00.000,16.78928,-18.95112,"Halali-Agab",-9999.0,"gps","Loxodonta africana","Etosha1","Etosha1","African elephant - Namibia (Kilian)"
20661331966,true,2013-09-23 05:27:00.000,16.7893,-18.95103,"Halali-Agab",-9999.0,"gps","Loxodonta africana","Etosha1","Etosha1","African elephant - Namibia (Kilian)"
20661331973,true,2013-09-23 05:57:00.000,16.78945,-18.95113,"Halali-Agab",-9999.0,"gps","Loxodonta africana","Etosha1","Etosha1","African elephant - Namibia (Kilian)"
20661331983,true,2013-09-23 06:26:00.000,16.78945,-18.9511,"Halali-Agab",-9999.0,"gps","Loxodonta africana","Etosha1","Etosha1","African elephant - Namibia (Kilian)"
20661331991,true,2013-09-23 06:56:00.000,16.79098,-18.94993,"Halali-Agab",-9999.0,"gps","Loxodonta africana","Etosha1","Etosha1","African elephant - Namibia (Kilian)"
20661331999,true,2013-09-23 07:26:00.000,16.79403,-18.94783,"Halali-Agab",-9999.0,"gps","Loxodonta africana","Etosha1","Etosha1","African elephant - Namibia (Kilian)"
20661332006,true,2013-09-23 07:56:00.000,16.79692,-18.94595,"Halali-Agab",-9999.0,"gps","Loxodonta africana","Etosha1","Etosha1","African elephant - Namibia (Kilian)"
20661332016,true,2013-09-23 08:26:00.000,16.79672,-18.94278,"Halali-Agab",-9999.0,"gps","Loxodonta africana","Etosha1","Etosha1","African elephant - Namibia (Kilian)"
20661332024,true,2013-09-23 08:56:00.000,16.79673,-18.94188,"Halali-Agab",-9999.0,"gps","Loxodonta africana","Etosha1","Etosha1","African elephant - Namibia (Kilian)"
20661332052,true,2013-09-23 10:43:00.000,16.79798,-18.93593,"Halali-Agab",-9999.0,"gps","Loxodonta africana","Etosha1","Etosha1","African elephant - Namibia (Kilian)"
20661332059,true,2013-09-23 11:12:00.000,16.80088,-18.93223,"Halali-Agab",-9999.0,"gps","Loxodonta africana","Etosha1","Etosha1","African elephant - Namibia (Kilian)"
20661332070,true,2013-09-23 11:42:00.000,16.80192,-18.9293,"Halali-Agab",-9999.0,"gps","Loxodonta africana","Etosha1","Etosha1","African elephant - Namibia (Kilian)"
20661332079,true,2013-09-23 12:12:00.000,16.80175,-18.92792,"Halali-Agab",-9999.0,"gps","Loxodonta africana","Etosha1","Etosha1","African elephant - Namibia (Kilian)"
20661332089,true,2013-09-23 12:43:00.000,16.80168,-18.92755,"Halali-Agab",-9999.0,"gps","Loxodonta africana","Etosha1","Etosha1","African elephant - Namibia (Kilian)"
20661332097,true,2013-09-23 13:13:00.000,16.80147,-18.92708,"Halali-Agab",-9999.0,"gps","Loxodonta africana","Etosha1","Etosha1","African elephant - Namibia (Kilian)"
20661332106,true,2013-09-23 13:42:00.000,16.80162,-18.92633,"Halali-Agab",-9999.0,"gps","Loxodonta africana","Etosha1","Etosha1","African elephant - Namibia (Kilian)"
20661332113,true,2013-09-23 14:11:00.000,16.80133,-18.92588,"Halali-Agab",-9999.0,"gps","Loxodonta africana","Etosha1","Etosha1","African elephant - Namibia (Kilian)"
20661332124,true,2013-09-23 14:41:00.000,16.80277,-18.92433,"Halali-Agab",-9999.0,"gps","Loxodonta africana","Etosha1","Etosha1","African elephant - Namibia (Kilian)"
20661332132,true,2013-09-23 15:13:00.000,16.8027,-18.92325,"Halali-Agab",-9999.0,"gps","Loxodonta africana","Etosha1","Etosha1","African elephant - Namibia (Kilian)"
20661332140,true,2013-09-23 15:42:00.000,16.80282,-18.92288,"Halali-Agab",-9999.0,"gps","Loxodonta africana","Etosha1","Etosha1","African elephant - Namibia (Kilian)"
20661332148,true,2013-09-23 16:12:00.000,16.80557,-18.91988,"Halali-Agab",-9999.0,"gps","Loxodonta africana","Etosha1","Etosha1","African elephant - Namibia (Kilian)"
20661332159,true,2013-09-23 16:42:00.000,16.81288,-18.91023,"Halali-Agab",-9999.0,"gps","Loxodonta africana","Etosha1","Etosha1","African elephant - Namibia (Kilian)"
20661332167,true,2013-09-23 17:12:00.000,16.82602,-18.897,"Halali-Agab",-9999.0,"gps","Loxodonta africana","Etosha1","Etosha1","African elephant - Namibia (Kilian)"
20661332177,true,2013-09-23 17:42:00.000,16.8263,-18.8971,"Halali-Agab",-9999.0,"gps","Loxodonta africana","Etosha1","Etosha1","African elephant - Namibia (Kilian)"
20661332184,true,2013-09-23 18:12:00.000,16.82258,-18.89847,"Halali-Agab",-9999.0,"gps","Loxodonta africana","Etosha1","Etosha1","African elephant - Namibia (Kilian)"
20661332196,true,2013-09-23 18:42:00.000,16.8195,-18.90002,"Halali-Agab",-9999.0,"gps","Loxodonta africana","Etosha1","Etosha1","African elephant - Namibia (Kilian)"
20661332204,true,2013-09-23 19:12:00.000,16.8152,-18.90267,"Halali-Agab",-9999.0,"gps","Loxodonta africana","Etosha1","Etosha1","African elephant - Namibia (Kilian)"
20661332215,true,2013-09-23 19:42:00.000,16.8107,-18.90475,"Halali-Agab",-9999.0,"gps","Loxodonta africana","Etosha1","Etosha1","African elephant - Namibia (Kilian)"
20661332223,true,2013-09-23 20:11:00.000,16.80785,-18.90482,"Halali-Agab",-9999.0,"gps","Loxodonta africana","Etosha1","Etosha1","African elephant - Namibia (Kilian)"
20661332234,true,2013-09-23 20:42:00.000,16.80025,-18.90653,"Halali-Agab",-9999.0,"gps","Loxodonta africana","Etosha1","Etosha1","African elephant - Namibia (Kilian)"
20661332242,true,2013-09-23 21:12:00.000,16.79512,-18.90693,"Halali-Agab",-9999.0,"gps","Loxodonta africana","Etosha1","Etosha1","African elephant - Namibia (Kilian)"
20661332252,true,2013-09-23 21:42:00.000,16.79205,-18.90783,"Halali-Agab",-9999.0,"gps","Loxodonta africana","Etosha1","Etosha1","African elephant - Namibia (Kilian)"
20661332260,true,2013-09-23 22:12:00.000,16.79007,-18.90857,"Halali-Agab",-9999.0,"gps","Loxodonta africana","Etosha1","Etosha1","African elephant - Namibia (Kilian)"
20661332272,true,2013-09-23 22:42:00.000,16.78697,-18.90963,"Halali-Agab",-9999.0,"gps","Loxodonta africana","Etosha1","Etosha1","African elephant - Namibia (Kilian)"
20661332280,true,2013-09-23 23:11:00.000,16.78482,-18.91017,"Halali-Agab",-9999.0,"gps","Loxodonta africana","Etosha1","Etosha1","African elephant - Namibia (Kilian)"
20661332291,true,2013-09-23 23:42:00.000,16.7823,-18.91043,"Halali-Agab",-9999.0,"gps","Loxodonta africana","Etosha1","Etosha1","African elephant - Namibia (Kilian)"
20661332299,true,2013-09-24 00:12:00.000,16.78038,-18.91142,"Halali-Agab",-9999.0,"gps","Loxodonta africana","Etosha1","Etosha1","African elephant - Namibia (Kilian)"
20661332310,true,2013-09-24 00:42:00.000,16.77568,-18.91762,"Halali-Agab",-9999.0,"gps","Loxodonta africana","Etosha1","Etosha1","African elephant - Namibia (Kilian)"
20661332318,true,2013-09-24 01:12:00.000,16.77253,-18.92132,"Halali-Agab",-9999.0,"gps","Loxodonta africana","Etosha1","Etosha1","African elephant - Namibia (Kilian)"
20661332327,true,2013-09-24 01:43:00.000,16.7717,-18.9228,"Halali-Agab",-9999.0,"gps","Loxodonta africana","Etosha1","Etosha1","African elephant - Namibia (Kilian)"
20661332335,true,2013-09-24 02:12:00.000,16.77033,-18.92525,"Halali-Agab",-9999.0,"gps","Loxodonta africana","Etosha1","Etosha1","African elephant - Namibia (Kilian)"
20661332346,true,2013-09-24 02:42:00.000,16.76978,-18.92538,"Halali-Agab",-9999.0,"gps","Loxodonta africana","Etosha1","Etosha1","African elephant - Namibia (Kilian)"
20661332353,true,2013-09-24 03:14:00.000,16.76978,-18.92567,"Halali-Agab",-9999.0,"gps","Loxodonta africana","Etosha1","Etosha1","African elephant - Namibia (Kilian)"
20661332363,true,2013-09-24 03:42:00.000,16.76967,-18.92563,"Halali-Agab",-9999.0,"gps","Loxodonta africana","Etosha1","Etosha1","African elephant - Namibia (Kilian)"
20661332372,true,2013-09-24 04:12:00.000,16.76982,-18.9265,"Halali-Agab",-9999.0,"gps","Loxodonta africana","Etosha1","Etosha1","African elephant - Namibia (Kilian)"
20661332382,true,2013-09-24 04:42:00.000,16.76965,-18.9265,"Halali-Agab",-9999.0,"gps","Loxodonta africana","Etosha1","Etosha1","African elephant - Namibia (Kilian)"
20661332391,true,2013-09-24 05:12:00.000,16.76932,-18.92665,"Halali-Agab",-9999.0,"gps","Loxodonta africana","Etosha1","Etosha1","African elephant - Namibia (Kilian)"
20661332400,true,2013-09-24 05:42:00.000,16.76977,-18.92663,"Halali-Agab",-9999.0,"gps","Loxodonta africana","Etosha1","Etosha1","African elephant - Namibia (Kilian)"
20661332408,true,2013-09-24 06:12:00.000,16.76925,-18.92702,"Halali-Agab",-9999.0,"gps","Loxodonta africana","Etosha1","Etosha1","African elephant - Namibia (Kilian)"
20661332418,true,2013-09-24 06:41:00.000,16.7695,-18.92733,"Halali-Agab",-9999.0,"gps","Loxodonta africana","Etosha1","Etosha1","African elephant - Namibia (Kilian)"
20661332427,true,2013-09-24 07:12:00.000,16.76878,-18.92873,"Halali-Agab",-9999.0,"gps","Loxodonta africana","Etosha1","Etosha1","African elephant - Namibia (Kilian)"
20661332437,true,2013-09-24 07:42:00.000,16.76775,-18.92958,"Halali-Agab",-9999.0,"gps","Loxodonta africana","Etosha1","Etosha1","African elephant - Namibia (Kilian)"
20661332445,true,2013-09-24 08:12:00.000,16.76725,-18.9319,"Halali-Agab",-9999.0,"gps","Loxodonta africana","Etosha1","Etosha1","African elephant - Namibia (Kilian)"
20661332454,true,2013-09-24 08:42:00.000,16.76375,-18.93233,"Halali-Agab",-9999.0,"gps","Loxodonta africana","Etosha1","Etosha1","African elephant - Namibia (Kilian)"
20661332462,true,2013-09-24 09:12:00.000,16.76028,-18.9343,"Halali-Agab",-9999.0,"gps","Loxodonta africana","Etosha1","Etosha1","African elephant - Namibia (Kilian)"
20661332471,true,2013-09-24 09:42:00.000,16.75762,-18.93268,"Halali-Agab",-9999.0,"gps","Loxodonta africana","Etosha1","Etosha1","African elephant - Namibia (Kilian)"
20661332479,true,2013-09-24 10:12:00.000,16.7554,-18.93123,"Halali-Agab",-9999.0,"gps","Loxodonta africana","Etosha1","Etosha1","African elephant - Namibia (Kilian)"
20661332490,true,2013-09-24 10:42:00.000,16.75552,-18.93133,"Halali-Agab",-9999.0,"gps","Loxodonta africana","Etosha1","Etosha1","African elephant - Namibia (Kilian)"
20661332498,true,2013-09-24 11:12:00.000,16.75555,-18.93113,"Halali-Agab",-9999.0,"gps","Loxodonta africana","Etosha1","Etosha1","African elephant - Namibia (Kilian)"
20661332508,true,2013-09-24 11:42:00.000,16.75543,-18.93123,"Halali-Agab",-9999.0,"gps","Loxodonta africana","Etosha1","Etosha1","African elephant - Namibia (Kilian)"
20661332517,true,2013-09-24 12:12:00.000,16.7554,-18.9313,"Halali-Agab",-9999.0,"gps","Loxodonta africana","Etosha1","Etosha1","African elephant - Namibia (Kilian)"
20661332534,true,2013-09-24 13:13:00.000,16.75512,-18.93037,"Halali-Agab",-9999.0,"gps","Loxodonta africana","Etosha1","Etosha1","African elephant - Namibia (Kilian)"
20661332541,true,2013-09-24 13:42:00.000,16.7551,-18.92995,"Halali-Agab",-9999.0,"gps","Loxodonta africana","Etosha1","Etosha1","African elephant - Namibia (Kilian)"
20661332548,true,2013-09-24 14:12:00.000,16.7551,-18.93,"Halali-Agab",-9999.0,"gps","Loxodonta africana","Etosha1","Etosha1","African elephant - Namibia (Kilian)"
20661332556,true,2013-09-24 14:42:00.000,16.75507,-18.93002,"Halali-Agab",-9999.0,"gps","Loxodonta africana","Etosha1","Etosha1","African elephant - Namibia (Kilian)"
20661332562,true,2013-09-24 15:12:00.000,16.75507,-18.93002,"Halali-Agab",-9999.0,"gps","Loxodonta africana","Etosha1","Etosha1","African elephant - Namibia (Kilian)"
20661332571,true,2013-09-24 15:42:00.000,16.75513,-18.93005,"Halali-Agab",-9999.0,"gps","Loxodonta africana","Etosha1","Etosha1","African elephant - Namibia (Kilian)"
20661332580,true,2013-09-24 16:12:00.000,16.75503,-18.93005,"Halali-Agab",-9999.0,"gps","Loxodonta africana","Etosha1","Etosha1","African elephant - Namibia (Kilian)"
20661332589,true,2013-09-24 16:43:00.000,16.75483,-18.93007,"Halali-Agab",-9999.0,"gps","Loxodonta africana","Etosha1","Etosha1","African elephant - Namibia (Kilian)"
20661332598,true,2013-09-24 17:12:00.000,16.75202,-18.9309,"Halali-Agab",-9999.0,"gps","Loxodonta africana","Etosha1","Etosha1","African elephant - Namibia (Kilian)"
20661332606,true,2013-09-24 17:42:00.000,16.7482,-18.93057,"Halali-Agab",-9999.0,"gps","Loxodonta africana","Etosha1","Etosha1","African elephant - Namibia (Kilian)"
20661332614,true,2013-09-24 18:12:00.000,16.74363,-18.93013,"Halali-Agab",-9999.0,"gps","Loxodonta africana","Etosha1","Etosha1","African elephant - Namibia (Kilian)"
20661332625,true,2013-09-24 18:42:00.000,16.74355,-18.9306,"Halali-Agab",-9999.0,"gps","Loxodonta africana","Etosha1","Etosha1","African elephant - Namibia (Kilian)"
20661332634,true,2013-09-24 19:12:00.000,16.74253,-18.93115,"Halali-Agab",-9999.0,"gps","Loxodonta africana","Etosha1","Etosha1","African elephant - Namibia (Kilian)"
20661332644,true,2013-09-24 19:42:00.000,16.74105,-18.93182,"Halali-Agab",-9999.0,"gps","Loxodonta africana","Etosha1","Etosha1","African elephant - Namibia (Kilian)"
20661332653,true,2013-09-24 20:12:00.000,16.73942,-18.93302,"Halali-Agab",-9999.0,"gps","Loxodonta africana","Etosha1","Etosha1","African elephant - Namibia (Kilian)"
20661332662,true,2013-09-24 20:42:00.000,16.73695,-18.93382,"Halali-Agab",-9999.0,"gps","Loxodonta africana","Etosha1","Etosha1","African elephant - Namibia (Kilian)"
20661332671,true,2013-09-24 21:12:00.000,16.73335,-18.9352,"Halali-Agab",-9999.0,"gps","Loxodonta africana","Etosha1","Etosha1","African elephant - Namibia (Kilian)"
20661332679,true,2013-09-24 21:42:00.000,16.72702,-18.93573,"Halali-Agab",-9999.0,"gps","Loxodonta africana","Etosha1","Etosha1","African elephant - Namibia (Kilian)"
20661332686,true,2013-09-24 22:12:00.000,16.72022,-18.93818,"Halali-Agab",-9999.0,"gps","Loxodonta africana","Etosha1","Etosha1","African elephant - Namibia (Kilian)"
20661332695,true,2013-09-24 22:42:00.000,16.70735,-18.9419,"Halali-Agab",-9999.0,"gps","Loxodonta africana","Etosha1","Etosha1","African elephant - Namibia (Kilian)"
20661332704,true,2013-09-24 23:12:00.000,16.70043,-18.9426,"Halali-Agab",-9999.0,"gps","Loxodonta africana","Etosha1","Etosha1","African elephant - Namibia (Kilian)"
20661332714,true,2013-09-24 23:42:00.000,16.70232,-18.94397,"Halali-Agab",-9999.0,"gps","Loxodonta africana","Etosha1","Etosha1","African elephant - Namibia (Kilian)"
20661332723,true,2013-09-25 00:12:00.000,16.70803,-18.94395,"Halali-Agab",-9999.0,"gps","Loxodonta africana","Etosha1","Etosha1","African elephant - Namibia (Kilian)"
20661332731,true,2013-09-25 00:42:00.000,16.71313,-18.94492,"Halali-Agab",-9999.0,"gps","Loxodonta africana","Etosha1","Etosha1","African elephant - Namibia (Kilian)"
20661332740,true,2013-09-25 01:12:00.000,16.71525,-18.94592,"Halali-Agab",-9999.0,"gps","Loxodonta africana","Etosha1","Etosha1","African elephant - Namibia (Kilian)"
20661332749,true,2013-09-25 01:42:00.000,16.71868,-18.94595,"Halali-Agab",-9999.0,"gps","Loxodonta africana","Etosha1","Etosha1","African elephant - Namibia (Kilian)"
20661332759,true,2013-09-25 02:12:00.000,16.72487,-18.94188,"Halali-Agab",-9999.0,"gps","Loxodonta africana","Etosha1","Etosha1","African elephant - Namibia (Kilian)"
20661332769,true,2013-09-25 02:42:00.000,16.72823,-18.93322,"Halali-Agab",-9999.0,"gps","Loxodonta africana","Etosha1","Etosha1","African elephant - Namibia (Kilian)"
20661332778,true,2013-09-25 03:12:00.000,16.71457,-18.94222,"Halali-Agab",-9999.0,"gps","Loxodonta africana","Etosha1","Etosha1","African elephant - Namibia (Kilian)"
20661332789,true,2013-09-25 03:42:00.000,16.71828,-18.96062,"Halali-Agab",-9999.0,"gps","Loxodonta africana","Etosha1","Etosha1","African elephant - Namibia (Kilian)"
20661332797,true,2013-09-25 04:12:00.000,16.72228,-18.97522,"Halali-Agab",-9999.0,"gps","Loxodonta africana","Etosha1","Etosha1","African elephant - Namibia (Kilian)"
20661332807,true,2013-09-25 04:42:00.000,16.72575,-18.98137,"Halali-Agab",-9999.0,"gps","Loxodonta africana","Etosha1","Etosha1","African elephant - Namibia (Kilian)"
20661332816,true,2013-09-25 05:12:00.000,16.72678,-18.98253,"Halali-Agab",-9999.0,"gps","Loxodonta africana","Etosha1","Etosha1","African elephant - Namibia (Kilian)"
20661332825,true,2013-09-25 05:42:00.000,16.7267,-18.98588,"Halali-Agab",-9999.0,"gps","Loxodonta africana","Etosha1","Etosha1","African elephant - Namibia (Kilian)"
20661332834,true,2013-09-25 06:11:00.000,16.7278,-18.98735,"Halali-Agab",-9999.0,"gps","Loxodonta africana","Etosha1","Etosha1","African elephant - Namibia (Kilian)"
20661332845,true,2013-09-25 06:42:00.000,16.72802,-18.9884,"Halali-Agab",-9999.0,"gps","Loxodonta africana","Etosha1","Etosha1","African elephant - Namibia (Kilian)"
20661332854,true,2013-09-25 07:12:00.000,16.72808,-18.9882,"Halali-Agab",-9999.0,"gps","Loxodonta africana","Etosha1","Etosha1","African elephant - Namibia (Kilian)"
20661332864,true,2013-09-25 07:42:00.000,16.72795,-18.98807,"Halali-Agab",-9999.0,"gps","Loxodonta africana","Etosha1","Etosha1","African elephant - Namibia (Kilian)"
20661332872,true,2013-09-25 08:12:00.000,16.72765,-18.98805,"Halali-Agab",-9999.0,"gps","Loxodonta africana","Etosha1","Etosha1","African elephant - Namibia (Kilian)"
20661332881,true,2013-09-25 08:43:00.000,16.7278,-18.98838,"Halali-Agab",-9999.0,"gps","Loxodonta africana","Etosha1","Etosha1","African elephant - Namibia (Kilian)"
20661332890,true,2013-09-25 09:12:00.000,16.72788,-18.98805,"Halali-Agab",-9999.0,"gps","Loxodonta africana","Etosha1","Etosha1","African elephant - Namibia (Kilian)"
20661332899,true,2013-09-25 09:42:00.000,16.72792,-18.9881,"Halali-Agab",-9999.0,"gps","Loxodonta africana","Etosha1","Etosha1","African elephant - Namibia (Kilian)"
20661332908,true,2013-09-25 10:12:00.000,16.7279,-18.988,"Halali-Agab",-9999.0,"gps","Loxodonta africana","Etosha1","Etosha1","African elephant - Namibia (Kilian)"
20661332919,true,2013-09-25 10:42:00.000,16.72808,-18.98808,"Halali-Agab",-9999.0,"gps","Loxodonta africana","Etosha1","Etosha1","African elephant - Namibia (Kilian)"
20661332927,true,2013-09-25 11:12:00.000,16.72795,-18.98823,"Halali-Agab",-9999.0,"gps","Loxodonta africana","Etosha1","Etosha1","African elephant - Namibia (Kilian)"
20661332937,true,2013-09-25 11:42:00.000,16.7279,-18.98808,"Halali-Agab",-9999.0,"gps","Loxodonta africana","Etosha1","Etosha1","African elephant - Namibia (Kilian)"
20661332947,true,2013-09-25 12:12:00.000,16.7278,-18.98835,"Halali-Agab",-9999.0,"gps","Loxodonta africana","Etosha1","Etosha1","African elephant - Namibia (Kilian)"
20661332957,true,2013-09-25 12:42:00.000,16.72675,-18.98873,"Halali-Agab",-9999.0,"gps","Loxodonta africana","Etosha1","Etosha1","African elephant - Namibia (Kilian)"
20661332966,true,2013-09-25 13:12:00.000,16.72598,-18.98912,"Halali-Agab",-9999.0,"gps","Loxodonta africana","Etosha1","Etosha1","African elephant - Namibia (Kilian)"
20661332975,true,2013-09-25 13:41:00.000,16.72517,-18.99057,"Halali-Agab",-9999.0,"gps","Loxodonta africana","Etosha1","Etosha1","African elephant - Namibia (Kilian)"
20661332983,true,2013-09-25 14:12:00.000,16.72513,-18.99063,"Halali-Agab",-9999.0,"gps","Loxodonta africana","Etosha1","Etosha1","African elephant - Namibia (Kilian)"
20661332994,true,2013-09-25 14:42:00.000,16.72522,-18.99063,"Halali-Agab",-9999.0,"gps","Loxodonta africana","Etosha1","Etosha1","African elephant - Namibia (Kilian)"
20661333003,true,2013-09-25 15:12:00.000,16.72508,-18.99062,"Halali-Agab",-9999.0,"gps","Loxodonta africana","Etosha1","Etosha1","African elephant - Namibia (Kilian)"
20661333013,true,2013-09-25 15:43:00.000,16.7253,-18.9911,"Halali-Agab",-9999.0,"gps","Loxodonta africana","Etosha1","Etosha1","African elephant - Namibia (Kilian)"
20661333022,true,2013-09-25 16:12:00.000,16.7242,-18.9915,"Halali-Agab",-9999.0,"gps","Loxodonta africana","Etosha1","Etosha1","African elephant - Namibia (Kilian)"
20661333032,true,2013-09-25 16:43:00.000,16.72258,-18.99208,"Halali-Agab",-9999.0,"gps","Loxodonta africana","Etosha1","Etosha1","African elephant - Namibia (Kilian)"
20661333040,true,2013-09-25 17:12:00.000,16.72113,-18.99095,"Halali-Agab",-9999.0,"gps","Loxodonta africana","Etosha1","Etosha1","African elephant - Namibia (Kilian)"
20661333049,true,2013-09-25 17:42:00.000,16.71918,-18.99012,"Halali-Agab",-9999.0,"gps","Loxodonta africana","Etosha1","Etosha1","African elephant - Namibia (Kilian)"
20661333057,true,2013-09-25 18:12:00.000,16.71737,-18.99148,"Halali-Agab",-9999.0,"gps","Loxodonta africana","Etosha1","Etosha1","African elephant - Namibia (Kilian)"
20661333068,true,2013-09-25 18:42:00.000,16.71603,-18.99143,"Halali-Agab",-9999.0,"gps","Loxodonta africana","Etosha1","Etosha1","African elephant - Namibia (Kilian)"
20661333076,true,2013-09-25 19:11:00.000,16.71475,-18.99177,"Halali-Agab",-9999.0,"gps","Loxodonta africana","Etosha1","Etosha1","African elephant - Namibia (Kilian)"
20661333087,true,2013-09-25 19:42:00.000,16.71442,-18.99243,"Halali-Agab",-9999.0,"gps","Loxodonta africana","Etosha1","Etosha1","African elephant - Namibia (Kilian)"
20661333095,true,2013-09-25 20:12:00.000,16.71468,-18.99337,"Halali-Agab",-9999.0,"gps","Loxodonta africana","Etosha1","Etosha1","African elephant - Namibia (Kilian)"
20661333105,true,2013-09-25 20:42:00.000,16.71507,-18.9939,"Halali-Agab",-9999.0,"gps","Loxodonta africana","Etosha1","Etosha1","African elephant - Namibia (Kilian)"
20661333113,true,2013-09-25 21:11:00.000,16.71547,-18.99492,"Halali-Agab",-9999.0,"gps","Loxodonta africana","Etosha1","Etosha1","African elephant - Namibia (Kilian)"
20661333123,true,2013-09-25 21:41:00.000,16.7158,-18.99647,"Halali-Agab",-9999.0,"gps","Loxodonta africana","Etosha1","Etosha1","African elephant - Namibia (Kilian)"
20661333131,true,2013-09-25 22:12:00.000,16.71603,-18.99813,"Halali-Agab",-9999.0,"gps","Loxodonta africana","Etosha1","Etosha1","African elephant - Namibia (Kilian)"
20661333140,true,2013-09-25 22:42:00.000,16.71687,-18.99792,"Halali-Agab",-9999.0,"gps","Loxodonta africana","Etosha1","Etosha1","African elephant - Namibia (Kilian)"
20661333148,true,2013-09-25 23:12:00.000,16.71815,-18.99913,"Halali-Agab",-9999.0,"gps","Loxodonta africana","Etosha1","Etosha1","African elephant - Namibia (Kilian)"
20661333159,true,2013-09-25 23:42:00.000,16.71957,-18.99948,"Halali-Agab",-9999.0,"gps","Loxodonta africana","Etosha1","Etosha1","African elephant - Namibia (Kilian)"
20661333166,true,2013-09-26 00:11:00.000,16.71987,-18.99972,"Halali-Agab",-9999.0,"gps","Loxodonta africana","Etosha1","Etosha1","African elephant - Namibia (Kilian)"
20661333182,true,2013-09-26 01:12:00.000,16.7198,-18.99985,"Halali-Agab",-9999.0,"gps","Loxodonta africana","Etosha1","Etosha1","African elephant - Namibia (Kilian)"
20661333191,true,2013-09-26 01:42:00.000,16.71927,-19.00032,"Halali-Agab",-9999.0,"gps","Loxodonta africana","Etosha1","Etosha1","African elephant - Namibia (Kilian)"
20661333200,true,2013-09-26 02:12:00.000,16.71997,-19.00133,"Halali-Agab",-9999.0,"gps","Loxodonta africana","Etosha1","Etosha1","African elephant - Namibia (Kilian)"
20661333211,true,2013-09-26 02:42:00.000,16.72068,-19.00173,"Halali-Agab",-9999.0,"gps","Loxodonta africana","Etosha1","Etosha1","African elephant - Namibia (Kilian)"
20661333219,true,2013-09-26 03:12:00.000,16.72102,-19.0019,"Halali-Agab",-9999.0,"gps","Loxodonta africana","Etosha1","Etosha1","African elephant - Namibia (Kilian)"
20661333230,true,2013-09-26 03:42:00.000,16.72097,-19.0021,"Halali-Agab",-9999.0,"gps","Loxodonta africana","Etosha1","Etosha1","African elephant - Namibia (Kilian)"
20661333238,true,2013-09-26 04:12:00.000,16.721,-19.00215,"Halali-Agab",-9999.0,"gps","Loxodonta africana","Etosha1","Etosha1","African elephant - Namibia (Kilian)"
20661333248,true,2013-09-26 04:42:00.000,16.72118,-19.00188,"Halali-Agab",-9999.0,"gps","Loxodonta africana","Etosha1","Etosha1","African elephant - Namibia (Kilian)"
20661333254,true,2013-09-26 05:14:00.000,16.7212,-19.0019,"Halali-Agab",-9999.0,"gps","Loxodonta africana","Etosha1","Etosha1","African elephant - Namibia (Kilian)"
20661333262,true,2013-09-26 05:42:00.000,16.72112,-19.0019,"Halali-Agab",-9999.0,"gps","Loxodonta africana","Etosha1","Etosha1","African elephant - Namibia (Kilian)"
20661333269,true,2013-09-26 06:11:00.000,16.72108,-19.00187,"Halali-Agab",-9999.0,"gps","Loxodonta africana","Etosha1","Etosha1","African elephant - Namibia (Kilian)"
20661333279,true,2013-09-26 06:42:00.000,16.72142,-19.00348,"Halali-Agab",-9999.0,"gps","Loxodonta africana","Etosha1","Etosha1","African elephant - Namibia (Kilian)"
20661333287,true,2013-09-26 07:11:00.000,16.72472,-19.00898,"Halali-Agab",-9999.0,"gps","Loxodonta africana","Etosha1","Etosha1","African elephant - Namibia (Kilian)"
20661333299,true,2013-09-26 07:42:00.000,16.72645,-19.01478,"Halali-Agab",-9999.0,"gps","Loxodonta africana","Etosha1","Etosha1","African elephant - Namibia (Kilian)"
20661333307,true,2013-09-26 08:13:00.000,16.72695,-19.02172,"Halali-Agab",-9999.0,"gps","Loxodonta africana","Etosha1","Etosha1","African elephant - Namibia (Kilian)"
20661333318,true,2013-09-26 08:42:00.000,16.72575,-19.0289,"Halali-Agab",-9999.0,"gps","Loxodonta africana","Etosha1","Etosha1","African elephant - Namibia (Kilian)"
20661333326,true,2013-09-26 09:12:00.000,16.72583,-19.03673,"Halali-Agab",-9999.0,"gps","Loxodonta africana","Etosha1","Etosha1","African elephant - Namibia (Kilian)"
20661333335,true,2013-09-26 09:42:00.000,16.72702,-19.04263,"Halali-Agab",-9999.0,"gps","Loxodonta africana","Etosha1","Etosha1","African elephant - Namibia (Kilian)"
20661333342,true,2013-09-26 10:12:00.000,16.7364,-19.04958,"Halali-Agab",-9999.0,"gps","Loxodonta africana","Etosha1","Etosha1","African elephant - Namibia (Kilian)"
20661333352,true,2013-09-26 10:42:00.000,16.73917,-19.05693,"Halali-Agab",-9999.0,"gps","Loxodonta africana","Etosha1","Etosha1","African elephant - Namibia (Kilian)"
20661333359,true,2013-09-26 11:12:00.000,16.74007,-19.05808,"Halali-Agab",-9999.0,"gps","Loxodonta africana","Etosha1","Etosha1","African elephant - Namibia (Kilian)"
20661333374,true,2013-09-26 12:14:00.000,16.74092,-19.05723,"Halali-Agab",-9999.0,"gps","Loxodonta africana","Etosha1","Etosha1","African elephant - Namibia (Kilian)"
20661333383,true,2013-09-26 12:43:00.000,16.74017,-19.05772,"Halali-Agab",-9999.0,"gps","Loxodonta africana","Etosha1","Etosha1","African elephant - Namibia (Kilian)"
20661333391,true,2013-09-26 13:12:00.000,16.73848,-19.057,"Halali-Agab",-9999.0,"gps","Loxodonta africana","Etosha1","Etosha1","African elephant - Namibia (Kilian)"
20661333400,true,2013-09-26 13:43:00.000,16.73825,-19.05675,"Halali-Agab",-9999.0,"gps","Loxodonta africana","Etosha1","Etosha1","African elephant - Namibia (Kilian)"
20661333407,true,2013-09-26 14:13:00.000,16.73868,-19.05787,"Halali-Agab",-9999.0,"gps","Loxodonta africana","Etosha1","Etosha1","African elephant - Namibia (Kilian)"
20661333414,true,2013-09-26 14:44:00.000,16.73857,-19.05733,"Halali-Agab",-9999.0,"gps","Loxodonta africana","Etosha1","Etosha1","African elephant - Namibia (Kilian)"
20661333428,true,2013-09-26 15:42:00.000,16.73927,-19.05683,"Halali-Agab",-9999.0,"gps","Loxodonta africana","Etosha1","Etosha1","African elephant - Namibia (Kilian)"
20661333433,true,2013-09-26 16:11:00.000,16.73912,-19.05683,"Halali-Agab",-9999.0,"gps","Loxodonta africana","Etosha1","Etosha1","African elephant - Namibia (Kilian)"
20661333440,true,2013-09-26 16:41:00.000,16.74233,-19.05448,"Halali-Agab",-9999.0,"gps","Loxodonta africana","Etosha1","Etosha1","African elephant - Namibia (Kilian)"
20661333454,true,2013-09-26 17:57:00.000,16.74853,-19.0497,"Halali-Agab",-9999.0,"gps","Loxodonta africana","Etosha1","Etosha1","African elephant - Namibia (Kilian)"
20661333462,true,2013-09-26 18:25:00.000,16.74977,-19.04847,"Halali-Agab",-9999.0,"gps","Loxodonta africana","Etosha1","Etosha1","African elephant - Namibia (Kilian)"
20661333471,true,2013-09-26 18:56:00.000,16.75242,-19.04595,"Halali-Agab",-9999.0,"gps","Loxodonta africana","Etosha1","Etosha1","African elephant - Namibia (Kilian)"
20661333481,true,2013-09-26 19:26:00.000,16.75377,-19.04557,"Halali-Agab",-9999.0,"gps","Loxodonta africana","Etosha1","Etosha1","African elephant - Namibia (Kilian)"
20661333490,true,2013-09-26 19:57:00.000,16.75458,-19.04477,"Halali-Agab",-9999.0,"gps","Loxodonta africana","Etosha1","Etosha1","African elephant - Namibia (Kilian)"
20661333503,true,2013-09-26 20:44:00.000,16.75595,-19.04318,"Halali-Agab",-9999.0,"gps","Loxodonta africana","Etosha1","Etosha1","African elephant - Namibia (Kilian)"
20661333511,true,2013-09-26 21:13:00.000,16.75647,-19.04257,"Halali-Agab",-9999.0,"gps","Loxodonta africana","Etosha1","Etosha1","African elephant - Namibia (Kilian)"
20661333520,true,2013-09-26 21:43:00.000,16.75708,-19.04205,"Halali-Agab",-9999.0,"gps","Loxodonta africana","Etosha1","Etosha1","African elephant - Namibia (Kilian)"
20661333528,true,2013-09-26 22:13:00.000,16.7575,-19.04198,"Halali-Agab",-9999.0,"gps","Loxodonta africana","Etosha1","Etosha1","African elephant - Namibia (Kilian)"
20661333538,true,2013-09-26 22:43:00.000,16.75742,-19.04222,"Halali-Agab",-9999.0,"gps","Loxodonta africana","Etosha1","Etosha1","African elephant - Namibia (Kilian)"
20661333569,true,2013-09-27 00:43:00.000,16.75797,-19.04153,"Halali-Agab",-9999.0,"gps","Loxodonta africana","Etosha1","Etosha1","African elephant - Namibia (Kilian)"
20661333578,true,2013-09-27 01:13:00.000,16.75812,-19.04062,"Halali-Agab",-9999.0,"gps","Loxodonta africana","Etosha1","Etosha1","African elephant - Namibia (Kilian)"
20661333586,true,2013-09-27 01:43:00.000,16.7588,-19.04025,"Halali-Agab",-9999.0,"gps","Loxodonta africana","Etosha1","Etosha1","African elephant - Namibia (Kilian)"
20661333595,true,2013-09-27 02:13:00.000,16.75958,-19.04015,"Halali-Agab",-9999.0,"gps","Loxodonta africana","Etosha1","Etosha1","African elephant - Namibia (Kilian)"
20661333605,true,2013-09-27 02:43:00.000,16.76025,-19.03967,"Halali-Agab",-9999.0,"gps","Loxodonta africana","Etosha1","Etosha1","African elephant - Namibia (Kilian)"
20661333614,true,2013-09-27 03:13:00.000,16.76047,-19.03947,"Halali-Agab",-9999.0,"gps","Loxodonta africana","Etosha1","Etosha1","African elephant - Namibia (Kilian)"
20661333625,true,2013-09-27 03:43:00.000,16.76045,-19.03927,"Halali-Agab",-9999.0,"gps","Loxodonta africana","Etosha1","Etosha1","African elephant - Namibia (Kilian)"
20661333633,true,2013-09-27 04:13:00.000,16.76042,-19.03915,"Halali-Agab",-9999.0,"gps","Loxodonta africana","Etosha1","Etosha1","African elephant - Namibia (Kilian)"
20661333642,true,2013-09-27 04:44:00.000,16.76037,-19.03915,"Halali-Agab",-9999.0,"gps","Loxodonta africana","Etosha1","Etosha1","African elephant - Namibia (Kilian)"
20661333650,true,2013-09-27 05:13:00.000,16.76033,-19.03888,"Halali-Agab",-9999.0,"gps","Loxodonta africana","Etosha1","Etosha1","African elephant - Namibia (Kilian)"
20661333658,true,2013-09-27 05:43:00.000,16.76143,-19.03953,"Halali-Agab",-9999.0,"gps","Loxodonta africana","Etosha1","Etosha1","African elephant - Namibia (Kilian)"
20661333666,true,2013-09-27 06:14:00.000,16.7623,-19.03992,"Halali-Agab",-9999.0,"gps","Loxodonta africana","Etosha1","Etosha1","African elephant - Namibia (Kilian)"
20661333676,true,2013-09-27 06:43:00.000,16.76373,-19.04027,"Halali-Agab",-9999.0,"gps","Loxodonta africana","Etosha1","Etosha1","African elephant - Namibia (Kilian)"
20661333684,true,2013-09-27 07:13:00.000,16.76497,-19.04158,"Halali-Agab",-9999.0,"gps","Loxodonta africana","Etosha1","Etosha1","African elephant - Namibia (Kilian)"
20661333695,true,2013-09-27 07:43:00.000,16.76493,-19.04258,"Halali-Agab",-9999.0,"gps","Loxodonta africana","Etosha1","Etosha1","African elephant - Namibia (Kilian)"
20661333703,true,2013-09-27 08:13:00.000,16.76433,-19.04322,"Halali-Agab",-9999.0,"gps","Loxodonta africana","Etosha1","Etosha1","African elephant - Namibia (Kilian)"
20661333713,true,2013-09-27 08:43:00.000,16.76362,-19.04382,"Halali-Agab",-9999.0,"gps","Loxodonta africana","Etosha1","Etosha1","African elephant - Namibia (Kilian)"
20661333721,true,2013-09-27 09:13:00.000,16.76227,-19.04398,"Halali-Agab",-9999.0,"gps","Loxodonta africana","Etosha1","Etosha1","African elephant - Namibia (Kilian)"
20661333731,true,2013-09-27 09:43:00.000,16.76185,-19.04417,"Halali-Agab",-9999.0,"gps","Loxodonta africana","Etosha1","Etosha1","African elephant - Namibia (Kilian)"
20661333740,true,2013-09-27 10:14:00.000,16.76182,-19.04407,"Halali-Agab",-9999.0,"gps","Loxodonta africana","Etosha1","Etosha1","African elephant - Namibia (Kilian)"
20661333750,true,2013-09-27 10:43:00.000,16.76185,-19.04412,"Halali-Agab",-9999.0,"gps","Loxodonta africana","Etosha1","Etosha1","African elephant - Namibia (Kilian)"
20661333759,true,2013-09-27 11:13:00.000,16.76107,-19.04468,"Halali-Agab",-9999.0,"gps","Loxodonta africana","Etosha1","Etosha1","African elephant - Namibia (Kilian)"
20661333819,true,2013-09-27 14:48:00.000,16.75657,-19.0454,"Halali-Agab",-9999.0,"gps","Loxodonta africana","Etosha1","Etosha1","African elephant - Namibia (Kilian)"
20661333825,true,2013-09-27 15:16:00.000,16.75662,-19.04513,"Halali-Agab",-9999.0,"gps","Loxodonta africana","Etosha1","Etosha1","African elephant - Namibia (Kilian)"
20661333835,true,2013-09-27 15:47:00.000,16.75315,-19.04775,"Halali-Agab",-9999.0,"gps","Loxodonta africana","Etosha1","Etosha1","African elephant - Namibia (Kilian)"
20661333843,true,2013-09-27 16:17:00.000,16.74555,-19.05175,"Halali-Agab",-9999.0,"gps","Loxodonta africana","Etosha1","Etosha1","African elephant - Namibia (Kilian)"
20661333852,true,2013-09-27 16:46:00.000,16.73915,-19.057,"Halali-Agab",-9999.0,"gps","Loxodonta africana","Etosha1","Etosha1","African elephant - Namibia (Kilian)"
20661333862,true,2013-09-27 17:16:00.000,16.73908,-19.05698,"Halali-Agab",-9999.0,"gps","Loxodonta africana","Etosha1","Etosha1","African elephant - Namibia (Kilian)"
20661333871,true,2013-09-27 17:46:00.000,16.73977,-19.05542,"Halali-Agab",-9999.0,"gps","Loxodonta africana","Etosha1","Etosha1","African elephant - Namibia (Kilian)"
20661333879,true,2013-09-27 18:16:00.000,16.74095,-19.05193,"Halali-Agab",-9999.0,"gps","Loxodonta africana","Etosha1","Etosha1","African elephant - Namibia (Kilian)"
20661333889,true,2013-09-27 18:46:00.000,16.74217,-19.04917,"Halali-Agab",-9999.0,"gps","Loxodonta africana","Etosha1","Etosha1","African elephant - Namibia (Kilian)"
20661333898,true,2013-09-27 19:17:00.000,16.74297,-19.04757,"Halali-Agab",-9999.0,"gps","Loxodonta africana","Etosha1","Etosha1","African elephant - Namibia (Kilian)"
20661333909,true,2013-09-27 19:46:00.000,16.74332,-19.04582,"Halali-Agab",-9999.0,"gps","Loxodonta africana","Etosha1","Etosha1","African elephant - Namibia (Kilian)"
20661333917,true,2013-09-27 20:16:00.000,16.74255,-19.04462,"Halali-Agab",-9999.0,"gps","Loxodonta africana","Etosha1","Etosha1","African elephant - Namibia (Kilian)"
20661333925,true,2013-09-27 20:46:00.000,16.74153,-19.044,"Halali-Agab",-9999.0,"gps","Loxodonta africana","Etosha1","Etosha1","African elephant - Namibia (Kilian)"
20661333933,true,2013-09-27 21:16:00.000,16.74095,-19.04315,"Halali-Agab",-9999.0,"gps","Loxodonta africana","Etosha1","Etosha1","African elephant - Namibia (Kilian)"
20661333942,true,2013-09-27 21:46:00.000,16.7398,-19.04192,"Halali-Agab",-9999.0,"gps","Loxodonta africana","Etosha1","Etosha1","African elephant - Namibia (Kilian)"
20661333951,true,2013-09-27 22:16:00.000,16.73888,-19.03878,"Halali-Agab",-9999.0,"gps","Loxodonta africana","Etosha1","Etosha1","African elephant - Namibia (Kilian)"
20661333961,true,2013-09-27 22:46:00.000,16.73843,-19.03688,"Halali-Agab",-9999.0,"gps","Loxodonta africana","Etosha1","Etosha1","African elephant - Namibia (Kilian)"
20661333969,true,2013-09-27 23:16:00.000,16.7383,-19.0355,"Halali-Agab",-9999.0,"gps","Loxodonta africana","Etosha1","Etosha1","African elephant - Namibia (Kilian)"
20661333979,true,2013-09-27 23:46:00.000,16.73788,-19.03437,"Halali-Agab",-9999.0,"gps","Loxodonta africana","Etosha1","Etosha1","African elephant - Namibia (Kilian)"
20661333987,true,2013-09-28 00:16:00.000,16.73788,-19.03303,"Halali-Agab",-9999.0,"gps","Loxodonta africana","Etosha1","Etosha1","African elephant - Namibia (Kilian)"
20661333997,true,2013-09-28 00:46:00.000,16.73692,-19.03138,"Halali-Agab",-9999.0,"gps","Loxodonta africana","Etosha1","Etosha1","African elephant - Namibia (Kilian)"
20661334006,true,2013-09-28 01:16:00.000,16.73628,-19.03092,"Halali-Agab",-9999.0,"gps","Loxodonta africana","Etosha1","Etosha1","African elephant - Namibia (Kilian)"
20661334015,true,2013-09-28 01:46:00.000,16.73605,-19.03047,"Halali-Agab",-9999.0,"gps","Loxodonta africana","Etosha1","Etosha1","African elephant - Namibia (Kilian)"
20661334025,true,2013-09-28 02:16:00.000,16.73592,-19.03015,"Halali-Agab",-9999.0,"gps","Loxodonta africana","Etosha1","Etosha1","African elephant - Namibia (Kilian)"
20661334034,true,2013-09-28 02:47:00.000,16.73582,-19.02998,"Halali-Agab",-9999.0,"gps","Loxodonta africana","Etosha1","Etosha1","African elephant - Namibia (Kilian)"
20661334043,true,2013-09-28 03:17:00.000,16.73577,-19.03038,"Halali-Agab",-9999.0,"gps","Loxodonta africana","Etosha1","Etosha1","African elephant - Namibia (Kilian)"
20661334055,true,2013-09-28 03:49:00.000,16.7359,-19.03015,"Halali-Agab",-9999.0,"gps","Loxodonta africana","Etosha1","Etosha1","African elephant - Namibia (Kilian)"
20661334059,true,2013-09-28 04:16:00.000,16.73605,-19.03008,"Halali-Agab",-9999.0,"gps","Loxodonta africana","Etosha1","Etosha1","African elephant - Namibia (Kilian)"
20661334073,true,2013-09-28 05:16:00.000,16.73578,-19.02977,"Halali-Agab",-9999.0,"gps","Loxodonta africana","Etosha1","Etosha1","African elephant - Namibia (Kilian)"
20661334081,true,2013-09-28 05:46:00.000,16.73537,-19.02945,"Halali-Agab",-9999.0,"gps","Loxodonta africana","Etosha1","Etosha1","African elephant - Namibia (Kilian)"
20661334090,true,2013-09-28 06:16:00.000,16.7355,-19.02887,"Halali-Agab",-9999.0,"gps","Loxodonta africana","Etosha1","Etosha1","African elephant - Namibia (Kilian)"
20661334100,true,2013-09-28 06:46:00.000,16.73553,-19.02788,"Halali-Agab",-9999.0,"gps","Loxodonta africana","Etosha1","Etosha1","African elephant - Namibia (Kilian)"
20661334109,true,2013-09-28 07:16:00.000,16.73582,-19.02728,"Halali-Agab",-9999.0,"gps","Loxodonta africana","Etosha1","Etosha1","African elephant - Namibia (Kilian)"
20661334119,true,2013-09-28 07:46:00.000,16.73683,-19.02655,"Halali-Agab",-9999.0,"gps","Loxodonta africana","Etosha1","Etosha1","African elephant - Namibia (Kilian)"
20661334128,true,2013-09-28 08:16:00.000,16.73812,-19.0258,"Halali-Agab",-9999.0,"gps","Loxodonta africana","Etosha1","Etosha1","African elephant - Namibia (Kilian)"
20661334138,true,2013-09-28 08:46:00.000,16.73777,-19.02548,"Halali-Agab",-9999.0,"gps","Loxodonta africana","Etosha1","Etosha1","African elephant - Namibia (Kilian)"
20661334147,true,2013-09-28 09:16:00.000,16.73618,-19.0232,"Halali-Agab",-9999.0,"gps","Loxodonta africana","Etosha1","Etosha1","African elephant - Namibia (Kilian)"
20661334155,true,2013-09-28 09:46:00.000,16.73623,-19.02295,"Halali-Agab",-9999.0,"gps","Loxodonta africana","Etosha1","Etosha1","African elephant - Namibia (Kilian)"
20661334164,true,2013-09-28 10:17:00.000,16.7363,-19.02228,"Halali-Agab",-9999.0,"gps","Loxodonta africana","Etosha1","Etosha1","African elephant - Namibia (Kilian)"
20661334172,true,2013-09-28 10:46:00.000,16.7367,-19.02232,"Halali-Agab",-9999.0,"gps","Loxodonta africana","Etosha1","Etosha1","African elephant - Namibia (Kilian)"
20661334181,true,2013-09-28 11:16:00.000,16.73637,-19.022,"Halali-Agab",-9999.0,"gps","Loxodonta africana","Etosha1","Etosha1","African elephant - Namibia (Kilian)"
20661334191,true,2013-09-28 11:46:00.000,16.73418,-19.02182,"Halali-Agab",-9999.0,"gps","Loxodonta africana","Etosha1","Etosha1","African elephant - Namibia (Kilian)"
20661334199,true,2013-09-28 12:16:00.000,16.73402,-19.0218,"Halali-Agab",-9999.0,"gps","Loxodonta africana","Etosha1","Etosha1","African elephant - Namibia (Kilian)"
20661334206,true,2013-09-28 12:46:00.000,16.73407,-19.02187,"Halali-Agab",-9999.0,"gps","Loxodonta africana","Etosha1","Etosha1","African elephant - Namibia (Kilian)"
20661334211,true,2013-09-28 13:16:00.000,16.73368,-19.02142,"Halali-Agab",-9999.0,"gps","Loxodonta africana","Etosha1","Etosha1","African elephant - Namibia (Kilian)"
20661334219,true,2013-09-28 13:46:00.000,16.73127,-19.02042,"Halali-Agab",-9999.0,"gps","Loxodonta africana","Etosha1","Etosha1","African elephant - Namibia (Kilian)"
20661334226,true,2013-09-28 14:17:00.000,16.73112,-19.02027,"Halali-Agab",-9999.0,"gps","Loxodonta africana","Etosha1","Etosha1","African elephant - Namibia (Kilian)"
20661334234,true,2013-09-28 14:46:00.000,16.7309,-19.01945,"Halali-Agab",-9999.0,"gps","Loxodonta africana","Etosha1","Etosha1","African elephant - Namibia (Kilian)"
20661334242,true,2013-09-28 15:17:00.000,16.73082,-19.01945,"Halali-Agab",-9999.0,"gps","Loxodonta africana","Etosha1","Etosha1","African elephant - Namibia (Kilian)"
20661334251,true,2013-09-28 15:46:00.000,16.73082,-19.01947,"Halali-Agab",-9999.0,"gps","Loxodonta africana","Etosha1","Etosha1","African elephant - Namibia (Kilian)"
20661334259,true,2013-09-28 16:16:00.000,16.73077,-19.01772,"Halali-Agab",-9999.0,"gps","Loxodonta africana","Etosha1","Etosha1","African elephant - Namibia (Kilian)"
20661334268,true,2013-09-28 16:46:00.000,16.73063,-19.01768,"Halali-Agab",-9999.0,"gps","Loxodonta africana","Etosha1","Etosha1","African elephant - Namibia (Kilian)"
20661334277,true,2013-09-28 17:16:00.000,16.72967,-19.01758,"Halali-Agab",-9999.0,"gps","Loxodonta africana","Etosha1","Etosha1","African elephant - Namibia (Kilian)"
20661334286,true,2013-09-28 17:46:00.000,16.72835,-19.01698,"Halali-Agab",-9999.0,"gps","Loxodonta africana","Etosha1","Etosha1","African elephant - Namibia (Kilian)"
20661334295,true,2013-09-28 18:16:00.000,16.72623,-19.01542,"Halali-Agab",-9999.0,"gps","Loxodonta africana","Etosha1","Etosha1","African elephant - Namibia (Kilian)"
20661334305,true,2013-09-28 18:46:00.000,16.72432,-19.01407,"Halali-Agab",-9999.0,"gps","Loxodonta africana","Etosha1","Etosha1","African elephant - Namibia (Kilian)"
20661334314,true,2013-09-28 19:16:00.000,16.72423,-19.01348,"Halali-Agab",-9999.0,"gps","Loxodonta africana","Etosha1","Etosha1","African elephant - Namibia (Kilian)"
20661334323,true,2013-09-28 19:46:00.000,16.7228,-19.0126,"Halali-Agab",-9999.0,"gps","Loxodonta africana","Etosha1","Etosha1","African elephant - Namibia (Kilian)"
20661334330,true,2013-09-28 20:16:00.000,16.7214,-19.01182,"Halali-Agab",-9999.0,"gps","Loxodonta africana","Etosha1","Etosha1","African elephant - Namibia (Kilian)"
20661334340,true,2013-09-28 20:46:00.000,16.72072,-19.01057,"Halali-Agab",-9999.0,"gps","Loxodonta africana","Etosha1","Etosha1","African elephant - Namibia (Kilian)"
20661334348,true,2013-09-28 21:16:00.000,16.71947,-19.00907,"Halali-Agab",-9999.0,"gps","Loxodonta africana","Etosha1","Etosha1","African elephant - Namibia (Kilian)"
20661334356,true,2013-09-28 21:46:00.000,16.71827,-19.00897,"Halali-Agab",-9999.0,"gps","Loxodonta africana","Etosha1","Etosha1","African elephant - Namibia (Kilian)"
20661334365,true,2013-09-28 22:16:00.000,16.71673,-19.00895,"Halali-Agab",-9999.0,"gps","Loxodonta africana","Etosha1","Etosha1","African elephant - Namibia (Kilian)"
20661334374,true,2013-09-28 22:47:00.000,16.7148,-19.00885,"Halali-Agab",-9999.0,"gps","Loxodonta africana","Etosha1","Etosha1","African elephant - Namibia (Kilian)"
20661334382,true,2013-09-28 23:16:00.000,16.71243,-19.00807,"Halali-Agab",-9999.0,"gps","Loxodonta africana","Etosha1","Etosha1","African elephant - Namibia (Kilian)"
20661334390,true,2013-09-28 23:47:00.000,16.71278,-19.00695,"Halali-Agab",-9999.0,"gps","Loxodonta africana","Etosha1","Etosha1","African elephant - Namibia (Kilian)"
20661334399,true,2013-09-29 00:16:00.000,16.7125,-19.00507,"Halali-Agab",-9999.0,"gps","Loxodonta africana","Etosha1","Etosha1","African elephant - Namibia (Kilian)"
20661334410,true,2013-09-29 00:46:00.000,16.7123,-19.00438,"Halali-Agab",-9999.0,"gps","Loxodonta africana","Etosha1","Etosha1","African elephant - Namibia (Kilian)"
20661334417,true,2013-09-29 01:16:00.000,16.71225,-19.0033,"Halali-Agab",-9999.0,"gps","Loxodonta africana","Etosha1","Etosha1","African elephant - Namibia (Kilian)"
20661334426,true,2013-09-29 01:46:00.000,16.71237,-19.00312,"Halali-Agab",-9999.0,"gps","Loxodonta africana","Etosha1","Etosha1","African elephant - Namibia (Kilian)"
20661334435,true,2013-09-29 02:16:00.000,16.71222,-19.00303,"Halali-Agab",-9999.0,"gps","Loxodonta africana","Etosha1","Etosha1","African elephant - Namibia (Kilian)"
20661334444,true,2013-09-29 02:46:00.000,16.71225,-19.00283,"Halali-Agab",-9999.0,"gps","Loxodonta africana","Etosha1","Etosha1","African elephant - Namibia (Kilian)"
20661334453,true,2013-09-29 03:16:00.000,16.71242,-19.00288,"Halali-Agab",-9999.0,"gps","Loxodonta africana","Etosha1","Etosha1","African elephant - Namibia (Kilian)"
20661334462,true,2013-09-29 03:46:00.000,16.71228,-19.0029,"Halali-Agab",-9999.0,"gps","Loxodonta africana","Etosha1","Etosha1","African elephant - Namibia (Kilian)"
20661334470,true,2013-09-29 04:17:00.000,16.71225,-19.00288,"Halali-Agab",-9999.0,"gps","Loxodonta africana","Etosha1","Etosha1","African elephant - Namibia (Kilian)"
20661334482,true,2013-09-29 04:49:00.000,16.71227,-19.00285,"Halali-Agab",-9999.0,"gps","Loxodonta africana","Etosha1","Etosha1","African elephant - Namibia (Kilian)"
20661334489,true,2013-09-29 05:17:00.000,16.71233,-19.0028,"Halali-Agab",-9999.0,"gps","Loxodonta africana","Etosha1","Etosha1","African elephant - Namibia (Kilian)"
20661334498,true,2013-09-29 05:46:00.000,16.712,-19.00298,"Halali-Agab",-9999.0,"gps","Loxodonta africana","Etosha1","Etosha1","African elephant - Namibia (Kilian)"
20661334507,true,2013-09-29 06:16:00.000,16.71112,-19.00255,"Halali-Agab",-9999.0,"gps","Loxodonta africana","Etosha1","Etosha1","African elephant - Namibia (Kilian)"
20661334517,true,2013-09-29 06:46:00.000,16.71062,-19.00203,"Halali-Agab",-9999.0,"gps","Loxodonta africana","Etosha1","Etosha1","African elephant - Namibia (Kilian)"
20661334525,true,2013-09-29 07:16:00.000,16.70933,-19.00065,"Halali-Agab",-9999.0,"gps","Loxodonta africana","Etosha1","Etosha1","African elephant - Namibia (Kilian)"
20661334536,true,2013-09-29 07:47:00.000,16.70648,-18.99915,"Halali-Agab",-9999.0,"gps","Loxodonta africana","Etosha1","Etosha1","African elephant - Namibia (Kilian)"
20661334544,true,2013-09-29 08:16:00.000,16.70393,-18.99793,"Halali-Agab",-9999.0,"gps","Loxodonta africana","Etosha1","Etosha1","African elephant - Namibia (Kilian)"
20661334555,true,2013-09-29 08:46:00.000,16.70153,-18.99683,"Halali-Agab",-9999.0,"gps","Loxodonta africana","Etosha1","Etosha1","African elephant - Namibia (Kilian)"
20661334564,true,2013-09-29 09:16:00.000,16.70065,-18.99528,"Halali-Agab",-9999.0,"gps","Loxodonta africana","Etosha1","Etosha1","African elephant - Namibia (Kilian)"
20661334573,true,2013-09-29 09:46:00.000,16.69968,-18.99142,"Halali-Agab",-9999.0,"gps","Loxodonta africana","Etosha1","Etosha1","African elephant - Namibia (Kilian)"
20661334580,true,2013-09-29 10:17:00.000,16.69935,-18.98822,"Halali-Agab",-9999.0,"gps","Loxodonta africana","Etosha1","Etosha1","African elephant - Namibia (Kilian)"
20661334589,true,2013-09-29 10:47:00.000,16.6994,-18.98817,"Halali-Agab",-9999.0,"gps","Loxodonta africana","Etosha1","Etosha1","African elephant - Namibia (Kilian)"
20661334597,true,2013-09-29 11:16:00.000,16.69945,-18.98815,"Halali-Agab",-9999.0,"gps","Loxodonta africana","Etosha1","Etosha1","African elephant - Namibia (Kilian)"
20661334604,true,2013-09-29 11:48:00.000,16.6995,-18.98812,"Halali-Agab",-9999.0,"gps","Loxodonta africana","Etosha1","Etosha1","African elephant - Namibia (Kilian)"
20661334611,true,2013-09-29 12:18:00.000,16.69945,-18.98807,"Halali-Agab",-9999.0,"gps","Loxodonta africana","Etosha1","Etosha1","African elephant - Namibia (Kilian)"
20661334620,true,2013-09-29 12:46:00.000,16.69925,-18.98783,"Halali-Agab",-9999.0,"gps","Loxodonta africana","Etosha1","Etosha1","African elephant - Namibia (Kilian)"
20661334627,true,2013-09-29 13:17:00.000,16.69793,-18.98685,"Halali-Agab",-9999.0,"gps","Loxodonta africana","Etosha1","Etosha1","African elephant - Namibia (Kilian)"
20661334634,true,2013-09-29 13:46:00.000,16.69713,-18.98717,"Halali-Agab",-9999.0,"gps","Loxodonta africana","Etosha1","Etosha1","African elephant - Namibia (Kilian)"
20661334641,true,2013-09-29 14:16:00.000,16.69645,-18.98657,"Halali-Agab",-9999.0,"gps","Loxodonta africana","Etosha1","Etosha1","African elephant - Namibia (Kilian)"
20661334648,true,2013-09-29 14:46:00.000,16.69652,-18.98655,"Halali-Agab",-9999.0,"gps","Loxodonta africana","Etosha1","Etosha1","African elephant - Namibia (Kilian)"
20661334654,true,2013-09-29 15:16:00.000,16.69608,-18.98647,"Halali-Agab",-9999.0,"gps","Loxodonta africana","Etosha1","Etosha1","African elephant - Namibia (Kilian)"
20661334661,true,2013-09-29 15:46:00.000,16.69577,-18.98648,"Halali-Agab",-9999.0,"gps","Loxodonta africana","Etosha1","Etosha1","African elephant - Namibia (Kilian)"
20661334669,true,2013-09-29 16:16:00.000,16.69405,-18.98608,"Halali-Agab",-9999.0,"gps","Loxodonta africana","Etosha1","Etosha1","African elephant - Namibia (Kilian)"
20661334678,true,2013-09-29 16:46:00.000,16.68885,-18.98577,"Halali-Agab",-9999.0,"gps","Loxodonta africana","Etosha1","Etosha1","African elephant - Namibia (Kilian)"
20661334686,true,2013-09-29 17:16:00.000,16.6779,-18.98442,"Halali-Agab",-9999.0,"gps","Loxodonta africana","Etosha1","Etosha1","African elephant - Namibia (Kilian)"
20661334693,true,2013-09-29 17:46:00.000,16.66682,-18.98163,"Halali-Agab",-9999.0,"gps","Loxodonta africana","Etosha1","Etosha1","African elephant - Namibia (Kilian)"
20661334702,true,2013-09-29 18:16:00.000,16.65768,-18.97582,"Halali-Agab",-9999.0,"gps","Loxodonta africana","Etosha1","Etosha1","African elephant - Namibia (Kilian)"
20661334712,true,2013-09-29 18:47:00.000,16.65248,-18.9733,"Halali-Agab",-9999.0,"gps","Loxodonta africana","Etosha1","Etosha1","African elephant - Namibia (Kilian)"
20661334719,true,2013-09-29 19:16:00.000,16.64488,-18.97093,"Halali-Agab",-9999.0,"gps","Loxodonta africana","Etosha1","Etosha1","African elephant - Namibia (Kilian)"
20661334728,true,2013-09-29 19:46:00.000,16.64327,-18.97017,"Halali-Agab",-9999.0,"gps","Loxodonta africana","Etosha1","Etosha1","African elephant - Namibia (Kilian)"
20661334736,true,2013-09-29 20:16:00.000,16.6397,-18.96967,"Halali-Agab",-9999.0,"gps","Loxodonta africana","Etosha1","Etosha1","African elephant - Namibia (Kilian)"
20661334745,true,2013-09-29 20:46:00.000,16.63283,-18.96923,"Halali-Agab",-9999.0,"gps","Loxodonta africana","Etosha1","Etosha1","African elephant - Namibia (Kilian)"
20661334754,true,2013-09-29 21:16:00.000,16.62787,-18.9656,"Halali-Agab",-9999.0,"gps","Loxodonta africana","Etosha1","Etosha1","African elephant - Namibia (Kilian)"
20661334762,true,2013-09-29 21:46:00.000,16.62548,-18.96517,"Halali-Agab",-9999.0,"gps","Loxodonta africana","Etosha1","Etosha1","African elephant - Namibia (Kilian)"
20661334770,true,2013-09-29 22:16:00.000,16.6239,-18.96438,"Halali-Agab",-9999.0,"gps","Loxodonta africana","Etosha1","Etosha1","African elephant - Namibia (Kilian)"
20661334779,true,2013-09-29 22:46:00.000,16.62228,-18.9637,"Halali-Agab",-9999.0,"gps","Loxodonta africana","Etosha1","Etosha1","African elephant - Namibia (Kilian)"
20661334787,true,2013-09-29 23:16:00.000,16.62195,-18.96338,"Halali-Agab",-9999.0,"gps","Loxodonta africana","Etosha1","Etosha1","African elephant - Namibia (Kilian)"
20661334795,true,2013-09-29 23:46:00.000,16.61968,-18.96108,"Halali-Agab",-9999.0,"gps","Loxodonta africana","Etosha1","Etosha1","African elephant - Namibia (Kilian)"
20661334803,true,2013-09-30 00:16:00.000,16.61897,-18.96012,"Halali-Agab",-9999.0,"gps","Loxodonta africana","Etosha1","Etosha1","African elephant - Namibia (Kilian)"
20661334815,true,2013-09-30 00:46:00.000,16.6176,-18.9603,"Halali-Agab",-9999.0,"gps","Loxodonta africana","Etosha1","Etosha1","African elephant - Namibia (Kilian)"
20661334825,true,2013-09-30 01:16:00.000,16.6182,-18.96003,"Halali-Agab",-9999.0,"gps","Loxodonta africana","Etosha1","Etosha1","African elephant - Namibia (Kilian)"
20661334833,true,2013-09-30 01:46:00.000,16.61797,-18.95887,"Halali-Agab",-9999.0,"gps","Loxodonta africana","Etosha1","Etosha1","African elephant - Namibia (Kilian)"
20661334841,true,2013-09-30 02:16:00.000,16.61782,-18.95772,"Halali-Agab",-9999.0,"gps","Loxodonta africana","Etosha1","Etosha1","African elephant - Namibia (Kilian)"
20661334849,true,2013-09-30 02:46:00.000,16.61772,-18.9557,"Halali-Agab",-9999.0,"gps","Loxodonta africana","Etosha1","Etosha1","African elephant - Namibia (Kilian)"
20661334858,true,2013-09-30 03:16:00.000,16.6176,-18.95505,"Halali-Agab",-9999.0,"gps","Loxodonta africana","Etosha1","Etosha1","African elephant - Namibia (Kilian)"
20661334867,true,2013-09-30 03:46:00.000,16.61708,-18.95405,"Halali-Agab",-9999.0,"gps","Loxodonta africana","Etosha1","Etosha1","African elephant - Namibia (Kilian)"
20661334875,true,2013-09-30 04:16:00.000,16.61685,-18.95367,"Halali-Agab",-9999.0,"gps","Loxodonta africana","Etosha1","Etosha1","African elephant - Namibia (Kilian)"
20661334886,true,2013-09-30 04:46:00.000,16.61608,-18.95297,"Halali-Agab",-9999.0,"gps","Loxodonta africana","Etosha1","Etosha1","African elephant - Namibia (Kilian)"
20661334895,true,2013-09-30 05:16:00.000,16.61433,-18.95227,"Halali-Agab",-9999.0,"gps","Loxodonta africana","Etosha1","Etosha1","African elephant - Namibia (Kilian)"
20661334903,true,2013-09-30 05:46:00.000,16.61278,-18.9521,"Halali-Agab",-9999.0,"gps","Loxodonta africana","Etosha1","Etosha1","African elephant - Namibia (Kilian)"
20661334911,true,2013-09-30 06:16:00.000,16.60443,-18.95377,"Halali-Agab",-9999.0,"gps","Loxodonta africana","Etosha1","Etosha1","African elephant - Namibia (Kilian)"
20661334920,true,2013-09-30 06:46:00.000,16.59787,-18.95445,"Halali-Agab",-9999.0,"gps","Loxodonta africana","Etosha1","Etosha1","African elephant - Namibia (Kilian)"
20661334928,true,2013-09-30 07:16:00.000,16.59527,-18.9545,"Halali-Agab",-9999.0,"gps","Loxodonta africana","Etosha1","Etosha1","African elephant - Namibia (Kilian)"
20661334938,true,2013-09-30 07:46:00.000,16.5929,-18.95588,"Halali-Agab",-9999.0,"gps","Loxodonta africana","Etosha1","Etosha1","African elephant - Namibia (Kilian)"
20661334947,true,2013-09-30 08:16:00.000,16.59297,-18.95498,"Halali-Agab",-9999.0,"gps","Loxodonta africana","Etosha1","Etosha1","African elephant - Namibia (Kilian)"
20661334956,true,2013-09-30 08:46:00.000,16.58967,-18.9561,"Halali-Agab",-9999.0,"gps","Loxodonta africana","Etosha1","Etosha1","African elephant - Namibia (Kilian)"
20661334964,true,2013-09-30 09:16:00.000,16.58828,-18.95805,"Halali-Agab",-9999.0,"gps","Loxodonta africana","Etosha1","Etosha1","African elephant - Namibia (Kilian)"
20661334972,true,2013-09-30 09:46:00.000,16.58827,-18.95812,"Halali-Agab",-9999.0,"gps","Loxodonta africana","Etosha1","Etosha1","African elephant - Namibia (Kilian)"
20661334980,true,2013-09-30 10:17:00.000,16.58833,-18.95803,"Halali-Agab",-9999.0,"gps","Loxodonta africana","Etosha1","Etosha1","African elephant - Namibia (Kilian)"
20661334989,true,2013-09-30 10:46:00.000,16.58813,-18.9581,"Halali-Agab",-9999.0,"gps","Loxodonta africana","Etosha1","Etosha1","African elephant - Namibia (Kilian)"
20661334996,true,2013-09-30 11:16:00.000,16.58817,-18.95808,"Halali-Agab",-9999.0,"gps","Loxodonta africana","Etosha1","Etosha1","African elephant - Namibia (Kilian)"
20661335005,true,2013-09-30 11:46:00.000,16.5883,-18.95807,"Halali-Agab",-9999.0,"gps","Loxodonta africana","Etosha1","Etosha1","African elephant - Namibia (Kilian)"
20661335014,true,2013-09-30 12:17:00.000,16.5881,-18.95798,"Halali-Agab",-9999.0,"gps","Loxodonta africana","Etosha1","Etosha1","African elephant - Namibia (Kilian)"
20661335034,true,2013-09-30 13:16:00.000,16.58797,-18.95802,"Halali-Agab",-9999.0,"gps","Loxodonta africana","Etosha1","Etosha1","African elephant - Namibia (Kilian)"
20661335042,true,2013-09-30 13:46:00.000,16.58787,-18.9584,"Halali-Agab",-9999.0,"gps","Loxodonta africana","Etosha1","Etosha1","African elephant - Namibia (Kilian)"
20661335049,true,2013-09-30 14:16:00.000,16.588,-18.95838,"Halali-Agab",-9999.0,"gps","Loxodonta africana","Etosha1","Etosha1","African elephant - Namibia (Kilian)"
20661335057,true,2013-09-30 14:46:00.000,16.58735,-18.95805,"Halali-Agab",-9999.0,"gps","Loxodonta africana","Etosha1","Etosha1","African elephant - Namibia (Kilian)"
20661335066,true,2013-09-30 15:16:00.000,16.58393,-18.95525,"Halali-Agab",-9999.0,"gps","Loxodonta africana","Etosha1","Etosha1","African elephant - Namibia (Kilian)"
20661335073,true,2013-09-30 15:47:00.000,16.58325,-18.95418,"Halali-Agab",-9999.0,"gps","Loxodonta africana","Etosha1","Etosha1","African elephant - Namibia (Kilian)"
20661335079,true,2013-09-30 16:16:00.000,16.58327,-18.95413,"Halali-Agab",-9999.0,"gps","Loxodonta africana","Etosha1","Etosha1","African elephant - Namibia (Kilian)"
20661335086,true,2013-09-30 16:46:00.000,16.58345,-18.95417,"Halali-Agab",-9999.0,"gps","Loxodonta africana","Etosha1","Etosha1","African elephant - Namibia (Kilian)"
20661335093,true,2013-09-30 17:16:00.000,16.58225,-18.95372,"Halali-Agab",-9999.0,"gps","Loxodonta africana","Etosha1","Etosha1","African elephant - Namibia (Kilian)"
20661335099,true,2013-09-30 17:46:00.000,16.57907,-18.9508,"Halali-Agab",-9999.0,"gps","Loxodonta africana","Etosha1","Etosha1","African elephant - Namibia (Kilian)"
20661335107,true,2013-09-30 18:17:00.000,16.57605,-18.94898,"Halali-Agab",-9999.0,"gps","Loxodonta africana","Etosha1","Etosha1","African elephant - Namibia (Kilian)"
20661335116,true,2013-09-30 18:46:00.000,16.57265,-18.9464,"Halali-Agab",-9999.0,"gps","Loxodonta africana","Etosha1","Etosha1","African elephant - Namibia (Kilian)"
20661335125,true,2013-09-30 19:16:00.000,16.56915,-18.94332,"Halali-Agab",-9999.0,"gps","Loxodonta africana","Etosha1","Etosha1","African elephant - Namibia (Kilian)"
20661335134,true,2013-09-30 19:46:00.000,16.56553,-18.94075,"Halali-Agab",-9999.0,"gps","Loxodonta africana","Etosha1","Etosha1","African elephant - Namibia (Kilian)"
20661335142,true,2013-09-30 20:16:00.000,16.55788,-18.94055,"Halali-Agab",-9999.0,"gps","Loxodonta africana","Etosha1","Etosha1","African elephant - Namibia (Kilian)"
20661335152,true,2013-09-30 20:46:00.000,16.55545,-18.93988,"Halali-Agab",-9999.0,"gps","Loxodonta africana","Etosha1","Etosha1","African elephant - Namibia (Kilian)"
20661335161,true,2013-09-30 21:16:00.000,16.5557,-18.93965,"Halali-Agab",-9999.0,"gps","Loxodonta africana","Etosha1","Etosha1","African elephant - Namibia (Kilian)"
20661335170,true,2013-09-30 21:46:00.000,16.55587,-18.93967,"Halali-Agab",-9999.0,"gps","Loxodonta africana","Etosha1","Etosha1","African elephant - Namibia (Kilian)"
20661335178,true,2013-09-30 22:17:00.000,16.5559,-18.93958,"Halali-Agab",-9999.0,"gps","Loxodonta africana","Etosha1","Etosha1","African elephant - Namibia (Kilian)"
20661335189,true,2013-09-30 22:46:00.000,16.54993,-18.94297,"Halali-Agab",-9999.0,"gps","Loxodonta africana","Etosha1","Etosha1","African elephant - Namibia (Kilian)"
20661335197,true,2013-09-30 23:16:00.000,16.54822,-18.9456,"Halali-Agab",-9999.0,"gps","Loxodonta africana","Etosha1","Etosha1","African elephant - Namibia (Kilian)"
20661335207,true,2013-09-30 23:46:00.000,16.5482,-18.94743,"Halali-Agab",-9999.0,"gps","Loxodonta africana","Etosha1","Etosha1","African elephant - Namibia (Kilian)"
20661335214,true,2013-10-01 00:16:00.000,16.54797,-18.94853,"Halali-Agab",-9999.0,"gps","Loxodonta africana","Etosha1","Etosha1","African elephant - Namibia (Kilian)"
20661335225,true,2013-10-01 00:46:00.000,16.54667,-18.95003,"Halali-Agab",-9999.0,"gps","Loxodonta africana","Etosha1","Etosha1","African elephant - Namibia (Kilian)"
20661335248,true,2013-10-01 02:14:00.000,16.54707,-18.95155,"Halali-Agab",-9999.0,"gps","Loxodonta africana","Etosha1","Etosha1","African elephant - Namibia (Kilian)"
20661335264,true,2013-10-01 03:18:00.000,16.54798,-18.95202,"Halali-Agab",-9999.0,"gps","Loxodonta africana","Etosha1","Etosha1","African elephant - Namibia (Kilian)"
20661335274,true,2013-10-01 03:45:00.000,16.54798,-18.95228,"Halali-Agab",-9999.0,"gps","Loxodonta africana","Etosha1","Etosha1","African elephant - Namibia (Kilian)"
20661335282,true,2013-10-01 04:14:00.000,16.54792,-18.95237,"Halali-Agab",-9999.0,"gps","Loxodonta africana","Etosha1","Etosha1","African elephant - Namibia (Kilian)"
20661335328,true,2013-10-01 07:04:00.000,16.5444,-18.95277,"Halali-Agab",-9999.0,"gps","Loxodonta africana","Etosha1","Etosha1","African elephant - Namibia (Kilian)"
20661335335,true,2013-10-01 07:33:00.000,16.53983,-18.95302,"Halali-Agab",-9999.0,"gps","Loxodonta africana","Etosha1","Etosha1","African elephant - Namibia (Kilian)"
20661335343,true,2013-10-01 08:04:00.000,16.53502,-18.95463,"Halali-Agab",-9999.0,"gps","Loxodonta africana","Etosha1","Etosha1","African elephant - Namibia (Kilian)"
20661335366,true,2013-10-01 09:36:00.000,16.5179,-18.95762,"Halali-Agab",-9999.0,"gps","Loxodonta africana","Etosha1","Etosha1","African elephant - Namibia (Kilian)"
20661335374,true,2013-10-01 10:04:00.000,16.51627,-18.9567,"Halali-Agab",-9999.0,"gps","Loxodonta africana","Etosha1","Etosha1","African elephant - Namibia (Kilian)"
20661335384,true,2013-10-01 10:35:00.000,16.51642,-18.95663,"Halali-Agab",-9999.0,"gps","Loxodonta africana","Etosha1","Etosha1","African elephant - Namibia (Kilian)"
20661335393,true,2013-10-01 11:05:00.000,16.51635,-18.95662,"Halali-Agab",-9999.0,"gps","Loxodonta africana","Etosha1","Etosha1","African elephant - Namibia (Kilian)"
20661335402,true,2013-10-01 11:34:00.000,16.51245,-18.9558,"Halali-Agab",-9999.0,"gps","Loxodonta africana","Etosha1","Etosha1","African elephant - Namibia (Kilian)"
20661335409,true,2013-10-01 12:04:00.000,16.50597,-18.95587,"Halali-Agab",-9999.0,"gps","Loxodonta africana","Etosha1","Etosha1","African elephant - Namibia (Kilian)"
20661335416,true,2013-10-01 12:34:00.000,16.5062,-18.95598,"Halali-Agab",-9999.0,"gps","Loxodonta africana","Etosha1","Etosha1","African elephant - Namibia (Kilian)"
20661335424,true,2013-10-01 13:03:00.000,16.50615,-18.95597,"Halali-Agab",-9999.0,"gps","Loxodonta africana","Etosha1","Etosha1","African elephant - Namibia (Kilian)"
20661335430,true,2013-10-01 13:33:00.000,16.50615,-18.95595,"Halali-Agab",-9999.0,"gps","Loxodonta africana","Etosha1","Etosha1","African elephant - Namibia (Kilian)"
20661335438,true,2013-10-01 14:04:00.000,16.50603,-18.95608,"Halali-Agab",-9999.0,"gps","Loxodonta africana","Etosha1","Etosha1","African elephant - Namibia (Kilian)"
20661335446,true,2013-10-01 14:35:00.000,16.50595,-18.95593,"Halali-Agab",-9999.0,"gps","Loxodonta africana","Etosha1","Etosha1","African elephant - Namibia (Kilian)"
20661335453,true,2013-10-01 15:04:00.000,16.50597,-18.95595,"Halali-Agab",-9999.0,"gps","Loxodonta africana","Etosha1","Etosha1","African elephant - Namibia (Kilian)"
20661335460,true,2013-10-01 15:33:00.000,16.50603,-18.95555,"Halali-Agab",-9999.0,"gps","Loxodonta africana","Etosha1","Etosha1","African elephant - Namibia (Kilian)"
20661335466,true,2013-10-01 16:03:00.000,16.50485,-18.95162,"Halali-Agab",-9999.0,"gps","Loxodonta africana","Etosha1","Etosha1","African elephant - Namibia (Kilian)"
20661335475,true,2013-10-01 16:34:00.000,16.50447,-18.95078,"Halali-Agab",-9999.0,"gps","Loxodonta africana","Etosha1","Etosha1","African elephant - Namibia (Kilian)"
20661335483,true,2013-10-01 17:03:00.000,16.50295,-18.94928,"Halali-Agab",-9999.0,"gps","Loxodonta africana","Etosha1","Etosha1","African elephant - Namibia (Kilian)"
20661335490,true,2013-10-01 17:34:00.000,16.50172,-18.94878,"Halali-Agab",-9999.0,"gps","Loxodonta africana","Etosha1","Etosha1","African elephant - Namibia (Kilian)"
20661335498,true,2013-10-01 18:04:00.000,16.50132,-18.9491,"Halali-Agab",-9999.0,"gps","Loxodonta africana","Etosha1","Etosha1","African elephant - Namibia (Kilian)"
20661335506,true,2013-10-01 18:34:00.000,16.49982,-18.94743,"Halali-Agab",-9999.0,"gps","Loxodonta africana","Etosha1","Etosha1","African elephant - Namibia (Kilian)"
20661335513,true,2013-10-01 19:04:00.000,16.49868,-18.9471,"Halali-Agab",-9999.0,"gps","Loxodonta africana","Etosha1","Etosha1","African elephant - Namibia (Kilian)"
20661335522,true,2013-10-01 19:34:00.000,16.49792,-18.9481,"Halali-Agab",-9999.0,"gps","Loxodonta africana","Etosha1","Etosha1","African elephant - Namibia (Kilian)"
20661335531,true,2013-10-01 20:03:00.000,16.49775,-18.94873,"Halali-Agab",-9999.0,"gps","Loxodonta africana","Etosha1","Etosha1","African elephant - Namibia (Kilian)"
20661335541,true,2013-10-01 20:33:00.000,16.4976,-18.94932,"Halali-Agab",-9999.0,"gps","Loxodonta africana","Etosha1","Etosha1","African elephant - Namibia (Kilian)"
20661335550,true,2013-10-01 21:03:00.000,16.49782,-18.949,"Halali-Agab",-9999.0,"gps","Loxodonta africana","Etosha1","Etosha1","African elephant - Namibia (Kilian)"
20661335560,true,2013-10-01 21:34:00.000,16.49697,-18.94875,"Halali-Agab",-9999.0,"gps","Loxodonta africana","Etosha1","Etosha1","African elephant - Namibia (Kilian)"
20661335569,true,2013-10-01 22:04:00.000,16.49697,-18.94805,"Halali-Agab",-9999.0,"gps","Loxodonta africana","Etosha1","Etosha1","African elephant - Namibia (Kilian)"
20661335577,true,2013-10-01 22:34:00.000,16.49692,-18.94733,"Halali-Agab",-9999.0,"gps","Loxodonta africana","Etosha1","Etosha1","African elephant - Namibia (Kilian)"
20661335586,true,2013-10-01 23:04:00.000,16.49628,-18.947,"Halali-Agab",-9999.0,"gps","Loxodonta africana","Etosha1","Etosha1","African elephant - Namibia (Kilian)"
20661335595,true,2013-10-01 23:34:00.000,16.49732,-18.9444,"Halali-Agab",-9999.0,"gps","Loxodonta africana","Etosha1","Etosha1","African elephant - Namibia (Kilian)"
20661335604,true,2013-10-02 00:03:00.000,16.49912,-18.9437,"Halali-Agab",-9999.0,"gps","Loxodonta africana","Etosha1","Etosha1","African elephant - Namibia (Kilian)"
20661335614,true,2013-10-02 00:34:00.000,16.50043,-18.94162,"Halali-Agab",-9999.0,"gps","Loxodonta africana","Etosha1","Etosha1","African elephant - Namibia (Kilian)"
20661335623,true,2013-10-02 01:04:00.000,16.50188,-18.9396,"Halali-Agab",-9999.0,"gps","Loxodonta africana","Etosha1","Etosha1","African elephant - Namibia (Kilian)"
20661335632,true,2013-10-02 01:34:00.000,16.50357,-18.93838,"Halali-Agab",-9999.0,"gps","Loxodonta africana","Etosha1","Etosha1","African elephant - Namibia (Kilian)"
20661335642,true,2013-10-02 02:06:00.000,16.50367,-18.9385,"Halali-Agab",-9999.0,"gps","Loxodonta africana","Etosha1","Etosha1","African elephant - Namibia (Kilian)"
20661335649,true,2013-10-02 02:34:00.000,16.50358,-18.9386,"Halali-Agab",-9999.0,"gps","Loxodonta africana","Etosha1","Etosha1","African elephant - Namibia (Kilian)"
20661335656,true,2013-10-02 03:04:00.000,16.5036,-18.93837,"Halali-Agab",-9999.0,"gps","Loxodonta africana","Etosha1","Etosha1","African elephant - Namibia (Kilian)"
20661335664,true,2013-10-02 03:34:00.000,16.50358,-18.93852,"Halali-Agab",-9999.0,"gps","Loxodonta africana","Etosha1","Etosha1","African elephant - Namibia (Kilian)"
20661335672,true,2013-10-02 04:04:00.000,16.50378,-18.93835,"Halali-Agab",-9999.0,"gps","Loxodonta africana","Etosha1","Etosha1","African elephant - Namibia (Kilian)"
20661335697,true,2013-10-02 05:34:00.000,16.50388,-18.93858,"Halali-Agab",-9999.0,"gps","Loxodonta africana","Etosha1","Etosha1","African elephant - Namibia (Kilian)"
20661335705,true,2013-10-02 06:04:00.000,16.50405,-18.9385,"Halali-Agab",-9999.0,"gps","Loxodonta africana","Etosha1","Etosha1","African elephant - Namibia (Kilian)"
20661335714,true,2013-10-02 06:34:00.000,16.50595,-18.93878,"Halali-Agab",-9999.0,"gps","Loxodonta africana","Etosha1","Etosha1","African elephant - Namibia (Kilian)"
20661335723,true,2013-10-02 07:04:00.000,16.50735,-18.9368,"Halali-Agab",-9999.0,"gps","Loxodonta africana","Etosha1","Etosha1","African elephant - Namibia (Kilian)"
20661335733,true,2013-10-02 07:33:00.000,16.51432,-18.93563,"Halali-Agab",-9999.0,"gps","Loxodonta africana","Etosha1","Etosha1","African elephant - Namibia (Kilian)"
20661335742,true,2013-10-02 08:04:00.000,16.51685,-18.93353,"Halali-Agab",-9999.0,"gps","Loxodonta africana","Etosha1","Etosha1","African elephant - Namibia (Kilian)"
20661335752,true,2013-10-02 08:34:00.000,16.52237,-18.93497,"Halali-Agab",-9999.0,"gps","Loxodonta africana","Etosha1","Etosha1","African elephant - Namibia (Kilian)"
20661335761,true,2013-10-02 09:04:00.000,16.52635,-18.93317,"Halali-Agab",-9999.0,"gps","Loxodonta africana","Etosha1","Etosha1","African elephant - Namibia (Kilian)"
20661335769,true,2013-10-02 09:33:00.000,16.53045,-18.93482,"Halali-Agab",-9999.0,"gps","Loxodonta africana","Etosha1","Etosha1","African elephant - Namibia (Kilian)"
20661335778,true,2013-10-02 10:04:00.000,16.53312,-18.93475,"Halali-Agab",-9999.0,"gps","Loxodonta africana","Etosha1","Etosha1","African elephant - Namibia (Kilian)"
20661335787,true,2013-10-02 10:33:00.000,16.53383,-18.93422,"Halali-Agab",-9999.0,"gps","Loxodonta africana","Etosha1","Etosha1","African elephant - Namibia (Kilian)"
20661335818,true,2013-10-02 12:27:00.000,16.53708,-18.93532,"Halali-Agab",-9999.0,"gps","Loxodonta africana","Etosha1","Etosha1","African elephant - Namibia (Kilian)"
20661335834,true,2013-10-02 13:26:00.000,16.53767,-18.93553,"Halali-Agab",-9999.0,"gps","Loxodonta africana","Etosha1","Etosha1","African elephant - Namibia (Kilian)"
20661335841,true,2013-10-02 13:57:00.000,16.53795,-18.93573,"Halali-Agab",-9999.0,"gps","Loxodonta africana","Etosha1","Etosha1","African elephant - Namibia (Kilian)"
20661335851,true,2013-10-02 14:27:00.000,16.54002,-18.93715,"Halali-Agab",-9999.0,"gps","Loxodonta africana","Etosha1","Etosha1","African elephant - Namibia (Kilian)"
20661335861,true,2013-10-02 14:56:00.000,16.546,-18.94188,"Halali-Agab",-9999.0,"gps","Loxodonta africana","Etosha1","Etosha1","African elephant - Namibia (Kilian)"
20661335871,true,2013-10-02 15:27:00.000,16.54537,-18.94195,"Halali-Agab",-9999.0,"gps","Loxodonta africana","Etosha1","Etosha1","African elephant - Namibia (Kilian)"
20661335879,true,2013-10-02 15:56:00.000,16.5443,-18.94175,"Halali-Agab",-9999.0,"gps","Loxodonta africana","Etosha1","Etosha1","African elephant - Namibia (Kilian)"
20661335890,true,2013-10-02 16:26:00.000,16.5431,-18.94115,"Halali-Agab",-9999.0,"gps","Loxodonta africana","Etosha1","Etosha1","African elephant - Namibia (Kilian)"
20661335898,true,2013-10-02 16:57:00.000,16.54093,-18.94112,"Halali-Agab",-9999.0,"gps","Loxodonta africana","Etosha1","Etosha1","African elephant - Namibia (Kilian)"
20661335908,true,2013-10-02 17:27:00.000,16.53787,-18.94118,"Halali-Agab",-9999.0,"gps","Loxodonta africana","Etosha1","Etosha1","African elephant - Namibia (Kilian)"
20661335916,true,2013-10-02 17:56:00.000,16.53615,-18.94117,"Halali-Agab",-9999.0,"gps","Loxodonta africana","Etosha1","Etosha1","African elephant - Namibia (Kilian)"
20661335925,true,2013-10-02 18:27:00.000,16.53427,-18.94115,"Halali-Agab",-9999.0,"gps","Loxodonta africana","Etosha1","Etosha1","African elephant - Namibia (Kilian)"
20661335933,true,2013-10-02 18:56:00.000,16.53123,-18.9405,"Halali-Agab",-9999.0,"gps","Loxodonta africana","Etosha1","Etosha1","African elephant - Namibia (Kilian)"
20661335942,true,2013-10-02 19:27:00.000,16.52973,-18.93932,"Halali-Agab",-9999.0,"gps","Loxodonta africana","Etosha1","Etosha1","African elephant - Namibia (Kilian)"
20661335949,true,2013-10-02 19:56:00.000,16.52648,-18.93983,"Halali-Agab",-9999.0,"gps","Loxodonta africana","Etosha1","Etosha1","African elephant - Namibia (Kilian)"
20661335960,true,2013-10-02 20:26:00.000,16.52368,-18.94095,"Halali-Agab",-9999.0,"gps","Loxodonta africana","Etosha1","Etosha1","African elephant - Namibia (Kilian)"
20661335967,true,2013-10-02 20:56:00.000,16.51872,-18.94525,"Halali-Agab",-9999.0,"gps","Loxodonta africana","Etosha1","Etosha1","African elephant - Namibia (Kilian)"
20661335976,true,2013-10-02 21:26:00.000,16.51043,-18.95297,"Halali-Agab",-9999.0,"gps","Loxodonta africana","Etosha1","Etosha1","African elephant - Namibia (Kilian)"
20661335982,true,2013-10-02 21:56:00.000,16.5061,-18.95632,"Halali-Agab",-9999.0,"gps","Loxodonta africana","Etosha1","Etosha1","African elephant - Namibia (Kilian)"
20661335992,true,2013-10-02 22:26:00.000,16.50617,-18.95613,"Halali-Agab",-9999.0,"gps","Loxodonta africana","Etosha1","Etosha1","African elephant - Namibia (Kilian)"
20661336002,true,2013-10-02 22:56:00.000,16.50602,-18.95597,"Halali-Agab",-9999.0,"gps","Loxodonta africana","Etosha1","Etosha1","African elephant - Namibia (Kilian)"
20661336012,true,2013-10-02 23:26:00.000,16.50335,-18.95217,"Halali-Agab",-9999.0,"gps","Loxodonta africana","Etosha1","Etosha1","African elephant - Namibia (Kilian)"
20661336019,true,2013-10-02 23:56:00.000,16.5013,-18.94955,"Halali-Agab",-9999.0,"gps","Loxodonta africana","Etosha1","Etosha1","African elephant - Namibia (Kilian)"
20661336030,true,2013-10-03 00:26:00.000,16.49855,-18.94907,"Halali-Agab",-9999.0,"gps","Loxodonta africana","Etosha1","Etosha1","African elephant - Namibia (Kilian)"
20661336036,true,2013-10-03 00:56:00.000,16.49722,-18.94815,"Halali-Agab",-9999.0,"gps","Loxodonta africana","Etosha1","Etosha1","African elephant - Namibia (Kilian)"
20661336045,true,2013-10-03 01:26:00.000,16.4953,-18.94853,"Halali-Agab",-9999.0,"gps","Loxodonta africana","Etosha1","Etosha1","African elephant - Namibia (Kilian)"
20661336054,true,2013-10-03 01:56:00.000,16.49397,-18.94988,"Halali-Agab",-9999.0,"gps","Loxodonta africana","Etosha1","Etosha1","African elephant - Namibia (Kilian)"
20661336063,true,2013-10-03 02:26:00.000,16.49117,-18.9486,"Halali-Agab",-9999.0,"gps","Loxodonta africana","Etosha1","Etosha1","African elephant - Namibia (Kilian)"
20661336073,true,2013-10-03 02:56:00.000,16.49013,-18.94807,"Halali-Agab",-9999.0,"gps","Loxodonta africana","Etosha1","Etosha1","African elephant - Namibia (Kilian)"
20661336081,true,2013-10-03 03:26:00.000,16.48837,-18.94723,"Halali-Agab",-9999.0,"gps","Loxodonta africana","Etosha1","Etosha1","African elephant - Namibia (Kilian)"
20661336088,true,2013-10-03 03:57:00.000,16.48827,-18.94733,"Halali-Agab",-9999.0,"gps","Loxodonta africana","Etosha1","Etosha1","African elephant - Namibia (Kilian)"
20661336104,true,2013-10-03 04:57:00.000,16.48835,-18.94735,"Halali-Agab",-9999.0,"gps","Loxodonta africana","Etosha1","Etosha1","African elephant - Namibia (Kilian)"
20661336113,true,2013-10-03 05:27:00.000,16.4886,-18.94742,"Halali-Agab",-9999.0,"gps","Loxodonta africana","Etosha1","Etosha1","African elephant - Namibia (Kilian)"
20661336120,true,2013-10-03 05:57:00.000,16.48697,-18.94748,"Halali-Agab",-9999.0,"gps","Loxodonta africana","Etosha1","Etosha1","African elephant - Namibia (Kilian)"
20661336129,true,2013-10-03 06:26:00.000,16.4857,-18.94773,"Halali-Agab",-9999.0,"gps","Loxodonta africana","Etosha1","Etosha1","African elephant - Namibia (Kilian)"
20661336139,true,2013-10-03 06:56:00.000,16.48405,-18.94848,"Halali-Agab",-9999.0,"gps","Loxodonta africana","Etosha1","Etosha1","African elephant - Namibia (Kilian)"
20661336148,true,2013-10-03 07:26:00.000,16.48285,-18.94875,"Halali-Agab",-9999.0,"gps","Loxodonta africana","Etosha1","Etosha1","African elephant - Namibia (Kilian)"
20661336156,true,2013-10-03 07:56:00.000,16.47642,-18.95192,"Halali-Agab",-9999.0,"gps","Loxodonta africana","Etosha1","Etosha1","African elephant - Namibia (Kilian)"
20661336168,true,2013-10-03 08:26:00.000,16.47303,-18.95215,"Halali-Agab",-9999.0,"gps","Loxodonta africana","Etosha1","Etosha1","African elephant - Namibia (Kilian)"
20661336176,true,2013-10-03 08:56:00.000,16.47237,-18.95253,"Halali-Agab",-9999.0,"gps","Loxodonta africana","Etosha1","Etosha1","African elephant - Namibia (Kilian)"
20661336186,true,2013-10-03 09:27:00.000,16.47123,-18.9529,"Halali-Agab",-9999.0,"gps","Loxodonta africana","Etosha1","Etosha1","African elephant - Namibia (Kilian)"
20661336194,true,2013-10-03 09:58:00.000,16.47118,-18.95282,"Halali-Agab",-9999.0,"gps","Loxodonta africana","Etosha1","Etosha1","African elephant - Namibia (Kilian)"
20661336204,true,2013-10-03 10:26:00.000,16.46928,-18.95343,"Halali-Agab",-9999.0,"gps","Loxodonta africana","Etosha1","Etosha1","African elephant - Namibia (Kilian)"
20661336239,true,2013-10-03 12:33:00.000,16.46928,-18.95337,"Halali-Agab",-9999.0,"gps","Loxodonta africana","Etosha1","Etosha1","African elephant - Namibia (Kilian)"
20661336251,true,2013-10-03 13:03:00.000,16.4689,-18.95373,"Halali-Agab",-9999.0,"gps","Loxodonta africana","Etosha1","Etosha1","African elephant - Namibia (Kilian)"
20661336258,true,2013-10-03 13:33:00.000,16.46853,-18.95415,"Halali-Agab",-9999.0,"gps","Loxodonta africana","Etosha1","Etosha1","African elephant - Namibia (Kilian)"
20661336265,true,2013-10-03 14:04:00.000,16.46757,-18.95452,"Halali-Agab",-9999.0,"gps","Loxodonta africana","Etosha1","Etosha1","African elephant - Namibia (Kilian)"
20661336270,true,2013-10-03 14:32:00.000,16.46768,-18.95448,"Halali-Agab",-9999.0,"gps","Loxodonta africana","Etosha1","Etosha1","African elephant - Namibia (Kilian)"
20661336279,true,2013-10-03 15:02:00.000,16.467,-18.95443,"Halali-Agab",-9999.0,"gps","Loxodonta africana","Etosha1","Etosha1","African elephant - Namibia (Kilian)"
20661336286,true,2013-10-03 15:32:00.000,16.46693,-18.95435,"Halali-Agab",-9999.0,"gps","Loxodonta africana","Etosha1","Etosha1","African elephant - Namibia (Kilian)"
20661336296,true,2013-10-03 16:02:00.000,16.46635,-18.95492,"Halali-Agab",-9999.0,"gps","Loxodonta africana","Etosha1","Etosha1","African elephant - Namibia (Kilian)"
20661336304,true,2013-10-03 16:32:00.000,16.46543,-18.95485,"Halali-Agab",-9999.0,"gps","Loxodonta africana","Etosha1","Etosha1","African elephant - Namibia (Kilian)"
20661336313,true,2013-10-03 17:02:00.000,16.46403,-18.95482,"Halali-Agab",-9999.0,"gps","Loxodonta africana","Etosha1","Etosha1","African elephant - Namibia (Kilian)"
20661336320,true,2013-10-03 17:32:00.000,16.46187,-18.95478,"Halali-Agab",-9999.0,"gps","Loxodonta africana","Etosha1","Etosha1","African elephant - Namibia (Kilian)"
20661336328,true,2013-10-03 18:01:00.000,16.45833,-18.95612,"Halali-Agab",-9999.0,"gps","Loxodonta africana","Etosha1","Etosha1","African elephant - Namibia (Kilian)"
20661336338,true,2013-10-03 18:33:00.000,16.45492,-18.95793,"Halali-Agab",-9999.0,"gps","Loxodonta africana","Etosha1","Etosha1","African elephant - Namibia (Kilian)"
20661336349,true,2013-10-03 19:02:00.000,16.4563,-18.95845,"Halali-Agab",-9999.0,"gps","Loxodonta africana","Etosha1","Etosha1","African elephant - Namibia (Kilian)"
20661336357,true,2013-10-03 19:32:00.000,16.4578,-18.95985,"Halali-Agab",-9999.0,"gps","Loxodonta africana","Etosha1","Etosha1","African elephant - Namibia (Kilian)"
20661336367,true,2013-10-03 20:02:00.000,16.45892,-18.96033,"Halali-Agab",-9999.0,"gps","Loxodonta africana","Etosha1","Etosha1","African elephant - Namibia (Kilian)"
20661336375,true,2013-10-03 20:32:00.000,16.45995,-18.96085,"Halali-Agab",-9999.0,"gps","Loxodonta africana","Etosha1","Etosha1","African elephant - Namibia (Kilian)"
20661336385,true,2013-10-03 21:02:00.000,16.46045,-18.96098,"Halali-Agab",-9999.0,"gps","Loxodonta africana","Etosha1","Etosha1","African elephant - Namibia (Kilian)"
20661336392,true,2013-10-03 21:31:00.000,16.46503,-18.95937,"Halali-Agab",-9999.0,"gps","Loxodonta africana","Etosha1","Etosha1","African elephant - Namibia (Kilian)"
20661336403,true,2013-10-03 22:03:00.000,16.4714,-18.96135,"Halali-Agab",-9999.0,"gps","Loxodonta africana","Etosha1","Etosha1","African elephant - Namibia (Kilian)"
20661336411,true,2013-10-03 22:32:00.000,16.47608,-18.96317,"Halali-Agab",-9999.0,"gps","Loxodonta africana","Etosha1","Etosha1","African elephant - Namibia (Kilian)"
20661336423,true,2013-10-03 23:02:00.000,16.47793,-18.9631,"Halali-Agab",-9999.0,"gps","Loxodonta africana","Etosha1","Etosha1","African elephant - Namibia (Kilian)"
20661336430,true,2013-10-03 23:31:00.000,16.48168,-18.96468,"Halali-Agab",-9999.0,"gps","Loxodonta africana","Etosha1","Etosha1","African elephant - Namibia (Kilian)"
20661336440,true,2013-10-04 00:02:00.000,16.48552,-18.96587,"Halali-Agab",-9999.0,"gps","Loxodonta africana","Etosha1","Etosha1","African elephant - Namibia (Kilian)"
20661336448,true,2013-10-04 00:31:00.000,16.48517,-18.96723,"Halali-Agab",-9999.0,"gps","Loxodonta africana","Etosha1","Etosha1","African elephant - Namibia (Kilian)"
20661336458,true,2013-10-04 01:01:00.000,16.48625,-18.97098,"Halali-Agab",-9999.0,"gps","Loxodonta africana","Etosha1","Etosha1","African elephant - Namibia (Kilian)"
20661336467,true,2013-10-04 01:32:00.000,16.48778,-18.97363,"Halali-Agab",-9999.0,"gps","Loxodonta africana","Etosha1","Etosha1","African elephant - Namibia (Kilian)"
20661336478,true,2013-10-04 02:02:00.000,16.48875,-18.97788,"Halali-Agab",-9999.0,"gps","Loxodonta africana","Etosha1","Etosha1","African elephant - Namibia (Kilian)"
20661336486,true,2013-10-04 02:32:00.000,16.4912,-18.98163,"Halali-Agab",-9999.0,"gps","Loxodonta africana","Etosha1","Etosha1","African elephant - Namibia (Kilian)"
20661336497,true,2013-10-04 03:01:00.000,16.4923,-18.9832,"Halali-Agab",-9999.0,"gps","Loxodonta africana","Etosha1","Etosha1","African elephant - Namibia (Kilian)"
20661336505,true,2013-10-04 03:33:00.000,16.49322,-18.98568,"Halali-Agab",-9999.0,"gps","Loxodonta africana","Etosha1","Etosha1","African elephant - Namibia (Kilian)"
20661336514,true,2013-10-04 04:01:00.000,16.49338,-18.98653,"Halali-Agab",-9999.0,"gps","Loxodonta africana","Etosha1","Etosha1","African elephant - Namibia (Kilian)"
20661336521,true,2013-10-04 04:31:00.000,16.49312,-18.98927,"Halali-Agab",-9999.0,"gps","Loxodonta africana","Etosha1","Etosha1","African elephant - Namibia (Kilian)"
20661336532,true,2013-10-04 05:02:00.000,16.49223,-18.98993,"Halali-Agab",-9999.0,"gps","Loxodonta africana","Etosha1","Etosha1","African elephant - Namibia (Kilian)"
20661336540,true,2013-10-04 05:32:00.000,16.49185,-18.99098,"Halali-Agab",-9999.0,"gps","Loxodonta africana","Etosha1","Etosha1","African elephant - Namibia (Kilian)"
20661336549,true,2013-10-04 06:01:00.000,16.4909,-18.99177,"Halali-Agab",-9999.0,"gps","Loxodonta africana","Etosha1","Etosha1","African elephant - Namibia (Kilian)"
20661336558,true,2013-10-04 06:32:00.000,16.49083,-18.99203,"Halali-Agab",-9999.0,"gps","Loxodonta africana","Etosha1","Etosha1","African elephant - Namibia (Kilian)"
20661336569,true,2013-10-04 07:02:00.000,16.49037,-18.99262,"Halali-Agab",-9999.0,"gps","Loxodonta africana","Etosha1","Etosha1","African elephant - Namibia (Kilian)"
20661336576,true,2013-10-04 07:32:00.000,16.48952,-18.9925,"Halali-Agab",-9999.0,"gps","Loxodonta africana","Etosha1","Etosha1","African elephant - Namibia (Kilian)"
20661336587,true,2013-10-04 08:03:00.000,16.4889,-18.99273,"Halali-Agab",-9999.0,"gps","Loxodonta africana","Etosha1","Etosha1","African elephant - Namibia (Kilian)"
20661336595,true,2013-10-04 08:32:00.000,16.48798,-18.99187,"Halali-Agab",-9999.0,"gps","Loxodonta africana","Etosha1","Etosha1","African elephant - Namibia (Kilian)"
20661336606,true,2013-10-04 09:03:00.000,16.48765,-18.991,"Halali-Agab",-9999.0,"gps","Loxodonta africana","Etosha1","Etosha1","African elephant - Namibia (Kilian)"
20661336614,true,2013-10-04 09:33:00.000,16.4877,-18.99068,"Halali-Agab",-9999.0,"gps","Loxodonta africana","Etosha1","Etosha1","African elephant - Namibia (Kilian)"
20661336623,true,2013-10-04 10:03:00.000,16.48713,-18.98972,"Halali-Agab",-9999.0,"gps","Loxodonta africana","Etosha1","Etosha1","African elephant - Namibia (Kilian)"
20661336632,true,2013-10-04 10:33:00.000,16.48718,-18.98983,"Halali-Agab",-9999.0,"gps","Loxodonta africana","Etosha1","Etosha1","African elephant - Namibia (Kilian)"
20661336648,true,2013-10-04 11:33:00.000,16.48712,-18.98975,"Halali-Agab",-9999.0,"gps","Loxodonta africana","Etosha1","Etosha1","African elephant - Namibia (Kilian)"
20661336658,true,2013-10-04 12:03:00.000,16.48713,-18.98903,"Halali-Agab",-9999.0,"gps","Loxodonta africana","Etosha1","Etosha1","African elephant - Namibia (Kilian)"
20661336665,true,2013-10-04 12:33:00.000,16.4868,-18.98898,"Halali-Agab",-9999.0,"gps","Loxodonta africana","Etosha1","Etosha1","African elephant - Namibia (Kilian)"
20661336674,true,2013-10-04 13:03:00.000,16.48683,-18.98913,"Halali-Agab",-9999.0,"gps","Loxodonta africana","Etosha1","Etosha1","African elephant - Namibia (Kilian)"
20661336681,true,2013-10-04 13:33:00.000,16.48678,-18.989,"Halali-Agab",-9999.0,"gps","Loxodonta africana","Etosha1","Etosha1","African elephant - Namibia (Kilian)"
20661336694,true,2013-10-04 14:04:00.000,16.48695,-18.98912,"Halali-Agab",-9999.0,"gps","Loxodonta africana","Etosha1","Etosha1","African elephant - Namibia (Kilian)"
20661336700,true,2013-10-04 14:32:00.000,16.48708,-18.98915,"Halali-Agab",-9999.0,"gps","Loxodonta africana","Etosha1","Etosha1","African elephant - Namibia (Kilian)"
20661336711,true,2013-10-04 15:03:00.000,16.48728,-18.98908,"Halali-Agab",-9999.0,"gps","Loxodonta africana","Etosha1","Etosha1","African elephant - Namibia (Kilian)"
20661336716,true,2013-10-04 15:33:00.000,16.48608,-18.9892,"Halali-Agab",-9999.0,"gps","Loxodonta africana","Etosha1","Etosha1","African elephant - Namibia (Kilian)"
20661336725,true,2013-10-04 16:03:00.000,16.4842,-18.98838,"Halali-Agab",-9999.0,"gps","Loxodonta africana","Etosha1","Etosha1","African elephant - Namibia (Kilian)"
20661336733,true,2013-10-04 16:33:00.000,16.48415,-18.98837,"Halali-Agab",-9999.0,"gps","Loxodonta africana","Etosha1","Etosha1","African elephant - Namibia (Kilian)"
20661336743,true,2013-10-04 17:03:00.000,16.48347,-18.98823,"Halali-Agab",-9999.0,"gps","Loxodonta africana","Etosha1","Etosha1","African elephant - Namibia (Kilian)"
20661336750,true,2013-10-04 17:32:00.000,16.48343,-18.98457,"Halali-Agab",-9999.0,"gps","Loxodonta africana","Etosha1","Etosha1","African elephant - Namibia (Kilian)"
20661336762,true,2013-10-04 18:02:00.000,16.48295,-18.9775,"Halali-Agab",-9999.0,"gps","Loxodonta africana","Etosha1","Etosha1","African elephant - Namibia (Kilian)"
20661336770,true,2013-10-04 18:33:00.000,16.48398,-18.97142,"Halali-Agab",-9999.0,"gps","Loxodonta africana","Etosha1","Etosha1","African elephant - Namibia (Kilian)"
20661336782,true,2013-10-04 19:03:00.000,16.48567,-18.96575,"Halali-Agab",-9999.0,"gps","Loxodonta africana","Etosha1","Etosha1","African elephant - Namibia (Kilian)"
20661336797,true,2013-10-04 20:01:00.000,16.4885,-18.9626,"Halali-Agab",-9999.0,"gps","Loxodonta africana","Etosha1","Etosha1","African elephant - Namibia (Kilian)"
20661336805,true,2013-10-04 20:29:00.000,16.49185,-18.95923,"Halali-Agab",-9999.0,"gps","Loxodonta africana","Etosha1","Etosha1","African elephant - Namibia (Kilian)"
20661336815,true,2013-10-04 21:01:00.000,16.4931,-18.957,"Halali-Agab",-9999.0,"gps","Loxodonta africana","Etosha1","Etosha1","African elephant - Namibia (Kilian)"
20661336823,true,2013-10-04 21:29:00.000,16.49367,-18.95662,"Halali-Agab",-9999.0,"gps","Loxodonta africana","Etosha1","Etosha1","African elephant - Namibia (Kilian)"
20661336831,true,2013-10-04 21:59:00.000,16.49578,-18.95648,"Halali-Agab",-9999.0,"gps","Loxodonta africana","Etosha1","Etosha1","African elephant - Namibia (Kilian)"
20661336841,true,2013-10-04 22:30:00.000,16.50387,-18.95578,"Halali-Agab",-9999.0,"gps","Loxodonta africana","Etosha1","Etosha1","African elephant - Namibia (Kilian)"
20661336851,true,2013-10-04 23:00:00.000,16.5062,-18.9562,"Halali-Agab",-9999.0,"gps","Loxodonta africana","Etosha1","Etosha1","African elephant - Namibia (Kilian)"
20661336861,true,2013-10-04 23:30:00.000,16.50598,-18.956,"Halali-Agab",-9999.0,"gps","Loxodonta africana","Etosha1","Etosha1","African elephant - Namibia (Kilian)"
20661336870,true,2013-10-05 00:00:00.000,16.50767,-18.95718,"Halali-Agab",-9999.0,"gps","Loxodonta africana","Etosha1","Etosha1","African elephant - Namibia (Kilian)"
20661336880,true,2013-10-05 00:30:00.000,16.50597,-18.95595,"Halali-Agab",-9999.0,"gps","Loxodonta africana","Etosha1","Etosha1","African elephant - Namibia (Kilian)"
20661336887,true,2013-10-05 00:59:00.000,16.50627,-18.9629,"Halali-Agab",-9999.0,"gps","Loxodonta africana","Etosha1","Etosha1","African elephant - Namibia (Kilian)"
20661336897,true,2013-10-05 01:30:00.000,16.50557,-18.97092,"Halali-Agab",-9999.0,"gps","Loxodonta africana","Etosha1","Etosha1","African elephant - Namibia (Kilian)"
20661336907,true,2013-10-05 02:00:00.000,16.50738,-18.97677,"Halali-Agab",-9999.0,"gps","Loxodonta africana","Etosha1","Etosha1","African elephant - Namibia (Kilian)"
20661336916,true,2013-10-05 02:31:00.000,16.50888,-18.97868,"Halali-Agab",-9999.0,"gps","Loxodonta africana","Etosha1","Etosha1","African elephant - Namibia (Kilian)"
20661336925,true,2013-10-05 02:59:00.000,16.50967,-18.97937,"Halali-Agab",-9999.0,"gps","Loxodonta africana","Etosha1","Etosha1","African elephant - Namibia (Kilian)"
20661336936,true,2013-10-05 03:30:00.000,16.51003,-18.98015,"Halali-Agab",-9999.0,"gps","Loxodonta africana","Etosha1","Etosha1","African elephant - Namibia (Kilian)"
20661336944,true,2013-10-05 04:00:00.000,16.51117,-18.98107,"Halali-Agab",-9999.0,"gps","Loxodonta africana","Etosha1","Etosha1","African elephant - Namibia (Kilian)"
20661336953,true,2013-10-05 04:30:00.000,16.51133,-18.98147,"Halali-Agab",-9999.0,"gps","Loxodonta africana","Etosha1","Etosha1","African elephant - Namibia (Kilian)"
20661336960,true,2013-10-05 04:59:00.000,16.51195,-18.98207,"Halali-Agab",-9999.0,"gps","Loxodonta africana","Etosha1","Etosha1","African elephant - Namibia (Kilian)"
20661336971,true,2013-10-05 05:30:00.000,16.51127,-18.9827,"Halali-Agab",-9999.0,"gps","Loxodonta africana","Etosha1","Etosha1","African elephant - Namibia (Kilian)"
20661336981,true,2013-10-05 06:00:00.000,16.511,-18.98292,"Halali-Agab",-9999.0,"gps","Loxodonta africana","Etosha1","Etosha1","African elephant - Namibia (Kilian)"
20661336989,true,2013-10-05 06:29:00.000,16.51095,-18.98292,"Halali-Agab",-9999.0,"gps","Loxodonta africana","Etosha1","Etosha1","African elephant - Namibia (Kilian)"
20661337000,true,2013-10-05 07:00:00.000,16.51073,-18.98295,"Halali-Agab",-9999.0,"gps","Loxodonta africana","Etosha1","Etosha1","African elephant - Namibia (Kilian)"
20661337007,true,2013-10-05 07:30:00.000,16.50975,-18.98667,"Halali-Agab",-9999.0,"gps","Loxodonta africana","Etosha1","Etosha1","African elephant - Namibia (Kilian)"
20661337016,true,2013-10-05 07:59:00.000,16.50902,-18.98813,"Halali-Agab",-9999.0,"gps","Loxodonta africana","Etosha1","Etosha1","African elephant - Namibia (Kilian)"
20661337026,true,2013-10-05 08:29:00.000,16.50807,-18.99013,"Halali-Agab",-9999.0,"gps","Loxodonta africana","Etosha1","Etosha1","African elephant - Namibia (Kilian)"
20661337036,true,2013-10-05 09:00:00.000,16.50613,-18.99047,"Halali-Agab",-9999.0,"gps","Loxodonta africana","Etosha1","Etosha1","African elephant - Namibia (Kilian)"
20661337046,true,2013-10-05 09:30:00.000,16.50558,-18.98963,"Halali-Agab",-9999.0,"gps","Loxodonta africana","Etosha1","Etosha1","African elephant - Namibia (Kilian)"
20661337054,true,2013-10-05 10:01:00.000,16.50367,-18.98622,"Halali-Agab",-9999.0,"gps","Loxodonta africana","Etosha1","Etosha1","African elephant - Namibia (Kilian)"
20661337061,true,2013-10-05 10:30:00.000,16.50353,-18.9848,"Halali-Agab",-9999.0,"gps","Loxodonta africana","Etosha1","Etosha1","African elephant - Namibia (Kilian)"
20661337068,true,2013-10-05 11:00:00.000,16.50475,-18.98395,"Halali-Agab",-9999.0,"gps","Loxodonta africana","Etosha1","Etosha1","African elephant - Namibia (Kilian)"
20661337081,true,2013-10-05 12:01:00.000,16.50547,-18.98437,"Halali-Agab",-9999.0,"gps","Loxodonta africana","Etosha1","Etosha1","African elephant - Namibia (Kilian)"
20661337089,true,2013-10-05 12:30:00.000,16.50545,-18.98442,"Halali-Agab",-9999.0,"gps","Loxodonta africana","Etosha1","Etosha1","African elephant - Namibia (Kilian)"
20661337095,true,2013-10-05 12:59:00.000,16.50517,-18.98455,"Halali-Agab",-9999.0,"gps","Loxodonta africana","Etosha1","Etosha1","African elephant - Namibia (Kilian)"
20661337104,true,2013-10-05 13:29:00.000,16.50533,-18.98448,"Halali-Agab",-9999.0,"gps","Loxodonta africana","Etosha1","Etosha1","African elephant - Namibia (Kilian)"
20661337115,true,2013-10-05 14:01:00.000,16.50552,-18.98442,"Halali-Agab",-9999.0,"gps","Loxodonta africana","Etosha1","Etosha1","African elephant - Namibia (Kilian)"
20661337122,true,2013-10-05 14:31:00.000,16.50557,-18.98437,"Halali-Agab",-9999.0,"gps","Loxodonta africana","Etosha1","Etosha1","African elephant - Namibia (Kilian)"
20661337130,true,2013-10-05 15:00:00.000,16.50552,-18.98442,"Halali-Agab",-9999.0,"gps","Loxodonta africana","Etosha1","Etosha1","African elephant - Namibia (Kilian)"
20661337137,true,2013-10-05 15:30:00.000,16.50532,-18.98438,"Halali-Agab",-9999.0,"gps","Loxodonta africana","Etosha1","Etosha1","African elephant - Namibia (Kilian)"
20661337163,true,2013-10-05 17:08:00.000,16.50727,-18.98487,"Halali-Agab",-9999.0,"gps","Loxodonta africana","Etosha1","Etosha1","African elephant - Namibia (Kilian)"
20661337172,true,2013-10-05 17:37:00.000,16.50523,-18.98217,"Halali-Agab",-9999.0,"gps","Loxodonta africana","Etosha1","Etosha1","African elephant - Namibia (Kilian)"
20661337182,true,2013-10-05 18:07:00.000,16.50353,-18.97938,"Halali-Agab",-9999.0,"gps","Loxodonta africana","Etosha1","Etosha1","African elephant - Namibia (Kilian)"
20661337192,true,2013-10-05 18:37:00.000,16.50362,-18.97767,"Halali-Agab",-9999.0,"gps","Loxodonta africana","Etosha1","Etosha1","African elephant - Namibia (Kilian)"
20661337202,true,2013-10-05 19:07:00.000,16.5048,-18.97648,"Halali-Agab",-9999.0,"gps","Loxodonta africana","Etosha1","Etosha1","African elephant - Namibia (Kilian)"
20661337210,true,2013-10-05 19:37:00.000,16.505,-18.97503,"Halali-Agab",-9999.0,"gps","Loxodonta africana","Etosha1","Etosha1","African elephant - Namibia (Kilian)"
20661337219,true,2013-10-05 20:07:00.000,16.5048,-18.97447,"Halali-Agab",-9999.0,"gps","Loxodonta africana","Etosha1","Etosha1","African elephant - Namibia (Kilian)"
20661337229,true,2013-10-05 20:37:00.000,16.5039,-18.97463,"Halali-Agab",-9999.0,"gps","Loxodonta africana","Etosha1","Etosha1","African elephant - Namibia (Kilian)"
20661337238,true,2013-10-05 21:07:00.000,16.50208,-18.97447,"Halali-Agab",-9999.0,"gps","Loxodonta africana","Etosha1","Etosha1","African elephant - Namibia (Kilian)"
20661337247,true,2013-10-05 21:38:00.000,16.5001,-18.97423,"Halali-Agab",-9999.0,"gps","Loxodonta africana","Etosha1","Etosha1","African elephant - Namibia (Kilian)"
20661337256,true,2013-10-05 22:07:00.000,16.49933,-18.9729,"Halali-Agab",-9999.0,"gps","Loxodonta africana","Etosha1","Etosha1","African elephant - Namibia (Kilian)"
20661337266,true,2013-10-05 22:37:00.000,16.49873,-18.97212,"Halali-Agab",-9999.0,"gps","Loxodonta africana","Etosha1","Etosha1","African elephant - Namibia (Kilian)"
20661337276,true,2013-10-05 23:07:00.000,16.49848,-18.97295,"Halali-Agab",-9999.0,"gps","Loxodonta africana","Etosha1","Etosha1","African elephant - Namibia (Kilian)"
20661337285,true,2013-10-05 23:37:00.000,16.49622,-18.97467,"Halali-Agab",-9999.0,"gps","Loxodonta africana","Etosha1","Etosha1","African elephant - Namibia (Kilian)"
20661337295,true,2013-10-06 00:07:00.000,16.49445,-18.97828,"Halali-Agab",-9999.0,"gps","Loxodonta africana","Etosha1","Etosha1","African elephant - Namibia (Kilian)"
20661337305,true,2013-10-06 00:37:00.000,16.49425,-18.98563,"Halali-Agab",-9999.0,"gps","Loxodonta africana","Etosha1","Etosha1","African elephant - Namibia (Kilian)"
20661337313,true,2013-10-06 01:07:00.000,16.49642,-18.99068,"Halali-Agab",-9999.0,"gps","Loxodonta africana","Etosha1","Etosha1","African elephant - Namibia (Kilian)"
20661337321,true,2013-10-06 01:37:00.000,16.49782,-18.99427,"Halali-Agab",-9999.0,"gps","Loxodonta africana","Etosha1","Etosha1","African elephant - Namibia (Kilian)"
20661337332,true,2013-10-06 02:08:00.000,16.50008,-18.99668,"Halali-Agab",-9999.0,"gps","Loxodonta africana","Etosha1","Etosha1","African elephant - Namibia (Kilian)"
20661337341,true,2013-10-06 02:37:00.000,16.50138,-18.99772,"Halali-Agab",-9999.0,"gps","Loxodonta africana","Etosha1","Etosha1","African elephant - Namibia (Kilian)"
20661337351,true,2013-10-06 03:07:00.000,16.50293,-18.9983,"Halali-Agab",-9999.0,"gps","Loxodonta africana","Etosha1","Etosha1","African elephant - Namibia (Kilian)"
20661337360,true,2013-10-06 03:36:00.000,16.5041,-18.99982,"Halali-Agab",-9999.0,"gps","Loxodonta africana","Etosha1","Etosha1","African elephant - Namibia (Kilian)"
20661337368,true,2013-10-06 04:08:00.000,16.50458,-19.00197,"Halali-Agab",-9999.0,"gps","Loxodonta africana","Etosha1","Etosha1","African elephant - Namibia (Kilian)"
20661337376,true,2013-10-06 04:37:00.000,16.50387,-19.00253,"Halali-Agab",-9999.0,"gps","Loxodonta africana","Etosha1","Etosha1","African elephant - Namibia (Kilian)"
20661337384,true,2013-10-06 05:08:00.000,16.50362,-19.0025,"Halali-Agab",-9999.0,"gps","Loxodonta africana","Etosha1","Etosha1","African elephant - Namibia (Kilian)"
20661337392,true,2013-10-06 05:37:00.000,16.5035,-19.00257,"Halali-Agab",-9999.0,"gps","Loxodonta africana","Etosha1","Etosha1","African elephant - Namibia (Kilian)"
20661337401,true,2013-10-06 06:07:00.000,16.50285,-19.00312,"Halali-Agab",-9999.0,"gps","Loxodonta africana","Etosha1","Etosha1","African elephant - Namibia (Kilian)"
20661337420,true,2013-10-06 07:07:00.000,16.50505,-19.00352,"Halali-Agab",-9999.0,"gps","Loxodonta africana","Etosha1","Etosha1","African elephant - Namibia (Kilian)"
20661337428,true,2013-10-06 07:37:00.000,16.50705,-19.00238,"Halali-Agab",-9999.0,"gps","Loxodonta africana","Etosha1","Etosha1","African elephant - Namibia (Kilian)"
20661337437,true,2013-10-06 08:07:00.000,16.51013,-18.99885,"Halali-Agab",-9999.0,"gps","Loxodonta africana","Etosha1","Etosha1","African elephant - Namibia (Kilian)"
20661337447,true,2013-10-06 08:37:00.000,16.51103,-18.9969,"Halali-Agab",-9999.0,"gps","Loxodonta africana","Etosha1","Etosha1","African elephant - Namibia (Kilian)"
20661337456,true,2013-10-06 09:07:00.000,16.51157,-18.99655,"Halali-Agab",-9999.0,"gps","Loxodonta africana","Etosha1","Etosha1","African elephant - Namibia (Kilian)"
20661337464,true,2013-10-06 09:37:00.000,16.5118,-18.99738,"Halali-Agab",-9999.0,"gps","Loxodonta africana","Etosha1","Etosha1","African elephant - Namibia (Kilian)"
20661337472,true,2013-10-06 10:07:00.000,16.51245,-18.99772,"Halali-Agab",-9999.0,"gps","Loxodonta africana","Etosha1","Etosha1","African elephant - Namibia (Kilian)"
20661337479,true,2013-10-06 10:38:00.000,16.51218,-18.99745,"Halali-Agab",-9999.0,"gps","Loxodonta africana","Etosha1","Etosha1","African elephant - Namibia (Kilian)"
20661337486,true,2013-10-06 11:07:00.000,16.5124,-18.9975,"Halali-Agab",-9999.0,"gps","Loxodonta africana","Etosha1","Etosha1","African elephant - Namibia (Kilian)"
20661337493,true,2013-10-06 11:37:00.000,16.51227,-18.99748,"Halali-Agab",-9999.0,"gps","Loxodonta africana","Etosha1","Etosha1","African elephant - Namibia (Kilian)"
20661337501,true,2013-10-06 12:07:00.000,16.51302,-18.99792,"Halali-Agab",-9999.0,"gps","Loxodonta africana","Etosha1","Etosha1","African elephant - Namibia (Kilian)"
20661337509,true,2013-10-06 12:39:00.000,16.51288,-18.99727,"Halali-Agab",-9999.0,"gps","Loxodonta africana","Etosha1","Etosha1","African elephant - Namibia (Kilian)"
20661337515,true,2013-10-06 13:07:00.000,16.51258,-18.9974,"Halali-Agab",-9999.0,"gps","Loxodonta africana","Etosha1","Etosha1","African elephant - Namibia (Kilian)"
20661337521,true,2013-10-06 13:37:00.000,16.5126,-18.99748,"Halali-Agab",-9999.0,"gps","Loxodonta africana","Etosha1","Etosha1","African elephant - Namibia (Kilian)"
20661337526,true,2013-10-06 14:08:00.000,16.51253,-18.99733,"Halali-Agab",-9999.0,"gps","Loxodonta africana","Etosha1","Etosha1","African elephant - Namibia (Kilian)"
20661337530,true,2013-10-06 14:37:00.000,16.51293,-18.9975,"Halali-Agab",-9999.0,"gps","Loxodonta africana","Etosha1","Etosha1","African elephant - Namibia (Kilian)"
20661337533,true,2013-10-06 15:07:00.000,16.51287,-18.99745,"Halali-Agab",-9999.0,"gps","Loxodonta africana","Etosha1","Etosha1","African elephant - Namibia (Kilian)"
20661337538,true,2013-10-06 15:37:00.000,16.51282,-18.99738,"Halali-Agab",-9999.0,"gps","Loxodonta africana","Etosha1","Etosha1","African elephant - Namibia (Kilian)"
20661337543,true,2013-10-06 16:08:00.000,16.51268,-18.99788,"Halali-Agab",-9999.0,"gps","Loxodonta africana","Etosha1","Etosha1","African elephant - Namibia (Kilian)"
20661337551,true,2013-10-06 16:37:00.000,16.51267,-18.99787,"Halali-Agab",-9999.0,"gps","Loxodonta africana","Etosha1","Etosha1","African elephant - Namibia (Kilian)"
20661337558,true,2013-10-06 17:07:00.000,16.51672,-18.99925,"Halali-Agab",-9999.0,"gps","Loxodonta africana","Etosha1","Etosha1","African elephant - Namibia (Kilian)"
20661337566,true,2013-10-06 17:37:00.000,16.51977,-18.99723,"Halali-Agab",-9999.0,"gps","Loxodonta africana","Etosha1","Etosha1","African elephant - Namibia (Kilian)"
20661337576,true,2013-10-06 18:07:00.000,16.5243,-18.99602,"Halali-Agab",-9999.0,"gps","Loxodonta africana","Etosha1","Etosha1","African elephant - Namibia (Kilian)"
20661337585,true,2013-10-06 18:37:00.000,16.5332,-18.99362,"Halali-Agab",-9999.0,"gps","Loxodonta africana","Etosha1","Etosha1","African elephant - Namibia (Kilian)"
20661337595,true,2013-10-06 19:07:00.000,16.54012,-18.99113,"Halali-Agab",-9999.0,"gps","Loxodonta africana","Etosha1","Etosha1","African elephant - Namibia (Kilian)"
20661337604,true,2013-10-06 19:37:00.000,16.54972,-18.99077,"Halali-Agab",-9999.0,"gps","Loxodonta africana","Etosha1","Etosha1","African elephant - Namibia (Kilian)"
20661337613,true,2013-10-06 20:07:00.000,16.558,-18.99047,"Halali-Agab",-9999.0,"gps","Loxodonta africana","Etosha1","Etosha1","African elephant - Namibia (Kilian)"
20661337623,true,2013-10-06 20:37:00.000,16.55778,-18.99028,"Halali-Agab",-9999.0,"gps","Loxodonta africana","Etosha1","Etosha1","African elephant - Namibia (Kilian)"
20661337632,true,2013-10-06 21:07:00.000,16.5591,-18.98745,"Halali-Agab",-9999.0,"gps","Loxodonta africana","Etosha1","Etosha1","African elephant - Namibia (Kilian)"
20661337641,true,2013-10-06 21:37:00.000,16.5619,-18.98302,"Halali-Agab",-9999.0,"gps","Loxodonta africana","Etosha1","Etosha1","African elephant - Namibia (Kilian)"
20661337651,true,2013-10-06 22:07:00.000,16.5663,-18.97763,"Halali-Agab",-9999.0,"gps","Loxodonta africana","Etosha1","Etosha1","African elephant - Namibia (Kilian)"
20661337661,true,2013-10-06 22:37:00.000,16.5683,-18.9764,"Halali-Agab",-9999.0,"gps","Loxodonta africana","Etosha1","Etosha1","African elephant - Namibia (Kilian)"
20661337671,true,2013-10-06 23:07:00.000,16.56987,-18.97377,"Halali-Agab",-9999.0,"gps","Loxodonta africana","Etosha1","Etosha1","African elephant - Namibia (Kilian)"
20661337680,true,2013-10-06 23:37:00.000,16.5702,-18.97202,"Halali-Agab",-9999.0,"gps","Loxodonta africana","Etosha1","Etosha1","African elephant - Namibia (Kilian)"
20661337689,true,2013-10-07 00:07:00.000,16.5709,-18.96912,"Halali-Agab",-9999.0,"gps","Loxodonta africana","Etosha1","Etosha1","African elephant - Namibia (Kilian)"
20661337699,true,2013-10-07 00:37:00.000,16.57027,-18.9679,"Halali-Agab",-9999.0,"gps","Loxodonta africana","Etosha1","Etosha1","African elephant - Namibia (Kilian)"
20661337707,true,2013-10-07 01:07:00.000,16.56957,-18.96703,"Halali-Agab",-9999.0,"gps","Loxodonta africana","Etosha1","Etosha1","African elephant - Namibia (Kilian)"
20661337714,true,2013-10-07 01:37:00.000,16.56942,-18.96558,"Halali-Agab",-9999.0,"gps","Loxodonta africana","Etosha1","Etosha1","African elephant - Namibia (Kilian)"
20661337722,true,2013-10-07 02:07:00.000,16.5719,-18.96342,"Halali-Agab",-9999.0,"gps","Loxodonta africana","Etosha1","Etosha1","African elephant - Namibia (Kilian)"
20661337732,true,2013-10-07 02:37:00.000,16.57495,-18.9616,"Halali-Agab",-9999.0,"gps","Loxodonta africana","Etosha1","Etosha1","African elephant - Namibia (Kilian)"
20661337742,true,2013-10-07 03:07:00.000,16.5772,-18.96083,"Halali-Agab",-9999.0,"gps","Loxodonta africana","Etosha1","Etosha1","African elephant - Namibia (Kilian)"
20661337751,true,2013-10-07 03:37:00.000,16.57783,-18.96045,"Halali-Agab",-9999.0,"gps","Loxodonta africana","Etosha1","Etosha1","African elephant - Namibia (Kilian)"
20661337760,true,2013-10-07 04:07:00.000,16.57927,-18.95907,"Halali-Agab",-9999.0,"gps","Loxodonta africana","Etosha1","Etosha1","African elephant - Namibia (Kilian)"
20661337769,true,2013-10-07 04:37:00.000,16.57947,-18.95862,"Halali-Agab",-9999.0,"gps","Loxodonta africana","Etosha1","Etosha1","African elephant - Namibia (Kilian)"
20661337776,true,2013-10-07 05:07:00.000,16.57943,-18.95855,"Halali-Agab",-9999.0,"gps","Loxodonta africana","Etosha1","Etosha1","African elephant - Namibia (Kilian)"
20661337784,true,2013-10-07 05:37:00.000,16.57953,-18.9584,"Halali-Agab",-9999.0,"gps","Loxodonta africana","Etosha1","Etosha1","African elephant - Namibia (Kilian)"
20661337793,true,2013-10-07 06:07:00.000,16.58075,-18.95885,"Halali-Agab",-9999.0,"gps","Loxodonta africana","Etosha1","Etosha1","African elephant - Namibia (Kilian)"
20661337802,true,2013-10-07 06:37:00.000,16.58083,-18.95895,"Halali-Agab",-9999.0,"gps","Loxodonta africana","Etosha1","Etosha1","African elephant - Namibia (Kilian)"
20661337811,true,2013-10-07 07:07:00.000,16.58107,-18.9591,"Halali-Agab",-9999.0,"gps","Loxodonta africana","Etosha1","Etosha1","African elephant - Namibia (Kilian)"
20661337818,true,2013-10-07 07:37:00.000,16.58337,-18.95488,"Halali-Agab",-9999.0,"gps","Loxodonta africana","Etosha1","Etosha1","African elephant - Namibia (Kilian)"
20661337827,true,2013-10-07 08:07:00.000,16.58722,-18.95022,"Halali-Agab",-9999.0,"gps","Loxodonta africana","Etosha1","Etosha1","African elephant - Namibia (Kilian)"
20661337836,true,2013-10-07 08:37:00.000,16.5875,-18.94452,"Halali-Agab",-9999.0,"gps","Loxodonta africana","Etosha1","Etosha1","African elephant - Namibia (Kilian)"
20661337844,true,2013-10-07 09:08:00.000,16.58555,-18.94232,"Halali-Agab",-9999.0,"gps","Loxodonta africana","Etosha1","Etosha1","African elephant - Namibia (Kilian)"
20661337852,true,2013-10-07 09:37:00.000,16.5843,-18.9411,"Halali-Agab",-9999.0,"gps","Loxodonta africana","Etosha1","Etosha1","African elephant - Namibia (Kilian)"
20661337861,true,2013-10-07 10:07:00.000,16.58647,-18.93677,"Halali-Agab",-9999.0,"gps","Loxodonta africana","Etosha1","Etosha1","African elephant - Namibia (Kilian)"
20661337870,true,2013-10-07 10:37:00.000,16.58947,-18.93552,"Halali-Agab",-9999.0,"gps","Loxodonta africana","Etosha1","Etosha1","African elephant - Namibia (Kilian)"
20661337880,true,2013-10-07 11:07:00.000,16.59602,-18.93812,"Halali-Agab",-9999.0,"gps","Loxodonta africana","Etosha1","Etosha1","African elephant - Namibia (Kilian)"
20661337887,true,2013-10-07 11:38:00.000,16.60125,-18.93987,"Halali-Agab",-9999.0,"gps","Loxodonta africana","Etosha1","Etosha1","African elephant - Namibia (Kilian)"
20661337894,true,2013-10-07 12:07:00.000,16.60353,-18.94142,"Halali-Agab",-9999.0,"gps","Loxodonta africana","Etosha1","Etosha1","African elephant - Namibia (Kilian)"
20661337903,true,2013-10-07 12:37:00.000,16.609,-18.94468,"Halali-Agab",-9999.0,"gps","Loxodonta africana","Etosha1","Etosha1","African elephant - Namibia (Kilian)"
20661337912,true,2013-10-07 13:07:00.000,16.61263,-18.9475,"Halali-Agab",-9999.0,"gps","Loxodonta africana","Etosha1","Etosha1","African elephant - Namibia (Kilian)"
20661337920,true,2013-10-07 13:37:00.000,16.61363,-18.949,"Halali-Agab",-9999.0,"gps","Loxodonta africana","Etosha1","Etosha1","African elephant - Namibia (Kilian)"
20661337929,true,2013-10-07 14:07:00.000,16.61578,-18.95032,"Halali-Agab",-9999.0,"gps","Loxodonta africana","Etosha1","Etosha1","African elephant - Namibia (Kilian)"
20661337938,true,2013-10-07 14:37:00.000,16.61742,-18.95017,"Halali-Agab",-9999.0,"gps","Loxodonta africana","Etosha1","Etosha1","African elephant - Namibia (Kilian)"
20661337947,true,2013-10-07 15:07:00.000,16.61935,-18.95072,"Halali-Agab",-9999.0,"gps","Loxodonta africana","Etosha1","Etosha1","African elephant - Namibia (Kilian)"
20661337955,true,2013-10-07 15:38:00.000,16.61892,-18.95245,"Halali-Agab",-9999.0,"gps","Loxodonta africana","Etosha1","Etosha1","African elephant - Namibia (Kilian)"
20661337964,true,2013-10-07 16:07:00.000,16.61893,-18.95335,"Halali-Agab",-9999.0,"gps","Loxodonta africana","Etosha1","Etosha1","African elephant - Namibia (Kilian)"
20661337973,true,2013-10-07 16:37:00.000,16.61923,-18.95382,"Halali-Agab",-9999.0,"gps","Loxodonta africana","Etosha1","Etosha1","African elephant - Namibia (Kilian)"
20661337981,true,2013-10-07 17:08:00.000,16.61963,-18.95457,"Halali-Agab",-9999.0,"gps","Loxodonta africana","Etosha1","Etosha1","African elephant - Namibia (Kilian)"
20661337989,true,2013-10-07 17:37:00.000,16.6213,-18.9569,"Halali-Agab",-9999.0,"gps","Loxodonta africana","Etosha1","Etosha1","African elephant - Namibia (Kilian)"
20661337997,true,2013-10-07 18:07:00.000,16.6251,-18.95835,"Halali-Agab",-9999.0,"gps","Loxodonta africana","Etosha1","Etosha1","African elephant - Namibia (Kilian)"
20661338006,true,2013-10-07 18:37:00.000,16.62813,-18.95927,"Halali-Agab",-9999.0,"gps","Loxodonta africana","Etosha1","Etosha1","African elephant - Namibia (Kilian)"
20661338016,true,2013-10-07 19:07:00.000,16.62902,-18.95995,"Halali-Agab",-9999.0,"gps","Loxodonta africana","Etosha1","Etosha1","African elephant - Namibia (Kilian)"
20661338025,true,2013-10-07 19:37:00.000,16.63005,-18.96027,"Halali-Agab",-9999.0,"gps","Loxodonta africana","Etosha1","Etosha1","African elephant - Namibia (Kilian)"
20661338034,true,2013-10-07 20:07:00.000,16.6306,-18.96022,"Halali-Agab",-9999.0,"gps","Loxodonta africana","Etosha1","Etosha1","African elephant - Namibia (Kilian)"
20661338043,true,2013-10-07 20:37:00.000,16.63083,-18.96005,"Halali-Agab",-9999.0,"gps","Loxodonta africana","Etosha1","Etosha1","African elephant - Namibia (Kilian)"
20661338051,true,2013-10-07 21:07:00.000,16.63108,-18.95998,"Halali-Agab",-9999.0,"gps","Loxodonta africana","Etosha1","Etosha1","African elephant - Namibia (Kilian)"
20661338060,true,2013-10-07 21:37:00.000,16.63072,-18.9602,"Halali-Agab",-9999.0,"gps","Loxodonta africana","Etosha1","Etosha1","African elephant - Namibia (Kilian)"
20661338071,true,2013-10-07 22:08:00.000,16.63103,-18.96007,"Halali-Agab",-9999.0,"gps","Loxodonta africana","Etosha1","Etosha1","African elephant - Namibia (Kilian)"
20661338080,true,2013-10-07 22:37:00.000,16.63097,-18.96007,"Halali-Agab",-9999.0,"gps","Loxodonta africana","Etosha1","Etosha1","African elephant - Namibia (Kilian)"
20661338090,true,2013-10-07 23:07:00.000,16.63315,-18.95937,"Halali-Agab",-9999.0,"gps","Loxodonta africana","Etosha1","Etosha1","African elephant - Namibia (Kilian)"
20661338099,true,2013-10-07 23:37:00.000,16.63545,-18.95927,"Halali-Agab",-9999.0,"gps","Loxodonta africana","Etosha1","Etosha1","African elephant - Namibia (Kilian)"
20661338108,true,2013-10-08 00:07:00.000,16.63622,-18.9589,"Halali-Agab",-9999.0,"gps","Loxodonta africana","Etosha1","Etosha1","African elephant - Namibia (Kilian)"
20661338118,true,2013-10-08 00:37:00.000,16.63805,-18.95968,"Halali-Agab",-9999.0,"gps","Loxodonta africana","Etosha1","Etosha1","African elephant - Namibia (Kilian)"
20661338127,true,2013-10-08 01:07:00.000,16.63963,-18.96092,"Halali-Agab",-9999.0,"gps","Loxodonta africana","Etosha1","Etosha1","African elephant - Namibia (Kilian)"
20661338135,true,2013-10-08 01:37:00.000,16.64345,-18.96358,"Halali-Agab",-9999.0,"gps","Loxodonta africana","Etosha1","Etosha1","African elephant - Namibia (Kilian)"
20661338144,true,2013-10-08 02:08:00.000,16.64672,-18.96615,"Halali-Agab",-9999.0,"gps","Loxodonta africana","Etosha1","Etosha1","African elephant - Namibia (Kilian)"
20661338154,true,2013-10-08 02:37:00.000,16.65043,-18.96945,"Halali-Agab",-9999.0,"gps","Loxodonta africana","Etosha1","Etosha1","African elephant - Namibia (Kilian)"
20661338164,true,2013-10-08 03:07:00.000,16.65457,-18.97303,"Halali-Agab",-9999.0,"gps","Loxodonta africana","Etosha1","Etosha1","African elephant - Namibia (Kilian)"
20661338172,true,2013-10-08 03:37:00.000,16.65568,-18.9747,"Halali-Agab",-9999.0,"gps","Loxodonta africana","Etosha1","Etosha1","African elephant - Namibia (Kilian)"
20661338180,true,2013-10-08 04:07:00.000,16.65473,-18.975,"Halali-Agab",-9999.0,"gps","Loxodonta africana","Etosha1","Etosha1","African elephant - Namibia (Kilian)"
20661338187,true,2013-10-08 04:37:00.000,16.65067,-18.97575,"Halali-Agab",-9999.0,"gps","Loxodonta africana","Etosha1","Etosha1","African elephant - Namibia (Kilian)"
20661338195,true,2013-10-08 05:07:00.000,16.64838,-18.97642,"Halali-Agab",-9999.0,"gps","Loxodonta africana","Etosha1","Etosha1","African elephant - Namibia (Kilian)"
20661338203,true,2013-10-08 05:37:00.000,16.64607,-18.97797,"Halali-Agab",-9999.0,"gps","Loxodonta africana","Etosha1","Etosha1","African elephant - Namibia (Kilian)"
20661338213,true,2013-10-08 06:07:00.000,16.64497,-18.97853,"Halali-Agab",-9999.0,"gps","Loxodonta africana","Etosha1","Etosha1","African elephant - Namibia (Kilian)"
20661338223,true,2013-10-08 06:37:00.000,16.64245,-18.97747,"Halali-Agab",-9999.0,"gps","Loxodonta africana","Etosha1","Etosha1","African elephant - Namibia (Kilian)"
20661338232,true,2013-10-08 07:07:00.000,16.63667,-18.97237,"Halali-Agab",-9999.0,"gps","Loxodonta africana","Etosha1","Etosha1","African elephant - Namibia (Kilian)"
20661338240,true,2013-10-08 07:37:00.000,16.63483,-18.96988,"Halali-Agab",-9999.0,"gps","Loxodonta africana","Etosha1","Etosha1","African elephant - Namibia (Kilian)"
20661338249,true,2013-10-08 08:07:00.000,16.63353,-18.9674,"Halali-Agab",-9999.0,"gps","Loxodonta africana","Etosha1","Etosha1","African elephant - Namibia (Kilian)"
20661338259,true,2013-10-08 08:38:00.000,16.63278,-18.96473,"Halali-Agab",-9999.0,"gps","Loxodonta africana","Etosha1","Etosha1","African elephant - Namibia (Kilian)"
20661338268,true,2013-10-08 09:07:00.000,16.6315,-18.96353,"Halali-Agab",-9999.0,"gps","Loxodonta africana","Etosha1","Etosha1","African elephant - Namibia (Kilian)"
20661338315,true,2013-10-08 12:18:00.000,16.62017,-18.95472,"Halali-Agab",-9999.0,"gps","Loxodonta africana","Etosha1","Etosha1","African elephant - Namibia (Kilian)"
20661338325,true,2013-10-08 12:46:00.000,16.61862,-18.95475,"Halali-Agab",-9999.0,"gps","Loxodonta africana","Etosha1","Etosha1","African elephant - Namibia (Kilian)"
20661338331,true,2013-10-08 13:17:00.000,16.6188,-18.95533,"Halali-Agab",-9999.0,"gps","Loxodonta africana","Etosha1","Etosha1","African elephant - Namibia (Kilian)"
20661338341,true,2013-10-08 13:47:00.000,16.6198,-18.95568,"Halali-Agab",-9999.0,"gps","Loxodonta africana","Etosha1","Etosha1","African elephant - Namibia (Kilian)"
20661338357,true,2013-10-08 14:48:00.000,16.61962,-18.95717,"Halali-Agab",-9999.0,"gps","Loxodonta africana","Etosha1","Etosha1","African elephant - Namibia (Kilian)"
20661338363,true,2013-10-08 15:16:00.000,16.6198,-18.95768,"Halali-Agab",-9999.0,"gps","Loxodonta africana","Etosha1","Etosha1","African elephant - Namibia (Kilian)"
20661338371,true,2013-10-08 15:47:00.000,16.61905,-18.95788,"Halali-Agab",-9999.0,"gps","Loxodonta africana","Etosha1","Etosha1","African elephant - Namibia (Kilian)"
20661338379,true,2013-10-08 16:17:00.000,16.61893,-18.95835,"Halali-Agab",-9999.0,"gps","Loxodonta africana","Etosha1","Etosha1","African elephant - Namibia (Kilian)"
20661338389,true,2013-10-08 16:46:00.000,16.61915,-18.95862,"Halali-Agab",-9999.0,"gps","Loxodonta africana","Etosha1","Etosha1","African elephant - Namibia (Kilian)"
20661338397,true,2013-10-08 17:16:00.000,16.61985,-18.95867,"Halali-Agab",-9999.0,"gps","Loxodonta africana","Etosha1","Etosha1","African elephant - Namibia (Kilian)"
20661338408,true,2013-10-08 17:47:00.000,16.61992,-18.9593,"Halali-Agab",-9999.0,"gps","Loxodonta africana","Etosha1","Etosha1","African elephant - Namibia (Kilian)"
20661338416,true,2013-10-08 18:16:00.000,16.62002,-18.95938,"Halali-Agab",-9999.0,"gps","Loxodonta africana","Etosha1","Etosha1","African elephant - Namibia (Kilian)"
20661338427,true,2013-10-08 18:46:00.000,16.62002,-18.95885,"Halali-Agab",-9999.0,"gps","Loxodonta africana","Etosha1","Etosha1","African elephant - Namibia (Kilian)"
20661338436,true,2013-10-08 19:17:00.000,16.62228,-18.95743,"Halali-Agab",-9999.0,"gps","Loxodonta africana","Etosha1","Etosha1","African elephant - Namibia (Kilian)"
20661338447,true,2013-10-08 19:47:00.000,16.62343,-18.95692,"Halali-Agab",-9999.0,"gps","Loxodonta africana","Etosha1","Etosha1","African elephant - Namibia (Kilian)"
20661338455,true,2013-10-08 20:17:00.000,16.6257,-18.9617,"Halali-Agab",-9999.0,"gps","Loxodonta africana","Etosha1","Etosha1","African elephant - Namibia (Kilian)"
20661338466,true,2013-10-08 20:47:00.000,16.62603,-18.9647,"Halali-Agab",-9999.0,"gps","Loxodonta africana","Etosha1","Etosha1","African elephant - Namibia (Kilian)"
20661338473,true,2013-10-08 21:16:00.000,16.62658,-18.96648,"Halali-Agab",-9999.0,"gps","Loxodonta africana","Etosha1","Etosha1","African elephant - Namibia (Kilian)"
20661338484,true,2013-10-08 21:47:00.000,16.6267,-18.9667,"Halali-Agab",-9999.0,"gps","Loxodonta africana","Etosha1","Etosha1","African elephant - Namibia (Kilian)"
20661338492,true,2013-10-08 22:17:00.000,16.62763,-18.96915,"Halali-Agab",-9999.0,"gps","Loxodonta africana","Etosha1","Etosha1","African elephant - Namibia (Kilian)"
20661338503,true,2013-10-08 22:47:00.000,16.62913,-18.97017,"Halali-Agab",-9999.0,"gps","Loxodonta africana","Etosha1","Etosha1","African elephant - Namibia (Kilian)"
20661338510,true,2013-10-08 23:17:00.000,16.62895,-18.9703,"Halali-Agab",-9999.0,"gps","Loxodonta africana","Etosha1","Etosha1","African elephant - Namibia (Kilian)"
20661338518,true,2013-10-08 23:46:00.000,16.62907,-18.97015,"Halali-Agab",-9999.0,"gps","Loxodonta africana","Etosha1","Etosha1","African elephant - Namibia (Kilian)"
20661338533,true,2013-10-09 00:34:00.000,16.62977,-18.9695,"Halali-Agab",-9999.0,"gps","Loxodonta africana","Etosha1","Etosha1","African elephant - Namibia (Kilian)"
20661338542,true,2013-10-09 01:03:00.000,16.6297,-18.96952,"Halali-Agab",-9999.0,"gps","Loxodonta africana","Etosha1","Etosha1","African elephant - Namibia (Kilian)"
20661338550,true,2013-10-09 01:32:00.000,16.62953,-18.96955,"Halali-Agab",-9999.0,"gps","Loxodonta africana","Etosha1","Etosha1","African elephant - Namibia (Kilian)"
20661338559,true,2013-10-09 02:02:00.000,16.62955,-18.96953,"Halali-Agab",-9999.0,"gps","Loxodonta africana","Etosha1","Etosha1","African elephant - Namibia (Kilian)"
20661338567,true,2013-10-09 02:33:00.000,16.62965,-18.96937,"Halali-Agab",-9999.0,"gps","Loxodonta africana","Etosha1","Etosha1","African elephant - Namibia (Kilian)"
20661338578,true,2013-10-09 03:03:00.000,16.62962,-18.96933,"Halali-Agab",-9999.0,"gps","Loxodonta africana","Etosha1","Etosha1","African elephant - Namibia (Kilian)"
20661338586,true,2013-10-09 03:32:00.000,16.62955,-18.96943,"Halali-Agab",-9999.0,"gps","Loxodonta africana","Etosha1","Etosha1","African elephant - Namibia (Kilian)"
20661338595,true,2013-10-09 04:02:00.000,16.62958,-18.96943,"Halali-Agab",-9999.0,"gps","Loxodonta africana","Etosha1","Etosha1","African elephant - Namibia (Kilian)"
20661338603,true,2013-10-09 04:34:00.000,16.62957,-18.96945,"Halali-Agab",-9999.0,"gps","Loxodonta africana","Etosha1","Etosha1","African elephant - Namibia (Kilian)"
20661338611,true,2013-10-09 05:03:00.000,16.62938,-18.9695,"Halali-Agab",-9999.0,"gps","Loxodonta africana","Etosha1","Etosha1","African elephant - Namibia (Kilian)"
20661338619,true,2013-10-09 05:33:00.000,16.6291,-18.96923,"Halali-Agab",-9999.0,"gps","Loxodonta africana","Etosha1","Etosha1","African elephant - Namibia (Kilian)"
20661338626,true,2013-10-09 06:03:00.000,16.62923,-18.96897,"Halali-Agab",-9999.0,"gps","Loxodonta africana","Etosha1","Etosha1","African elephant - Namibia (Kilian)"
20661338635,true,2013-10-09 06:32:00.000,16.62927,-18.96885,"Halali-Agab",-9999.0,"gps","Loxodonta africana","Etosha1","Etosha1","African elephant - Namibia (Kilian)"
20661338645,true,2013-10-09 07:02:00.000,16.62965,-18.96695,"Halali-Agab",-9999.0,"gps","Loxodonta africana","Etosha1","Etosha1","African elephant - Namibia (Kilian)"
20661338655,true,2013-10-09 07:32:00.000,16.62818,-18.96327,"Halali-Agab",-9999.0,"gps","Loxodonta africana","Etosha1","Etosha1","African elephant - Namibia (Kilian)"
20661338665,true,2013-10-09 08:03:00.000,16.6275,-18.96032,"Halali-Agab",-9999.0,"gps","Loxodonta africana","Etosha1","Etosha1","African elephant - Namibia (Kilian)"
20661338675,true,2013-10-09 08:33:00.000,16.62678,-18.95872,"Halali-Agab",-9999.0,"gps","Loxodonta africana","Etosha1","Etosha1","African elephant - Namibia (Kilian)"
20661338685,true,2013-10-09 09:02:00.000,16.62455,-18.95687,"Halali-Agab",-9999.0,"gps","Loxodonta africana","Etosha1","Etosha1","African elephant - Namibia (Kilian)"
20661338693,true,2013-10-09 09:32:00.000,16.61887,-18.95005,"Halali-Agab",-9999.0,"gps","Loxodonta africana","Etosha1","Etosha1","African elephant - Namibia (Kilian)"
20661338703,true,2013-10-09 10:02:00.000,16.61753,-18.94847,"Halali-Agab",-9999.0,"gps","Loxodonta africana","Etosha1","Etosha1","African elephant - Namibia (Kilian)"
20661338712,true,2013-10-09 10:33:00.000,16.61667,-18.94905,"Halali-Agab",-9999.0,"gps","Loxodonta africana","Etosha1","Etosha1","African elephant - Namibia (Kilian)"
20661338724,true,2013-10-09 11:02:00.000,16.61668,-18.94928,"Halali-Agab",-9999.0,"gps","Loxodonta africana","Etosha1","Etosha1","African elephant - Namibia (Kilian)"
20661338732,true,2013-10-09 11:32:00.000,16.61772,-18.94965,"Halali-Agab",-9999.0,"gps","Loxodonta africana","Etosha1","Etosha1","African elephant - Namibia (Kilian)"
20661338740,true,2013-10-09 12:02:00.000,16.61792,-18.94955,"Halali-Agab",-9999.0,"gps","Loxodonta africana","Etosha1","Etosha1","African elephant - Namibia (Kilian)"
20661338750,true,2013-10-09 12:33:00.000,16.61975,-18.9506,"Halali-Agab",-9999.0,"gps","Loxodonta africana","Etosha1","Etosha1","African elephant - Namibia (Kilian)"
20661338758,true,2013-10-09 13:03:00.000,16.61943,-18.95078,"Halali-Agab",-9999.0,"gps","Loxodonta africana","Etosha1","Etosha1","African elephant - Namibia (Kilian)"
20661338765,true,2013-10-09 13:32:00.000,16.61927,-18.95082,"Halali-Agab",-9999.0,"gps","Loxodonta africana","Etosha1","Etosha1","African elephant - Namibia (Kilian)"
20661338773,true,2013-10-09 14:02:00.000,16.6177,-18.95155,"Halali-Agab",-9999.0,"gps","Loxodonta africana","Etosha1","Etosha1","African elephant - Namibia (Kilian)"
20661338780,true,2013-10-09 14:33:00.000,16.61772,-18.95092,"Halali-Agab",-9999.0,"gps","Loxodonta africana","Etosha1","Etosha1","African elephant - Namibia (Kilian)"
20661338790,true,2013-10-09 15:02:00.000,16.61713,-18.95072,"Halali-Agab",-9999.0,"gps","Loxodonta africana","Etosha1","Etosha1","African elephant - Namibia (Kilian)"
20661338798,true,2013-10-09 15:32:00.000,16.61718,-18.95098,"Halali-Agab",-9999.0,"gps","Loxodonta africana","Etosha1","Etosha1","African elephant - Namibia (Kilian)"
20661338806,true,2013-10-09 16:03:00.000,16.61933,-18.95002,"Halali-Agab",-9999.0,"gps","Loxodonta africana","Etosha1","Etosha1","African elephant - Namibia (Kilian)"
20661338814,true,2013-10-09 16:33:00.000,16.61938,-18.95068,"Halali-Agab",-9999.0,"gps","Loxodonta africana","Etosha1","Etosha1","African elephant - Namibia (Kilian)"
20661338821,true,2013-10-09 17:02:00.000,16.61887,-18.95043,"Halali-Agab",-9999.0,"gps","Loxodonta africana","Etosha1","Etosha1","African elephant - Namibia (Kilian)"
20661338827,true,2013-10-09 17:32:00.000,16.61807,-18.9517,"Halali-Agab",-9999.0,"gps","Loxodonta africana","Etosha1","Etosha1","African elephant - Namibia (Kilian)"
20661338836,true,2013-10-09 18:02:00.000,16.61617,-18.95205,"Halali-Agab",-9999.0,"gps","Loxodonta africana","Etosha1","Etosha1","African elephant - Namibia (Kilian)"
20661338844,true,2013-10-09 18:32:00.000,16.61458,-18.95097,"Halali-Agab",-9999.0,"gps","Loxodonta africana","Etosha1","Etosha1","African elephant - Namibia (Kilian)"
20661338854,true,2013-10-09 19:02:00.000,16.61293,-18.95015,"Halali-Agab",-9999.0,"gps","Loxodonta africana","Etosha1","Etosha1","African elephant - Namibia (Kilian)"
20661338862,true,2013-10-09 19:32:00.000,16.61262,-18.94823,"Halali-Agab",-9999.0,"gps","Loxodonta africana","Etosha1","Etosha1","African elephant - Namibia (Kilian)"
20661338871,true,2013-10-09 20:03:00.000,16.61125,-18.9465,"Halali-Agab",-9999.0,"gps","Loxodonta africana","Etosha1","Etosha1","African elephant - Namibia (Kilian)"
20661338880,true,2013-10-09 20:32:00.000,16.60743,-18.94452,"Halali-Agab",-9999.0,"gps","Loxodonta africana","Etosha1","Etosha1","African elephant - Namibia (Kilian)"
20661338890,true,2013-10-09 21:03:00.000,16.60715,-18.94493,"Halali-Agab",-9999.0,"gps","Loxodonta africana","Etosha1","Etosha1","African elephant - Namibia (Kilian)"
20661338898,true,2013-10-09 21:32:00.000,16.60662,-18.94468,"Halali-Agab",-9999.0,"gps","Loxodonta africana","Etosha1","Etosha1","African elephant - Namibia (Kilian)"
20661338907,true,2013-10-09 22:02:00.000,16.60565,-18.94508,"Halali-Agab",-9999.0,"gps","Loxodonta africana","Etosha1","Etosha1","African elephant - Namibia (Kilian)"
20661338915,true,2013-10-09 22:32:00.000,16.6049,-18.94523,"Halali-Agab",-9999.0,"gps","Loxodonta africana","Etosha1","Etosha1","African elephant - Namibia (Kilian)"
20661338926,true,2013-10-09 23:03:00.000,16.60438,-18.94578,"Halali-Agab",-9999.0,"gps","Loxodonta africana","Etosha1","Etosha1","African elephant - Namibia (Kilian)"
20661338934,true,2013-10-09 23:33:00.000,16.60118,-18.94823,"Halali-Agab",-9999.0,"gps","Loxodonta africana","Etosha1","Etosha1","African elephant - Namibia (Kilian)"
20661338943,true,2013-10-10 00:03:00.000,16.60067,-18.9492,"Halali-Agab",-9999.0,"gps","Loxodonta africana","Etosha1","Etosha1","African elephant - Namibia (Kilian)"
20661338952,true,2013-10-10 00:35:00.000,16.60038,-18.94935,"Halali-Agab",-9999.0,"gps","Loxodonta africana","Etosha1","Etosha1","African elephant - Namibia (Kilian)"
20661338962,true,2013-10-10 01:02:00.000,16.60067,-18.94932,"Halali-Agab",-9999.0,"gps","Loxodonta africana","Etosha1","Etosha1","African elephant - Namibia (Kilian)"
20661338970,true,2013-10-10 01:34:00.000,16.60017,-18.94877,"Halali-Agab",-9999.0,"gps","Loxodonta africana","Etosha1","Etosha1","African elephant - Namibia (Kilian)"
20661338980,true,2013-10-10 02:03:00.000,16.6006,-18.9493,"Halali-Agab",-9999.0,"gps","Loxodonta africana","Etosha1","Etosha1","African elephant - Namibia (Kilian)"
20661338986,true,2013-10-10 02:32:00.000,16.60078,-18.94927,"Halali-Agab",-9999.0,"gps","Loxodonta africana","Etosha1","Etosha1","African elephant - Namibia (Kilian)"
20661338997,true,2013-10-10 03:03:00.000,16.60035,-18.94927,"Halali-Agab",-9999.0,"gps","Loxodonta africana","Etosha1","Etosha1","African elephant - Namibia (Kilian)"
20661339005,true,2013-10-10 03:33:00.000,16.60047,-18.94938,"Halali-Agab",-9999.0,"gps","Loxodonta africana","Etosha1","Etosha1","African elephant - Namibia (Kilian)"
20661339013,true,2013-10-10 04:03:00.000,16.60022,-18.94865,"Halali-Agab",-9999.0,"gps","Loxodonta africana","Etosha1","Etosha1","African elephant - Namibia (Kilian)"
20661339020,true,2013-10-10 04:33:00.000,16.59965,-18.94897,"Halali-Agab",-9999.0,"gps","Loxodonta africana","Etosha1","Etosha1","African elephant - Namibia (Kilian)"
20661339030,true,2013-10-10 05:02:00.000,16.60017,-18.94635,"Halali-Agab",-9999.0,"gps","Loxodonta africana","Etosha1","Etosha1","African elephant - Namibia (Kilian)"
20661339039,true,2013-10-10 05:32:00.000,16.60018,-18.94513,"Halali-Agab",-9999.0,"gps","Loxodonta africana","Etosha1","Etosha1","African elephant - Namibia (Kilian)"
20661339048,true,2013-10-10 06:02:00.000,16.6005,-18.94335,"Halali-Agab",-9999.0,"gps","Loxodonta africana","Etosha1","Etosha1","African elephant - Namibia (Kilian)"
20661339054,true,2013-10-10 06:32:00.000,16.60258,-18.942,"Halali-Agab",-9999.0,"gps","Loxodonta africana","Etosha1","Etosha1","African elephant - Namibia (Kilian)"
20661339063,true,2013-10-10 07:02:00.000,16.60382,-18.94233,"Halali-Agab",-9999.0,"gps","Loxodonta africana","Etosha1","Etosha1","African elephant - Namibia (Kilian)"
20661339071,true,2013-10-10 07:33:00.000,16.60495,-18.94212,"Halali-Agab",-9999.0,"gps","Loxodonta africana","Etosha1","Etosha1","African elephant - Namibia (Kilian)"
20661339079,true,2013-10-10 08:02:00.000,16.60597,-18.94198,"Halali-Agab",-9999.0,"gps","Loxodonta africana","Etosha1","Etosha1","African elephant - Namibia (Kilian)"
20661339087,true,2013-10-10 08:32:00.000,16.60712,-18.94315,"Halali-Agab",-9999.0,"gps","Loxodonta africana","Etosha1","Etosha1","African elephant - Namibia (Kilian)"
20661339096,true,2013-10-10 09:03:00.000,16.60802,-18.94382,"Halali-Agab",-9999.0,"gps","Loxodonta africana","Etosha1","Etosha1","African elephant - Namibia (Kilian)"
20661339103,true,2013-10-10 09:33:00.000,16.60917,-18.94453,"Halali-Agab",-9999.0,"gps","Loxodonta africana","Etosha1","Etosha1","African elephant - Namibia (Kilian)"
20661339113,true,2013-10-10 10:03:00.000,16.60987,-18.94452,"Halali-Agab",-9999.0,"gps","Loxodonta africana","Etosha1","Etosha1","African elephant - Namibia (Kilian)"
20661339118,true,2013-10-10 10:32:00.000,16.61022,-18.94493,"Halali-Agab",-9999.0,"gps","Loxodonta africana","Etosha1","Etosha1","African elephant - Namibia (Kilian)"
20661339127,true,2013-10-10 11:03:00.000,16.61412,-18.94703,"Halali-Agab",-9999.0,"gps","Loxodonta africana","Etosha1","Etosha1","African elephant - Namibia (Kilian)"
20661339135,true,2013-10-10 11:32:00.000,16.61722,-18.94855,"Halali-Agab",-9999.0,"gps","Loxodonta africana","Etosha1","Etosha1","African elephant - Namibia (Kilian)"
20661339143,true,2013-10-10 12:02:00.000,16.6196,-18.95077,"Halali-Agab",-9999.0,"gps","Loxodonta africana","Etosha1","Etosha1","African elephant - Namibia (Kilian)"
20661339150,true,2013-10-10 12:33:00.000,16.61922,-18.95115,"Halali-Agab",-9999.0,"gps","Loxodonta africana","Etosha1","Etosha1","African elephant - Namibia (Kilian)"
20661339159,true,2013-10-10 13:02:00.000,16.617,-18.9508,"Halali-Agab",-9999.0,"gps","Loxodonta africana","Etosha1","Etosha1","African elephant - Namibia (Kilian)"
20661339165,true,2013-10-10 13:32:00.000,16.61662,-18.9508,"Halali-Agab",-9999.0,"gps","Loxodonta africana","Etosha1","Etosha1","African elephant - Namibia (Kilian)"
20661339174,true,2013-10-10 14:02:00.000,16.61613,-18.95032,"Halali-Agab",-9999.0,"gps","Loxodonta africana","Etosha1","Etosha1","African elephant - Namibia (Kilian)"
20661339182,true,2013-10-10 14:32:00.000,16.61627,-18.94988,"Halali-Agab",-9999.0,"gps","Loxodonta africana","Etosha1","Etosha1","African elephant - Namibia (Kilian)"
20661339189,true,2013-10-10 15:02:00.000,16.61578,-18.94988,"Halali-Agab",-9999.0,"gps","Loxodonta africana","Etosha1","Etosha1","African elephant - Namibia (Kilian)"
20661339194,true,2013-10-10 15:32:00.000,16.61553,-18.94907,"Halali-Agab",-9999.0,"gps","Loxodonta africana","Etosha1","Etosha1","African elephant - Namibia (Kilian)"
20661339203,true,2013-10-10 16:03:00.000,16.6171,-18.94935,"Halali-Agab",-9999.0,"gps","Loxodonta africana","Etosha1","Etosha1","African elephant - Namibia (Kilian)"
20661339210,true,2013-10-10 16:33:00.000,16.61965,-18.95033,"Halali-Agab",-9999.0,"gps","Loxodonta africana","Etosha1","Etosha1","African elephant - Namibia (Kilian)"
20661339219,true,2013-10-10 17:02:00.000,16.61918,-18.9507,"Halali-Agab",-9999.0,"gps","Loxodonta africana","Etosha1","Etosha1","African elephant - Namibia (Kilian)"
20661339226,true,2013-10-10 17:32:00.000,16.61678,-18.95015,"Halali-Agab",-9999.0,"gps","Loxodonta africana","Etosha1","Etosha1","African elephant - Namibia (Kilian)"
20661339235,true,2013-10-10 18:03:00.000,16.61458,-18.9495,"Halali-Agab",-9999.0,"gps","Loxodonta africana","Etosha1","Etosha1","African elephant - Namibia (Kilian)"
20661339241,true,2013-10-10 18:32:00.000,16.61365,-18.94792,"Halali-Agab",-9999.0,"gps","Loxodonta africana","Etosha1","Etosha1","African elephant - Namibia (Kilian)"
20661339251,true,2013-10-10 19:03:00.000,16.61102,-18.94595,"Halali-Agab",-9999.0,"gps","Loxodonta africana","Etosha1","Etosha1","African elephant - Namibia (Kilian)"
20661339259,true,2013-10-10 19:32:00.000,16.60797,-18.94453,"Halali-Agab",-9999.0,"gps","Loxodonta africana","Etosha1","Etosha1","African elephant - Namibia (Kilian)"
20661339268,true,2013-10-10 20:02:00.000,16.60648,-18.94343,"Halali-Agab",-9999.0,"gps","Loxodonta africana","Etosha1","Etosha1","African elephant - Namibia (Kilian)"
20661339275,true,2013-10-10 20:32:00.000,16.60488,-18.9419,"Halali-Agab",-9999.0,"gps","Loxodonta africana","Etosha1","Etosha1","African elephant - Namibia (Kilian)"
20661339284,true,2013-10-10 21:02:00.000,16.60428,-18.9413,"Halali-Agab",-9999.0,"gps","Loxodonta africana","Etosha1","Etosha1","African elephant - Namibia (Kilian)"
20661339292,true,2013-10-10 21:33:00.000,16.60447,-18.94092,"Halali-Agab",-9999.0,"gps","Loxodonta africana","Etosha1","Etosha1","African elephant - Namibia (Kilian)"
20661339303,true,2013-10-10 22:03:00.000,16.60352,-18.94048,"Halali-Agab",-9999.0,"gps","Loxodonta africana","Etosha1","Etosha1","African elephant - Namibia (Kilian)"
20661339311,true,2013-10-10 22:32:00.000,16.60113,-18.93975,"Halali-Agab",-9999.0,"gps","Loxodonta africana","Etosha1","Etosha1","African elephant - Namibia (Kilian)"
20661339321,true,2013-10-10 23:02:00.000,16.59743,-18.93672,"Halali-Agab",-9999.0,"gps","Loxodonta africana","Etosha1","Etosha1","African elephant - Namibia (Kilian)"
20661339329,true,2013-10-10 23:33:00.000,16.59428,-18.9361,"Halali-Agab",-9999.0,"gps","Loxodonta africana","Etosha1","Etosha1","African elephant - Namibia (Kilian)"
20661339338,true,2013-10-11 00:03:00.000,16.59363,-18.93617,"Halali-Agab",-9999.0,"gps","Loxodonta africana","Etosha1","Etosha1","African elephant - Namibia (Kilian)"
20661339345,true,2013-10-11 00:35:00.000,16.59218,-18.93605,"Halali-Agab",-9999.0,"gps","Loxodonta africana","Etosha1","Etosha1","African elephant - Namibia (Kilian)"
20661339355,true,2013-10-11 01:03:00.000,16.59243,-18.93623,"Halali-Agab",-9999.0,"gps","Loxodonta africana","Etosha1","Etosha1","African elephant - Namibia (Kilian)"
20661339363,true,2013-10-11 01:32:00.000,16.59143,-18.93522,"Halali-Agab",-9999.0,"gps","Loxodonta africana","Etosha1","Etosha1","African elephant - Namibia (Kilian)"
20661339375,true,2013-10-11 02:02:00.000,16.591,-18.93517,"Halali-Agab",-9999.0,"gps","Loxodonta africana","Etosha1","Etosha1","African elephant - Namibia (Kilian)"
20661339383,true,2013-10-11 02:32:00.000,16.591,-18.93523,"Halali-Agab",-9999.0,"gps","Loxodonta africana","Etosha1","Etosha1","African elephant - Namibia (Kilian)"
20661339393,true,2013-10-11 03:03:00.000,16.59095,-18.93515,"Halali-Agab",-9999.0,"gps","Loxodonta africana","Etosha1","Etosha1","African elephant - Namibia (Kilian)"
20661339402,true,2013-10-11 03:32:00.000,16.59108,-18.93502,"Halali-Agab",-9999.0,"gps","Loxodonta africana","Etosha1","Etosha1","African elephant - Namibia (Kilian)"
20661339411,true,2013-10-11 04:03:00.000,16.59035,-18.93497,"Halali-Agab",-9999.0,"gps","Loxodonta africana","Etosha1","Etosha1","African elephant - Namibia (Kilian)"
20661339418,true,2013-10-11 04:33:00.000,16.59045,-18.9349,"Halali-Agab",-9999.0,"gps","Loxodonta africana","Etosha1","Etosha1","African elephant - Namibia (Kilian)"
20661339433,true,2013-10-11 05:33:00.000,16.58907,-18.93522,"Halali-Agab",-9999.0,"gps","Loxodonta africana","Etosha1","Etosha1","African elephant - Namibia (Kilian)"
20661339442,true,2013-10-11 06:03:00.000,16.58787,-18.93465,"Halali-Agab",-9999.0,"gps","Loxodonta africana","Etosha1","Etosha1","African elephant - Namibia (Kilian)"
20661339449,true,2013-10-11 06:32:00.000,16.58585,-18.93412,"Halali-Agab",-9999.0,"gps","Loxodonta africana","Etosha1","Etosha1","African elephant - Namibia (Kilian)"
20661339459,true,2013-10-11 07:02:00.000,16.58043,-18.9348,"Halali-Agab",-9999.0,"gps","Loxodonta africana","Etosha1","Etosha1","African elephant - Namibia (Kilian)"
20661339468,true,2013-10-11 07:32:00.000,16.57468,-18.93398,"Halali-Agab",-9999.0,"gps","Loxodonta africana","Etosha1","Etosha1","African elephant - Namibia (Kilian)"
20661339476,true,2013-10-11 08:02:00.000,16.57098,-18.9325,"Halali-Agab",-9999.0,"gps","Loxodonta africana","Etosha1","Etosha1","African elephant - Namibia (Kilian)"
20661339484,true,2013-10-11 08:33:00.000,16.56845,-18.93232,"Halali-Agab",-9999.0,"gps","Loxodonta africana","Etosha1","Etosha1","African elephant - Namibia (Kilian)"
20661339495,true,2013-10-11 09:03:00.000,16.56778,-18.93212,"Halali-Agab",-9999.0,"gps","Loxodonta africana","Etosha1","Etosha1","African elephant - Namibia (Kilian)"
20661339503,true,2013-10-11 09:32:00.000,16.56645,-18.9323,"Halali-Agab",-9999.0,"gps","Loxodonta africana","Etosha1","Etosha1","African elephant - Namibia (Kilian)"
20661339512,true,2013-10-11 10:02:00.000,16.56425,-18.93318,"Halali-Agab",-9999.0,"gps","Loxodonta africana","Etosha1","Etosha1","African elephant - Namibia (Kilian)"
20661339519,true,2013-10-11 10:32:00.000,16.56425,-18.93318,"Halali-Agab",-9999.0,"gps","Loxodonta africana","Etosha1","Etosha1","African elephant - Namibia (Kilian)"
20661339560,true,2013-10-11 13:41:00.000,16.55207,-18.9403,"Halali-Agab",-9999.0,"gps","Loxodonta africana","Etosha1","Etosha1","African elephant - Namibia (Kilian)"
20661339567,true,2013-10-11 14:10:00.000,16.54965,-18.942,"Halali-Agab",-9999.0,"gps","Loxodonta africana","Etosha1","Etosha1","African elephant - Namibia (Kilian)"
20661339575,true,2013-10-11 14:40:00.000,16.54958,-18.94198,"Halali-Agab",-9999.0,"gps","Loxodonta africana","Etosha1","Etosha1","African elephant - Namibia (Kilian)"
20661339608,true,2013-10-11 16:45:00.000,16.54917,-18.94752,"Halali-Agab",-9999.0,"gps","Loxodonta africana","Etosha1","Etosha1","African elephant - Namibia (Kilian)"
20661339619,true,2013-10-11 17:15:00.000,16.54968,-18.94808,"Halali-Agab",-9999.0,"gps","Loxodonta africana","Etosha1","Etosha1","African elephant - Namibia (Kilian)"
20661339628,true,2013-10-11 17:44:00.000,16.54973,-18.94833,"Halali-Agab",-9999.0,"gps","Loxodonta africana","Etosha1","Etosha1","African elephant - Namibia (Kilian)"
20661339638,true,2013-10-11 18:14:00.000,16.54998,-18.94845,"Halali-Agab",-9999.0,"gps","Loxodonta africana","Etosha1","Etosha1","African elephant - Namibia (Kilian)"
20661339646,true,2013-10-11 18:45:00.000,16.55,-18.94922,"Halali-Agab",-9999.0,"gps","Loxodonta africana","Etosha1","Etosha1","African elephant - Namibia (Kilian)"
20661339655,true,2013-10-11 19:14:00.000,16.55048,-18.95163,"Halali-Agab",-9999.0,"gps","Loxodonta africana","Etosha1","Etosha1","African elephant - Namibia (Kilian)"
20661339665,true,2013-10-11 19:44:00.000,16.5515,-18.95113,"Halali-Agab",-9999.0,"gps","Loxodonta africana","Etosha1","Etosha1","African elephant - Namibia (Kilian)"
20661339674,true,2013-10-11 20:15:00.000,16.55113,-18.9494,"Halali-Agab",-9999.0,"gps","Loxodonta africana","Etosha1","Etosha1","African elephant - Namibia (Kilian)"
20661339683,true,2013-10-11 20:44:00.000,16.55073,-18.94885,"Halali-Agab",-9999.0,"gps","Loxodonta africana","Etosha1","Etosha1","African elephant - Namibia (Kilian)"
20661339694,true,2013-10-11 21:14:00.000,16.54995,-18.94847,"Halali-Agab",-9999.0,"gps","Loxodonta africana","Etosha1","Etosha1","African elephant - Namibia (Kilian)"
20661339703,true,2013-10-11 21:44:00.000,16.54917,-18.94725,"Halali-Agab",-9999.0,"gps","Loxodonta africana","Etosha1","Etosha1","African elephant - Namibia (Kilian)"
20661339712,true,2013-10-11 22:15:00.000,16.54968,-18.94472,"Halali-Agab",-9999.0,"gps","Loxodonta africana","Etosha1","Etosha1","African elephant - Namibia (Kilian)"
20661339721,true,2013-10-11 22:44:00.000,16.55002,-18.9423,"Halali-Agab",-9999.0,"gps","Loxodonta africana","Etosha1","Etosha1","African elephant - Namibia (Kilian)"
20661339730,true,2013-10-11 23:14:00.000,16.55015,-18.94217,"Halali-Agab",-9999.0,"gps","Loxodonta africana","Etosha1","Etosha1","African elephant - Namibia (Kilian)"
20661339740,true,2013-10-11 23:45:00.000,16.5501,-18.94237,"Halali-Agab",-9999.0,"gps","Loxodonta africana","Etosha1","Etosha1","African elephant - Namibia (Kilian)"
20661339749,true,2013-10-12 00:15:00.000,16.55003,-18.94222,"Halali-Agab",-9999.0,"gps","Loxodonta africana","Etosha1","Etosha1","African elephant - Namibia (Kilian)"
20661339758,true,2013-10-12 00:45:00.000,16.5501,-18.94235,"Halali-Agab",-9999.0,"gps","Loxodonta africana","Etosha1","Etosha1","African elephant - Namibia (Kilian)"
20661339769,true,2013-10-12 01:15:00.000,16.55603,-18.93953,"Halali-Agab",-9999.0,"gps","Loxodonta africana","Etosha1","Etosha1","African elephant - Namibia (Kilian)"
20661339778,true,2013-10-12 01:44:00.000,16.55897,-18.9392,"Halali-Agab",-9999.0,"gps","Loxodonta africana","Etosha1","Etosha1","African elephant - Namibia (Kilian)"
20661339788,true,2013-10-12 02:14:00.000,16.56048,-18.9377,"Halali-Agab",-9999.0,"gps","Loxodonta africana","Etosha1","Etosha1","African elephant - Namibia (Kilian)"
20661339795,true,2013-10-12 02:44:00.000,16.56007,-18.93702,"Halali-Agab",-9999.0,"gps","Loxodonta africana","Etosha1","Etosha1","African elephant - Namibia (Kilian)"
20661339803,true,2013-10-12 03:15:00.000,16.56052,-18.93662,"Halali-Agab",-9999.0,"gps","Loxodonta africana","Etosha1","Etosha1","African elephant - Namibia (Kilian)"
20661339812,true,2013-10-12 03:46:00.000,16.56188,-18.93657,"Halali-Agab",-9999.0,"gps","Loxodonta africana","Etosha1","Etosha1","African elephant - Namibia (Kilian)"
20661339819,true,2013-10-12 04:14:00.000,16.56197,-18.93558,"Halali-Agab",-9999.0,"gps","Loxodonta africana","Etosha1","Etosha1","African elephant - Namibia (Kilian)"
20661339827,true,2013-10-12 04:44:00.000,16.5621,-18.93548,"Halali-Agab",-9999.0,"gps","Loxodonta africana","Etosha1","Etosha1","African elephant - Namibia (Kilian)"
20661339836,true,2013-10-12 05:14:00.000,16.562,-18.93558,"Halali-Agab",-9999.0,"gps","Loxodonta africana","Etosha1","Etosha1","African elephant - Namibia (Kilian)"
20661339844,true,2013-10-12 05:44:00.000,16.56172,-18.93528,"Halali-Agab",-9999.0,"gps","Loxodonta africana","Etosha1","Etosha1","African elephant - Namibia (Kilian)"
20661339853,true,2013-10-12 06:15:00.000,16.56193,-18.93518,"Halali-Agab",-9999.0,"gps","Loxodonta africana","Etosha1","Etosha1","African elephant - Namibia (Kilian)"
20661339862,true,2013-10-12 06:44:00.000,16.5636,-18.93388,"Halali-Agab",-9999.0,"gps","Loxodonta africana","Etosha1","Etosha1","African elephant - Namibia (Kilian)"
20661339896,true,2013-10-12 08:48:00.000,16.56122,-18.9361,"Halali-Agab",-9999.0,"gps","Loxodonta africana","Etosha1","Etosha1","African elephant - Namibia (Kilian)"
20661339956,true,2013-10-12 12:09:00.000,16.5612,-18.93675,"Halali-Agab",-9999.0,"gps","Loxodonta africana","Etosha1","Etosha1","African elephant - Namibia (Kilian)"
20661339963,true,2013-10-12 12:39:00.000,16.56127,-18.93555,"Halali-Agab",-9999.0,"gps","Loxodonta africana","Etosha1","Etosha1","African elephant - Namibia (Kilian)"
20661339972,true,2013-10-12 13:10:00.000,16.56123,-18.93588,"Halali-Agab",-9999.0,"gps","Loxodonta africana","Etosha1","Etosha1","African elephant - Namibia (Kilian)"
20661339979,true,2013-10-12 13:38:00.000,16.56135,-18.93583,"Halali-Agab",-9999.0,"gps","Loxodonta africana","Etosha1","Etosha1","African elephant - Namibia (Kilian)"
20661339989,true,2013-10-12 14:10:00.000,16.56133,-18.93573,"Halali-Agab",-9999.0,"gps","Loxodonta africana","Etosha1","Etosha1","African elephant - Namibia (Kilian)"
20661339994,true,2013-10-12 14:38:00.000,16.56107,-18.93605,"Halali-Agab",-9999.0,"gps","Loxodonta africana","Etosha1","Etosha1","African elephant - Namibia (Kilian)"
20661340003,true,2013-10-12 15:08:00.000,16.56073,-18.93598,"Halali-Agab",-9999.0,"gps","Loxodonta africana","Etosha1","Etosha1","African elephant - Namibia (Kilian)"
20661340010,true,2013-10-12 15:38:00.000,16.55613,-18.9396,"Halali-Agab",-9999.0,"gps","Loxodonta africana","Etosha1","Etosha1","African elephant - Namibia (Kilian)"
20661340018,true,2013-10-12 16:08:00.000,16.5531,-18.93825,"Halali-Agab",-9999.0,"gps","Loxodonta africana","Etosha1","Etosha1","African elephant - Namibia (Kilian)"
20661340025,true,2013-10-12 16:38:00.000,16.55317,-18.93828,"Halali-Agab",-9999.0,"gps","Loxodonta africana","Etosha1","Etosha1","African elephant - Namibia (Kilian)"
20661340037,true,2013-10-12 17:08:00.000,16.54993,-18.94253,"Halali-Agab",-9999.0,"gps","Loxodonta africana","Etosha1","Etosha1","African elephant - Namibia (Kilian)"
20661340045,true,2013-10-12 17:38:00.000,16.54965,-18.94202,"Halali-Agab",-9999.0,"gps","Loxodonta africana","Etosha1","Etosha1","African elephant - Namibia (Kilian)"
20661340055,true,2013-10-12 18:08:00.000,16.5441,-18.94053,"Halali-Agab",-9999.0,"gps","Loxodonta africana","Etosha1","Etosha1","African elephant - Namibia (Kilian)"
20661340064,true,2013-10-12 18:38:00.000,16.54205,-18.9407,"Halali-Agab",-9999.0,"gps","Loxodonta africana","Etosha1","Etosha1","African elephant - Namibia (Kilian)"
20661340073,true,2013-10-12 19:09:00.000,16.54097,-18.93698,"Halali-Agab",-9999.0,"gps","Loxodonta africana","Etosha1","Etosha1","African elephant - Namibia (Kilian)"
20661340082,true,2013-10-12 19:38:00.000,16.54,-18.93415,"Halali-Agab",-9999.0,"gps","Loxodonta africana","Etosha1","Etosha1","African elephant - Namibia (Kilian)"
20661340092,true,2013-10-12 20:08:00.000,16.54097,-18.93418,"Halali-Agab",-9999.0,"gps","Loxodonta africana","Etosha1","Etosha1","African elephant - Namibia (Kilian)"
20661340100,true,2013-10-12 20:38:00.000,16.54122,-18.93507,"Halali-Agab",-9999.0,"gps","Loxodonta africana","Etosha1","Etosha1","African elephant - Namibia (Kilian)"
20661340111,true,2013-10-12 21:08:00.000,16.5413,-18.93542,"Halali-Agab",-9999.0,"gps","Loxodonta africana","Etosha1","Etosha1","African elephant - Namibia (Kilian)"
20661340120,true,2013-10-12 21:38:00.000,16.541,-18.93463,"Halali-Agab",-9999.0,"gps","Loxodonta africana","Etosha1","Etosha1","African elephant - Namibia (Kilian)"
20661340130,true,2013-10-12 22:08:00.000,16.53968,-18.9341,"Halali-Agab",-9999.0,"gps","Loxodonta africana","Etosha1","Etosha1","African elephant - Namibia (Kilian)"
20661340139,true,2013-10-12 22:38:00.000,16.5369,-18.93423,"Halali-Agab",-9999.0,"gps","Loxodonta africana","Etosha1","Etosha1","African elephant - Namibia (Kilian)"
20661340149,true,2013-10-12 23:08:00.000,16.53513,-18.93432,"Halali-Agab",-9999.0,"gps","Loxodonta africana","Etosha1","Etosha1","African elephant - Namibia (Kilian)"
20661340158,true,2013-10-12 23:38:00.000,16.53458,-18.93377,"Halali-Agab",-9999.0,"gps","Loxodonta africana","Etosha1","Etosha1","African elephant - Namibia (Kilian)"
20661340168,true,2013-10-13 00:08:00.000,16.53327,-18.93287,"Halali-Agab",-9999.0,"gps","Loxodonta africana","Etosha1","Etosha1","African elephant - Namibia (Kilian)"
20661340175,true,2013-10-13 00:39:00.000,16.53238,-18.93263,"Halali-Agab",-9999.0,"gps","Loxodonta africana","Etosha1","Etosha1","African elephant - Namibia (Kilian)"
20661340185,true,2013-10-13 01:08:00.000,16.53258,-18.93298,"Halali-Agab",-9999.0,"gps","Loxodonta africana","Etosha1","Etosha1","African elephant - Namibia (Kilian)"
20661340193,true,2013-10-13 01:39:00.000,16.53273,-18.93293,"Halali-Agab",-9999.0,"gps","Loxodonta africana","Etosha1","Etosha1","African elephant - Namibia (Kilian)"
20661340202,true,2013-10-13 02:08:00.000,16.5328,-18.93325,"Halali-Agab",-9999.0,"gps","Loxodonta africana","Etosha1","Etosha1","African elephant - Namibia (Kilian)"
20661340217,true,2013-10-13 03:08:00.000,16.5329,-18.93308,"Halali-Agab",-9999.0,"gps","Loxodonta africana","Etosha1","Etosha1","African elephant - Namibia (Kilian)"
20661340224,true,2013-10-13 03:38:00.000,16.53288,-18.93302,"Halali-Agab",-9999.0,"gps","Loxodonta africana","Etosha1","Etosha1","African elephant - Namibia (Kilian)"
20661340234,true,2013-10-13 04:08:00.000,16.53295,-18.93307,"Halali-Agab",-9999.0,"gps","Loxodonta africana","Etosha1","Etosha1","African elephant - Namibia (Kilian)"
20661340242,true,2013-10-13 04:39:00.000,16.5329,-18.93323,"Halali-Agab",-9999.0,"gps","Loxodonta africana","Etosha1","Etosha1","African elephant - Namibia (Kilian)"
20661340253,true,2013-10-13 05:08:00.000,16.53323,-18.93318,"Halali-Agab",-9999.0,"gps","Loxodonta africana","Etosha1","Etosha1","African elephant - Namibia (Kilian)"
20661340269,true,2013-10-13 06:08:00.000,16.53395,-18.93412,"Halali-Agab",-9999.0,"gps","Loxodonta africana","Etosha1","Etosha1","African elephant - Namibia (Kilian)"
20661340277,true,2013-10-13 06:38:00.000,16.5352,-18.93502,"Halali-Agab",-9999.0,"gps","Loxodonta africana","Etosha1","Etosha1","African elephant - Namibia (Kilian)"
20661340286,true,2013-10-13 07:08:00.000,16.53645,-18.93542,"Halali-Agab",-9999.0,"gps","Loxodonta africana","Etosha1","Etosha1","African elephant - Namibia (Kilian)"
20661340294,true,2013-10-13 07:38:00.000,16.53947,-18.93737,"Halali-Agab",-9999.0,"gps","Loxodonta africana","Etosha1","Etosha1","African elephant - Namibia (Kilian)"
20661340303,true,2013-10-13 08:08:00.000,16.54173,-18.93997,"Halali-Agab",-9999.0,"gps","Loxodonta africana","Etosha1","Etosha1","African elephant - Namibia (Kilian)"
20661340311,true,2013-10-13 08:38:00.000,16.5431,-18.94037,"Halali-Agab",-9999.0,"gps","Loxodonta africana","Etosha1","Etosha1","African elephant - Namibia (Kilian)"
20661340322,true,2013-10-13 09:08:00.000,16.54872,-18.94257,"Halali-Agab",-9999.0,"gps","Loxodonta africana","Etosha1","Etosha1","African elephant - Namibia (Kilian)"
20661340331,true,2013-10-13 09:38:00.000,16.55068,-18.94107,"Halali-Agab",-9999.0,"gps","Loxodonta africana","Etosha1","Etosha1","African elephant - Namibia (Kilian)"
20661340341,true,2013-10-13 10:08:00.000,16.55013,-18.94235,"Halali-Agab",-9999.0,"gps","Loxodonta africana","Etosha1","Etosha1","African elephant - Namibia (Kilian)"
20661340349,true,2013-10-13 10:38:00.000,16.5503,-18.94247,"Halali-Agab",-9999.0,"gps","Loxodonta africana","Etosha1","Etosha1","African elephant - Namibia (Kilian)"
20661340358,true,2013-10-13 11:08:00.000,16.54943,-18.94268,"Halali-Agab",-9999.0,"gps","Loxodonta africana","Etosha1","Etosha1","African elephant - Namibia (Kilian)"
20661340365,true,2013-10-13 11:38:00.000,16.55028,-18.942,"Halali-Agab",-9999.0,"gps","Loxodonta africana","Etosha1","Etosha1","African elephant - Namibia (Kilian)"
20661340376,true,2013-10-13 12:09:00.000,16.55022,-18.942,"Halali-Agab",-9999.0,"gps","Loxodonta africana","Etosha1","Etosha1","African elephant - Namibia (Kilian)"
20661340383,true,2013-10-13 12:38:00.000,16.54985,-18.94208,"Halali-Agab",-9999.0,"gps","Loxodonta africana","Etosha1","Etosha1","African elephant - Namibia (Kilian)"
20661340394,true,2013-10-13 13:08:00.000,16.54867,-18.948,"Halali-Agab",-9999.0,"gps","Loxodonta africana","Etosha1","Etosha1","African elephant - Namibia (Kilian)"
20661340404,true,2013-10-13 13:38:00.000,16.54557,-18.94918,"Halali-Agab",-9999.0,"gps","Loxodonta africana","Etosha1","Etosha1","African elephant - Namibia (Kilian)"
20661340412,true,2013-10-13 14:08:00.000,16.54668,-18.94873,"Halali-Agab",-9999.0,"gps","Loxodonta africana","Etosha1","Etosha1","African elephant - Namibia (Kilian)"
20661340417,true,2013-10-13 14:39:00.000,16.54672,-18.94943,"Halali-Agab",-9999.0,"gps","Loxodonta africana","Etosha1","Etosha1","African elephant - Namibia (Kilian)"
20661340424,true,2013-10-13 15:09:00.000,16.54683,-18.94948,"Halali-Agab",-9999.0,"gps","Loxodonta africana","Etosha1","Etosha1","African elephant - Namibia (Kilian)"
20661340431,true,2013-10-13 15:38:00.000,16.54658,-18.94937,"Halali-Agab",-9999.0,"gps","Loxodonta africana","Etosha1","Etosha1","African elephant - Namibia (Kilian)"
20661340440,true,2013-10-13 16:09:00.000,16.5467,-18.94928,"Halali-Agab",-9999.0,"gps","Loxodonta africana","Etosha1","Etosha1","African elephant - Namibia (Kilian)"
20661340447,true,2013-10-13 16:38:00.000,16.54578,-18.9497,"Halali-Agab",-9999.0,"gps","Loxodonta africana","Etosha1","Etosha1","African elephant - Namibia (Kilian)"
20661340457,true,2013-10-13 17:09:00.000,16.54247,-18.94967,"Halali-Agab",-9999.0,"gps","Loxodonta africana","Etosha1","Etosha1","African elephant - Namibia (Kilian)"
20661340466,true,2013-10-13 17:38:00.000,16.54067,-18.94912,"Halali-Agab",-9999.0,"gps","Loxodonta africana","Etosha1","Etosha1","African elephant - Namibia (Kilian)"
20661340475,true,2013-10-13 18:08:00.000,16.53792,-18.9505,"Halali-Agab",-9999.0,"gps","Loxodonta africana","Etosha1","Etosha1","African elephant - Namibia (Kilian)"
20661340483,true,2013-10-13 18:38:00.000,16.53462,-18.95055,"Halali-Agab",-9999.0,"gps","Loxodonta africana","Etosha1","Etosha1","African elephant - Namibia (Kilian)"
20661340492,true,2013-10-13 19:08:00.000,16.5291,-18.95348,"Halali-Agab",-9999.0,"gps","Loxodonta africana","Etosha1","Etosha1","African elephant - Namibia (Kilian)"
20661340501,true,2013-10-13 19:38:00.000,16.52517,-18.95913,"Halali-Agab",-9999.0,"gps","Loxodonta africana","Etosha1","Etosha1","African elephant - Namibia (Kilian)"
20661340509,true,2013-10-13 20:09:00.000,16.51727,-18.95822,"Halali-Agab",-9999.0,"gps","Loxodonta africana","Etosha1","Etosha1","African elephant - Namibia (Kilian)"
20661340516,true,2013-10-13 20:38:00.000,16.5092,-18.9564,"Halali-Agab",-9999.0,"gps","Loxodonta africana","Etosha1","Etosha1","African elephant - Namibia (Kilian)"
20661340526,true,2013-10-13 21:08:00.000,16.5061,-18.95603,"Halali-Agab",-9999.0,"gps","Loxodonta africana","Etosha1","Etosha1","African elephant - Namibia (Kilian)"
20661340535,true,2013-10-13 21:38:00.000,16.50605,-18.95592,"Halali-Agab",-9999.0,"gps","Loxodonta africana","Etosha1","Etosha1","African elephant - Namibia (Kilian)"
20661340545,true,2013-10-13 22:08:00.000,16.50608,-18.95518,"Halali-Agab",-9999.0,"gps","Loxodonta africana","Etosha1","Etosha1","African elephant - Namibia (Kilian)"
20661340555,true,2013-10-13 22:38:00.000,16.50432,-18.94725,"Halali-Agab",-9999.0,"gps","Loxodonta africana","Etosha1","Etosha1","African elephant - Namibia (Kilian)"
20661340566,true,2013-10-13 23:08:00.000,16.50143,-18.94332,"Halali-Agab",-9999.0,"gps","Loxodonta africana","Etosha1","Etosha1","African elephant - Namibia (Kilian)"
20661340576,true,2013-10-13 23:38:00.000,16.50193,-18.94187,"Halali-Agab",-9999.0,"gps","Loxodonta africana","Etosha1","Etosha1","African elephant - Namibia (Kilian)"
20661340585,true,2013-10-14 00:08:00.000,16.49908,-18.94047,"Halali-Agab",-9999.0,"gps","Loxodonta africana","Etosha1","Etosha1","African elephant - Namibia (Kilian)"
20661340593,true,2013-10-14 00:38:00.000,16.49825,-18.93903,"Halali-Agab",-9999.0,"gps","Loxodonta africana","Etosha1","Etosha1","African elephant - Namibia (Kilian)"
20661340603,true,2013-10-14 01:08:00.000,16.50273,-18.93662,"Halali-Agab",-9999.0,"gps","Loxodonta africana","Etosha1","Etosha1","African elephant - Namibia (Kilian)"
20661340611,true,2013-10-14 01:38:00.000,16.50317,-18.93687,"Halali-Agab",-9999.0,"gps","Loxodonta africana","Etosha1","Etosha1","African elephant - Namibia (Kilian)"
20661340622,true,2013-10-14 02:08:00.000,16.5015,-18.93773,"Halali-Agab",-9999.0,"gps","Loxodonta africana","Etosha1","Etosha1","African elephant - Namibia (Kilian)"
20661340631,true,2013-10-14 02:38:00.000,16.50097,-18.93972,"Halali-Agab",-9999.0,"gps","Loxodonta africana","Etosha1","Etosha1","African elephant - Namibia (Kilian)"
20661340641,true,2013-10-14 03:08:00.000,16.50102,-18.93987,"Halali-Agab",-9999.0,"gps","Loxodonta africana","Etosha1","Etosha1","African elephant - Namibia (Kilian)"
20661340650,true,2013-10-14 03:38:00.000,16.50102,-18.93985,"Halali-Agab",-9999.0,"gps","Loxodonta africana","Etosha1","Etosha1","African elephant - Namibia (Kilian)"
20661340671,true,2013-10-14 04:39:00.000,16.50118,-18.93923,"Halali-Agab",-9999.0,"gps","Loxodonta africana","Etosha1","Etosha1","African elephant - Namibia (Kilian)"
20661340681,true,2013-10-14 05:11:00.000,16.5012,-18.93935,"Halali-Agab",-9999.0,"gps","Loxodonta africana","Etosha1","Etosha1","African elephant - Namibia (Kilian)"
20661340700,true,2013-10-14 06:08:00.000,16.50122,-18.93927,"Halali-Agab",-9999.0,"gps","Loxodonta africana","Etosha1","Etosha1","African elephant - Namibia (Kilian)"
20661340710,true,2013-10-14 06:38:00.000,16.50333,-18.94087,"Halali-Agab",-9999.0,"gps","Loxodonta africana","Etosha1","Etosha1","African elephant - Namibia (Kilian)"
20661340719,true,2013-10-14 07:08:00.000,16.50363,-18.94233,"Halali-Agab",-9999.0,"gps","Loxodonta africana","Etosha1","Etosha1","African elephant - Namibia (Kilian)"
20661340729,true,2013-10-14 07:38:00.000,16.50237,-18.94195,"Halali-Agab",-9999.0,"gps","Loxodonta africana","Etosha1","Etosha1","African elephant - Namibia (Kilian)"
20661340740,true,2013-10-14 08:08:00.000,16.50222,-18.94183,"Halali-Agab",-9999.0,"gps","Loxodonta africana","Etosha1","Etosha1","African elephant - Namibia (Kilian)"
20661340747,true,2013-10-14 08:38:00.000,16.5029,-18.9423,"Halali-Agab",-9999.0,"gps","Loxodonta africana","Etosha1","Etosha1","African elephant - Namibia (Kilian)"
20661340756,true,2013-10-14 09:08:00.000,16.50557,-18.94118,"Halali-Agab",-9999.0,"gps","Loxodonta africana","Etosha1","Etosha1","African elephant - Namibia (Kilian)"
20661340764,true,2013-10-14 09:39:00.000,16.50492,-18.93918,"Halali-Agab",-9999.0,"gps","Loxodonta africana","Etosha1","Etosha1","African elephant - Namibia (Kilian)"
20661340774,true,2013-10-14 10:09:00.000,16.50502,-18.93857,"Halali-Agab",-9999.0,"gps","Loxodonta africana","Etosha1","Etosha1","African elephant - Namibia (Kilian)"
20661340781,true,2013-10-14 10:38:00.000,16.50537,-18.93838,"Halali-Agab",-9999.0,"gps","Loxodonta africana","Etosha1","Etosha1","African elephant - Namibia (Kilian)"
20661340789,true,2013-10-14 11:10:00.000,16.50728,-18.93615,"Halali-Agab",-9999.0,"gps","Loxodonta africana","Etosha1","Etosha1","African elephant - Namibia (Kilian)"
20661340796,true,2013-10-14 11:38:00.000,16.51187,-18.93443,"Halali-Agab",-9999.0,"gps","Loxodonta africana","Etosha1","Etosha1","African elephant - Namibia (Kilian)"
20661340804,true,2013-10-14 12:08:00.000,16.516,-18.9335,"Halali-Agab",-9999.0,"gps","Loxodonta africana","Etosha1","Etosha1","African elephant - Namibia (Kilian)"
20661340809,true,2013-10-14 12:38:00.000,16.52032,-18.93387,"Halali-Agab",-9999.0,"gps","Loxodonta africana","Etosha1","Etosha1","African elephant - Namibia (Kilian)"
20661340817,true,2013-10-14 13:08:00.000,16.52077,-18.93412,"Halali-Agab",-9999.0,"gps","Loxodonta africana","Etosha1","Etosha1","African elephant - Namibia (Kilian)"
20661340824,true,2013-10-14 13:38:00.000,16.52168,-18.935,"Halali-Agab",-9999.0,"gps","Loxodonta africana","Etosha1","Etosha1","African elephant - Namibia (Kilian)"
20661340831,true,2013-10-14 14:08:00.000,16.52297,-18.93495,"Halali-Agab",-9999.0,"gps","Loxodonta africana","Etosha1","Etosha1","African elephant - Namibia (Kilian)"
20661340839,true,2013-10-14 14:39:00.000,16.52302,-18.93477,"Halali-Agab",-9999.0,"gps","Loxodonta africana","Etosha1","Etosha1","African elephant - Namibia (Kilian)"
20661340848,true,2013-10-14 15:09:00.000,16.52298,-18.93477,"Halali-Agab",-9999.0,"gps","Loxodonta africana","Etosha1","Etosha1","African elephant - Namibia (Kilian)"
20661340856,true,2013-10-14 15:38:00.000,16.5252,-18.93578,"Halali-Agab",-9999.0,"gps","Loxodonta africana","Etosha1","Etosha1","African elephant - Namibia (Kilian)"
20661340866,true,2013-10-14 16:08:00.000,16.52948,-18.93693,"Halali-Agab",-9999.0,"gps","Loxodonta africana","Etosha1","Etosha1","African elephant - Namibia (Kilian)"
20661340874,true,2013-10-14 16:38:00.000,16.53098,-18.93797,"Halali-Agab",-9999.0,"gps","Loxodonta africana","Etosha1","Etosha1","African elephant - Namibia (Kilian)"
20661340885,true,2013-10-14 17:08:00.000,16.53177,-18.93797,"Halali-Agab",-9999.0,"gps","Loxodonta africana","Etosha1","Etosha1","African elephant - Namibia (Kilian)"
20661340894,true,2013-10-14 17:38:00.000,16.53393,-18.93673,"Halali-Agab",-9999.0,"gps","Loxodonta africana","Etosha1","Etosha1","African elephant - Namibia (Kilian)"
20661340905,true,2013-10-14 18:08:00.000,16.53578,-18.93832,"Halali-Agab",-9999.0,"gps","Loxodonta africana","Etosha1","Etosha1","African elephant - Namibia (Kilian)"
20661340914,true,2013-10-14 18:38:00.000,16.53558,-18.93948,"Halali-Agab",-9999.0,"gps","Loxodonta africana","Etosha1","Etosha1","African elephant - Namibia (Kilian)"
20661340924,true,2013-10-14 19:08:00.000,16.53588,-18.93998,"Halali-Agab",-9999.0,"gps","Loxodonta africana","Etosha1","Etosha1","African elephant - Namibia (Kilian)"
20661340933,true,2013-10-14 19:38:00.000,16.53457,-18.93955,"Halali-Agab",-9999.0,"gps","Loxodonta africana","Etosha1","Etosha1","African elephant - Namibia (Kilian)"
20661340943,true,2013-10-14 20:09:00.000,16.5335,-18.93887,"Halali-Agab",-9999.0,"gps","Loxodonta africana","Etosha1","Etosha1","African elephant - Namibia (Kilian)"
20661340951,true,2013-10-14 20:38:00.000,16.53403,-18.93805,"Halali-Agab",-9999.0,"gps","Loxodonta africana","Etosha1","Etosha1","African elephant - Namibia (Kilian)"
20661340962,true,2013-10-14 21:08:00.000,16.53265,-18.93488,"Halali-Agab",-9999.0,"gps","Loxodonta africana","Etosha1","Etosha1","African elephant - Namibia (Kilian)"
20661340970,true,2013-10-14 21:38:00.000,16.53188,-18.93332,"Halali-Agab",-9999.0,"gps","Loxodonta africana","Etosha1","Etosha1","African elephant - Namibia (Kilian)"
20661340980,true,2013-10-14 22:08:00.000,16.53107,-18.93232,"Halali-Agab",-9999.0,"gps","Loxodonta africana","Etosha1","Etosha1","African elephant - Namibia (Kilian)"
20661340989,true,2013-10-14 22:38:00.000,16.5287,-18.93142,"Halali-Agab",-9999.0,"gps","Loxodonta africana","Etosha1","Etosha1","African elephant - Namibia (Kilian)"
20661340999,true,2013-10-14 23:08:00.000,16.52633,-18.9309,"Halali-Agab",-9999.0,"gps","Loxodonta africana","Etosha1","Etosha1","African elephant - Namibia (Kilian)"
20661341008,true,2013-10-14 23:38:00.000,16.52255,-18.9301,"Halali-Agab",-9999.0,"gps","Loxodonta africana","Etosha1","Etosha1","African elephant - Namibia (Kilian)"
20661341018,true,2013-10-15 00:08:00.000,16.52045,-18.92998,"Halali-Agab",-9999.0,"gps","Loxodonta africana","Etosha1","Etosha1","African elephant - Namibia (Kilian)"
20661341026,true,2013-10-15 00:38:00.000,16.5201,-18.93093,"Halali-Agab",-9999.0,"gps","Loxodonta africana","Etosha1","Etosha1","African elephant - Namibia (Kilian)"
20661341036,true,2013-10-15 01:08:00.000,16.51602,-18.9346,"Halali-Agab",-9999.0,"gps","Loxodonta africana","Etosha1","Etosha1","African elephant - Namibia (Kilian)"
20661341045,true,2013-10-15 01:38:00.000,16.51247,-18.94103,"Halali-Agab",-9999.0,"gps","Loxodonta africana","Etosha1","Etosha1","African elephant - Namibia (Kilian)"
20661341054,true,2013-10-15 02:08:00.000,16.50857,-18.95122,"Halali-Agab",-9999.0,"gps","Loxodonta africana","Etosha1","Etosha1","African elephant - Namibia (Kilian)"
20661341063,true,2013-10-15 02:38:00.000,16.50605,-18.956,"Halali-Agab",-9999.0,"gps","Loxodonta africana","Etosha1","Etosha1","African elephant - Namibia (Kilian)"
20661341073,true,2013-10-15 03:08:00.000,16.50593,-18.95605,"Halali-Agab",-9999.0,"gps","Loxodonta africana","Etosha1","Etosha1","African elephant - Namibia (Kilian)"
20661341082,true,2013-10-15 03:38:00.000,16.50598,-18.95597,"Halali-Agab",-9999.0,"gps","Loxodonta africana","Etosha1","Etosha1","African elephant - Namibia (Kilian)"
20661341092,true,2013-10-15 04:08:00.000,16.50328,-18.95495,"Halali-Agab",-9999.0,"gps","Loxodonta africana","Etosha1","Etosha1","African elephant - Namibia (Kilian)"
20661341101,true,2013-10-15 04:38:00.000,16.4937,-18.95338,"Halali-Agab",-9999.0,"gps","Loxodonta africana","Etosha1","Etosha1","African elephant - Namibia (Kilian)"
20661341113,true,2013-10-15 05:08:00.000,16.49142,-18.95248,"Halali-Agab",-9999.0,"gps","Loxodonta africana","Etosha1","Etosha1","African elephant - Namibia (Kilian)"
20661341121,true,2013-10-15 05:38:00.000,16.49035,-18.95217,"Halali-Agab",-9999.0,"gps","Loxodonta africana","Etosha1","Etosha1","African elephant - Namibia (Kilian)"
20661341131,true,2013-10-15 06:08:00.000,16.48968,-18.95197,"Halali-Agab",-9999.0,"gps","Loxodonta africana","Etosha1","Etosha1","African elephant - Namibia (Kilian)"
20661341141,true,2013-10-15 06:38:00.000,16.48777,-18.95083,"Halali-Agab",-9999.0,"gps","Loxodonta africana","Etosha1","Etosha1","African elephant - Namibia (Kilian)"
20661341150,true,2013-10-15 07:08:00.000,16.48648,-18.9501,"Halali-Agab",-9999.0,"gps","Loxodonta africana","Etosha1","Etosha1","African elephant - Namibia (Kilian)"
20661341159,true,2013-10-15 07:38:00.000,16.48642,-18.94982,"Halali-Agab",-9999.0,"gps","Loxodonta africana","Etosha1","Etosha1","African elephant - Namibia (Kilian)"
20661341170,true,2013-10-15 08:08:00.000,16.48638,-18.9497,"Halali-Agab",-9999.0,"gps","Loxodonta africana","Etosha1","Etosha1","African elephant - Namibia (Kilian)"
20661341177,true,2013-10-15 08:38:00.000,16.48638,-18.94945,"Halali-Agab",-9999.0,"gps","Loxodonta africana","Etosha1","Etosha1","African elephant - Namibia (Kilian)"
20661341186,true,2013-10-15 09:09:00.000,16.48693,-18.94945,"Halali-Agab",-9999.0,"gps","Loxodonta africana","Etosha1","Etosha1","African elephant - Namibia (Kilian)"
20661341195,true,2013-10-15 09:39:00.000,16.4886,-18.9492,"Halali-Agab",-9999.0,"gps","Loxodonta africana","Etosha1","Etosha1","African elephant - Namibia (Kilian)"
20661341204,true,2013-10-15 10:08:00.000,16.4895,-18.94887,"Halali-Agab",-9999.0,"gps","Loxodonta africana","Etosha1","Etosha1","African elephant - Namibia (Kilian)"
20661341212,true,2013-10-15 10:38:00.000,16.49077,-18.9489,"Halali-Agab",-9999.0,"gps","Loxodonta africana","Etosha1","Etosha1","African elephant - Namibia (Kilian)"
20661341222,true,2013-10-15 11:08:00.000,16.49218,-18.94983,"Halali-Agab",-9999.0,"gps","Loxodonta africana","Etosha1","Etosha1","African elephant - Namibia (Kilian)"
20661341231,true,2013-10-15 11:38:00.000,16.49485,-18.95173,"Halali-Agab",-9999.0,"gps","Loxodonta africana","Etosha1","Etosha1","African elephant - Namibia (Kilian)"
20661341241,true,2013-10-15 12:09:00.000,16.49568,-18.95252,"Halali-Agab",-9999.0,"gps","Loxodonta africana","Etosha1","Etosha1","African elephant - Namibia (Kilian)"
20661341248,true,2013-10-15 12:38:00.000,16.49575,-18.95238,"Halali-Agab",-9999.0,"gps","Loxodonta africana","Etosha1","Etosha1","African elephant - Namibia (Kilian)"
20661341258,true,2013-10-15 13:09:00.000,16.49583,-18.95243,"Halali-Agab",-9999.0,"gps","Loxodonta africana","Etosha1","Etosha1","African elephant - Namibia (Kilian)"
20661341270,true,2013-10-15 13:38:00.000,16.49577,-18.95252,"Halali-Agab",-9999.0,"gps","Loxodonta africana","Etosha1","Etosha1","African elephant - Namibia (Kilian)"
20661341279,true,2013-10-15 14:09:00.000,16.49593,-18.95255,"Halali-Agab",-9999.0,"gps","Loxodonta africana","Etosha1","Etosha1","African elephant - Namibia (Kilian)"
20661341290,true,2013-10-15 14:38:00.000,16.50178,-18.95287,"Halali-Agab",-9999.0,"gps","Loxodonta africana","Etosha1","Etosha1","African elephant - Namibia (Kilian)"
20661341301,true,2013-10-15 15:08:00.000,16.50613,-18.95598,"Halali-Agab",-9999.0,"gps","Loxodonta africana","Etosha1","Etosha1","African elephant - Namibia (Kilian)"
20661341309,true,2013-10-15 15:38:00.000,16.50602,-18.956,"Halali-Agab",-9999.0,"gps","Loxodonta africana","Etosha1","Etosha1","African elephant - Namibia (Kilian)"
20661341318,true,2013-10-15 16:08:00.000,16.50527,-18.95162,"Halali-Agab",-9999.0,"gps","Loxodonta africana","Etosha1","Etosha1","African elephant - Namibia (Kilian)"
20661341325,true,2013-10-15 16:38:00.000,16.50107,-18.94907,"Halali-Agab",-9999.0,"gps","Loxodonta africana","Etosha1","Etosha1","African elephant - Namibia (Kilian)"
20661341336,true,2013-10-15 17:09:00.000,16.49688,-18.94747,"Halali-Agab",-9999.0,"gps","Loxodonta africana","Etosha1","Etosha1","African elephant - Namibia (Kilian)"
20661341344,true,2013-10-15 17:38:00.000,16.49628,-18.94707,"Halali-Agab",-9999.0,"gps","Loxodonta africana","Etosha1","Etosha1","African elephant - Namibia (Kilian)"
20661341353,true,2013-10-15 18:08:00.000,16.49398,-18.94625,"Halali-Agab",-9999.0,"gps","Loxodonta africana","Etosha1","Etosha1","African elephant - Namibia (Kilian)"
20661341363,true,2013-10-15 18:38:00.000,16.4901,-18.94615,"Halali-Agab",-9999.0,"gps","Loxodonta africana","Etosha1","Etosha1","African elephant - Namibia (Kilian)"
20661341374,true,2013-10-15 19:08:00.000,16.48945,-18.94567,"Halali-Agab",-9999.0,"gps","Loxodonta africana","Etosha1","Etosha1","African elephant - Namibia (Kilian)"
20661341383,true,2013-10-15 19:38:00.000,16.48947,-18.94538,"Halali-Agab",-9999.0,"gps","Loxodonta africana","Etosha1","Etosha1","African elephant - Namibia (Kilian)"
20661341393,true,2013-10-15 20:08:00.000,16.48973,-18.94553,"Halali-Agab",-9999.0,"gps","Loxodonta africana","Etosha1","Etosha1","African elephant - Namibia (Kilian)"
20661341401,true,2013-10-15 20:38:00.000,16.49005,-18.94573,"Halali-Agab",-9999.0,"gps","Loxodonta africana","Etosha1","Etosha1","African elephant - Namibia (Kilian)"
20661341413,true,2013-10-15 21:08:00.000,16.49007,-18.94562,"Halali-Agab",-9999.0,"gps","Loxodonta africana","Etosha1","Etosha1","African elephant - Namibia (Kilian)"
20661341422,true,2013-10-15 21:38:00.000,16.48983,-18.94523,"Halali-Agab",-9999.0,"gps","Loxodonta africana","Etosha1","Etosha1","African elephant - Namibia (Kilian)"
20661341432,true,2013-10-15 22:08:00.000,16.49022,-18.94477,"Halali-Agab",-9999.0,"gps","Loxodonta africana","Etosha1","Etosha1","African elephant - Namibia (Kilian)"
20661341441,true,2013-10-15 22:38:00.000,16.4902,-18.94463,"Halali-Agab",-9999.0,"gps","Loxodonta africana","Etosha1","Etosha1","African elephant - Namibia (Kilian)"
20661341451,true,2013-10-15 23:08:00.000,16.49003,-18.94575,"Halali-Agab",-9999.0,"gps","Loxodonta africana","Etosha1","Etosha1","African elephant - Namibia (Kilian)"
20661341460,true,2013-10-15 23:38:00.000,16.48985,-18.94647,"Halali-Agab",-9999.0,"gps","Loxodonta africana","Etosha1","Etosha1","African elephant - Namibia (Kilian)"
20661341468,true,2013-10-16 00:08:00.000,16.48982,-18.94732,"Halali-Agab",-9999.0,"gps","Loxodonta africana","Etosha1","Etosha1","African elephant - Namibia (Kilian)"
20661341477,true,2013-10-16 00:38:00.000,16.48972,-18.94755,"Halali-Agab",-9999.0,"gps","Loxodonta africana","Etosha1","Etosha1","African elephant - Namibia (Kilian)"
20661341488,true,2013-10-16 01:08:00.000,16.49007,-18.94737,"Halali-Agab",-9999.0,"gps","Loxodonta africana","Etosha1","Etosha1","African elephant - Namibia (Kilian)"
20661341497,true,2013-10-16 01:38:00.000,16.48975,-18.94728,"Halali-Agab",-9999.0,"gps","Loxodonta africana","Etosha1","Etosha1","African elephant - Namibia (Kilian)"
20661341507,true,2013-10-16 02:08:00.000,16.48962,-18.94767,"Halali-Agab",-9999.0,"gps","Loxodonta africana","Etosha1","Etosha1","African elephant - Namibia (Kilian)"
20661341516,true,2013-10-16 02:38:00.000,16.49043,-18.9484,"Halali-Agab",-9999.0,"gps","Loxodonta africana","Etosha1","Etosha1","African elephant - Namibia (Kilian)"
20661341526,true,2013-10-16 03:08:00.000,16.4907,-18.94923,"Halali-Agab",-9999.0,"gps","Loxodonta africana","Etosha1","Etosha1","African elephant - Namibia (Kilian)"
20661341533,true,2013-10-16 03:38:00.000,16.49092,-18.9499,"Halali-Agab",-9999.0,"gps","Loxodonta africana","Etosha1","Etosha1","African elephant - Namibia (Kilian)"
20661341542,true,2013-10-16 04:08:00.000,16.491,-18.94968,"Halali-Agab",-9999.0,"gps","Loxodonta africana","Etosha1","Etosha1","African elephant - Namibia (Kilian)"
20661341549,true,2013-10-16 04:39:00.000,16.49108,-18.94995,"Halali-Agab",-9999.0,"gps","Loxodonta africana","Etosha1","Etosha1","African elephant - Namibia (Kilian)"
20661341564,true,2013-10-16 05:38:00.000,16.4909,-18.94993,"Halali-Agab",-9999.0,"gps","Loxodonta africana","Etosha1","Etosha1","African elephant - Namibia (Kilian)"
20661341573,true,2013-10-16 06:08:00.000,16.49093,-18.95007,"Halali-Agab",-9999.0,"gps","Loxodonta africana","Etosha1","Etosha1","African elephant - Namibia (Kilian)"
20661341580,true,2013-10-16 06:38:00.000,16.48865,-18.95195,"Halali-Agab",-9999.0,"gps","Loxodonta africana","Etosha1","Etosha1","African elephant - Namibia (Kilian)"
20661341592,true,2013-10-16 07:08:00.000,16.48707,-18.95357,"Halali-Agab",-9999.0,"gps","Loxodonta africana","Etosha1","Etosha1","African elephant - Namibia (Kilian)"
20661341614,true,2013-10-16 08:21:00.000,16.48648,-18.9553,"Halali-Agab",-9999.0,"gps","Loxodonta africana","Etosha1","Etosha1","African elephant - Namibia (Kilian)"
20661341624,true,2013-10-16 08:50:00.000,16.4859,-18.95518,"Halali-Agab",-9999.0,"gps","Loxodonta africana","Etosha1","Etosha1","African elephant - Namibia (Kilian)"
20661341638,true,2013-10-16 09:20:00.000,16.4864,-18.95603,"Halali-Agab",-9999.0,"gps","Loxodonta africana","Etosha1","Etosha1","African elephant - Namibia (Kilian)"
20661341648,true,2013-10-16 09:50:00.000,16.48697,-18.95715,"Halali-Agab",-9999.0,"gps","Loxodonta africana","Etosha1","Etosha1","African elephant - Namibia (Kilian)"
20661341657,true,2013-10-16 10:20:00.000,16.48707,-18.95765,"Halali-Agab",-9999.0,"gps","Loxodonta africana","Etosha1","Etosha1","African elephant - Namibia (Kilian)"
20661341665,true,2013-10-16 10:51:00.000,16.487,-18.9577,"Halali-Agab",-9999.0,"gps","Loxodonta africana","Etosha1","Etosha1","African elephant - Namibia (Kilian)"
20661341676,true,2013-10-16 11:21:00.000,16.48795,-18.95785,"Halali-Agab",-9999.0,"gps","Loxodonta africana","Etosha1","Etosha1","African elephant - Namibia (Kilian)"
20661341684,true,2013-10-16 11:50:00.000,16.4882,-18.958,"Halali-Agab",-9999.0,"gps","Loxodonta africana","Etosha1","Etosha1","African elephant - Namibia (Kilian)"
20661341694,true,2013-10-16 12:20:00.000,16.48832,-18.95772,"Halali-Agab",-9999.0,"gps","Loxodonta africana","Etosha1","Etosha1","African elephant - Namibia (Kilian)"
20661341701,true,2013-10-16 12:49:00.000,16.4885,-18.95748,"Halali-Agab",-9999.0,"gps","Loxodonta africana","Etosha1","Etosha1","African elephant - Namibia (Kilian)"
20661341712,true,2013-10-16 13:20:00.000,16.48957,-18.95893,"Halali-Agab",-9999.0,"gps","Loxodonta africana","Etosha1","Etosha1","African elephant - Namibia (Kilian)"
20661341719,true,2013-10-16 13:51:00.000,16.4898,-18.96068,"Halali-Agab",-9999.0,"gps","Loxodonta africana","Etosha1","Etosha1","African elephant - Namibia (Kilian)"
20661341729,true,2013-10-16 14:20:00.000,16.48515,-18.966,"Halali-Agab",-9999.0,"gps","Loxodonta africana","Etosha1","Etosha1","African elephant - Namibia (Kilian)"
20661341739,true,2013-10-16 14:52:00.000,16.48925,-18.96627,"Halali-Agab",-9999.0,"gps","Loxodonta africana","Etosha1","Etosha1","African elephant - Namibia (Kilian)"
20661341749,true,2013-10-16 15:19:00.000,16.49265,-18.96817,"Halali-Agab",-9999.0,"gps","Loxodonta africana","Etosha1","Etosha1","African elephant - Namibia (Kilian)"
20661341758,true,2013-10-16 15:50:00.000,16.49297,-18.9695,"Halali-Agab",-9999.0,"gps","Loxodonta africana","Etosha1","Etosha1","African elephant - Namibia (Kilian)"
20661341768,true,2013-10-16 16:20:00.000,16.49442,-18.96965,"Halali-Agab",-9999.0,"gps","Loxodonta africana","Etosha1","Etosha1","African elephant - Namibia (Kilian)"
20661341776,true,2013-10-16 16:50:00.000,16.4957,-18.96832,"Halali-Agab",-9999.0,"gps","Loxodonta africana","Etosha1","Etosha1","African elephant - Namibia (Kilian)"
20661341788,true,2013-10-16 17:20:00.000,16.49607,-18.96678,"Halali-Agab",-9999.0,"gps","Loxodonta africana","Etosha1","Etosha1","African elephant - Namibia (Kilian)"
20661341796,true,2013-10-16 17:50:00.000,16.49747,-18.96422,"Halali-Agab",-9999.0,"gps","Loxodonta africana","Etosha1","Etosha1","African elephant - Namibia (Kilian)"
20661341806,true,2013-10-16 18:20:00.000,16.4987,-18.96223,"Halali-Agab",-9999.0,"gps","Loxodonta africana","Etosha1","Etosha1","African elephant - Namibia (Kilian)"
20661341815,true,2013-10-16 18:50:00.000,16.50593,-18.95605,"Halali-Agab",-9999.0,"gps","Loxodonta africana","Etosha1","Etosha1","African elephant - Namibia (Kilian)"
20661341825,true,2013-10-16 19:19:00.000,16.50657,-18.95573,"Halali-Agab",-9999.0,"gps","Loxodonta africana","Etosha1","Etosha1","African elephant - Namibia (Kilian)"
20661341835,true,2013-10-16 19:49:00.000,16.50613,-18.95585,"Halali-Agab",-9999.0,"gps","Loxodonta africana","Etosha1","Etosha1","African elephant - Namibia (Kilian)"
20661341846,true,2013-10-16 20:20:00.000,16.50595,-18.956,"Halali-Agab",-9999.0,"gps","Loxodonta africana","Etosha1","Etosha1","African elephant - Namibia (Kilian)"
20661341855,true,2013-10-16 20:50:00.000,16.50663,-18.95518,"Halali-Agab",-9999.0,"gps","Loxodonta africana","Etosha1","Etosha1","African elephant - Namibia (Kilian)"
20661341867,true,2013-10-16 21:20:00.000,16.50722,-18.95077,"Halali-Agab",-9999.0,"gps","Loxodonta africana","Etosha1","Etosha1","African elephant - Namibia (Kilian)"
20661341875,true,2013-10-16 21:50:00.000,16.5059,-18.94695,"Halali-Agab",-9999.0,"gps","Loxodonta africana","Etosha1","Etosha1","African elephant - Namibia (Kilian)"
20661341884,true,2013-10-16 22:20:00.000,16.50343,-18.94348,"Halali-Agab",-9999.0,"gps","Loxodonta africana","Etosha1","Etosha1","African elephant - Namibia (Kilian)"
20661341894,true,2013-10-16 22:50:00.000,16.50067,-18.94212,"Halali-Agab",-9999.0,"gps","Loxodonta africana","Etosha1","Etosha1","African elephant - Namibia (Kilian)"
20661341904,true,2013-10-16 23:20:00.000,16.49905,-18.9394,"Halali-Agab",-9999.0,"gps","Loxodonta africana","Etosha1","Etosha1","African elephant - Namibia (Kilian)"
20661341915,true,2013-10-16 23:50:00.000,16.50057,-18.93863,"Halali-Agab",-9999.0,"gps","Loxodonta africana","Etosha1","Etosha1","African elephant - Namibia (Kilian)"
20661341926,true,2013-10-17 00:20:00.000,16.50392,-18.9378,"Halali-Agab",-9999.0,"gps","Loxodonta africana","Etosha1","Etosha1","African elephant - Namibia (Kilian)"
20661341935,true,2013-10-17 00:50:00.000,16.50638,-18.93527,"Halali-Agab",-9999.0,"gps","Loxodonta africana","Etosha1","Etosha1","African elephant - Namibia (Kilian)"
20661341945,true,2013-10-17 01:19:00.000,16.51173,-18.93257,"Halali-Agab",-9999.0,"gps","Loxodonta africana","Etosha1","Etosha1","African elephant - Namibia (Kilian)"
20661341954,true,2013-10-17 01:50:00.000,16.5163,-18.93185,"Halali-Agab",-9999.0,"gps","Loxodonta africana","Etosha1","Etosha1","African elephant - Namibia (Kilian)"
20661341964,true,2013-10-17 02:20:00.000,16.51868,-18.93218,"Halali-Agab",-9999.0,"gps","Loxodonta africana","Etosha1","Etosha1","African elephant - Namibia (Kilian)"
20661341974,true,2013-10-17 02:50:00.000,16.52173,-18.93358,"Halali-Agab",-9999.0,"gps","Loxodonta africana","Etosha1","Etosha1","African elephant - Namibia (Kilian)"
20661341984,true,2013-10-17 03:20:00.000,16.52327,-18.9338,"Halali-Agab",-9999.0,"gps","Loxodonta africana","Etosha1","Etosha1","African elephant - Namibia (Kilian)"
20661341994,true,2013-10-17 03:50:00.000,16.52358,-18.93395,"Halali-Agab",-9999.0,"gps","Loxodonta africana","Etosha1","Etosha1","African elephant - Namibia (Kilian)"
20661342004,true,2013-10-17 04:20:00.000,16.5234,-18.93407,"Halali-Agab",-9999.0,"gps","Loxodonta africana","Etosha1","Etosha1","African elephant - Namibia (Kilian)"
20661342012,true,2013-10-17 04:50:00.000,16.52347,-18.9341,"Halali-Agab",-9999.0,"gps","Loxodonta africana","Etosha1","Etosha1","African elephant - Namibia (Kilian)"
20661342019,true,2013-10-17 05:20:00.000,16.52338,-18.93398,"Halali-Agab",-9999.0,"gps","Loxodonta africana","Etosha1","Etosha1","African elephant - Namibia (Kilian)"
20661342025,true,2013-10-17 05:50:00.000,16.52328,-18.93428,"Halali-Agab",-9999.0,"gps","Loxodonta africana","Etosha1","Etosha1","African elephant - Namibia (Kilian)"
20661342032,true,2013-10-17 06:20:00.000,16.52325,-18.9344,"Halali-Agab",-9999.0,"gps","Loxodonta africana","Etosha1","Etosha1","African elephant - Namibia (Kilian)"
20661342042,true,2013-10-17 06:50:00.000,16.52595,-18.93512,"Halali-Agab",-9999.0,"gps","Loxodonta africana","Etosha1","Etosha1","African elephant - Namibia (Kilian)"
20661342051,true,2013-10-17 07:20:00.000,16.5285,-18.93467,"Halali-Agab",-9999.0,"gps","Loxodonta africana","Etosha1","Etosha1","African elephant - Namibia (Kilian)"
20661342061,true,2013-10-17 07:50:00.000,16.5301,-18.93472,"Halali-Agab",-9999.0,"gps","Loxodonta africana","Etosha1","Etosha1","African elephant - Namibia (Kilian)"
20661342070,true,2013-10-17 08:20:00.000,16.53092,-18.93607,"Halali-Agab",-9999.0,"gps","Loxodonta africana","Etosha1","Etosha1","African elephant - Namibia (Kilian)"
20661342078,true,2013-10-17 08:50:00.000,16.53162,-18.93652,"Halali-Agab",-9999.0,"gps","Loxodonta africana","Etosha1","Etosha1","African elephant - Namibia (Kilian)"
20661342090,true,2013-10-17 09:20:00.000,16.53332,-18.93755,"Halali-Agab",-9999.0,"gps","Loxodonta africana","Etosha1","Etosha1","African elephant - Namibia (Kilian)"
20661342097,true,2013-10-17 09:50:00.000,16.53443,-18.9381,"Halali-Agab",-9999.0,"gps","Loxodonta africana","Etosha1","Etosha1","African elephant - Namibia (Kilian)"
20661342106,true,2013-10-17 10:20:00.000,16.5366,-18.93808,"Halali-Agab",-9999.0,"gps","Loxodonta africana","Etosha1","Etosha1","African elephant - Namibia (Kilian)"
20661342116,true,2013-10-17 10:50:00.000,16.5398,-18.93908,"Halali-Agab",-9999.0,"gps","Loxodonta africana","Etosha1","Etosha1","African elephant - Namibia (Kilian)"
20661342127,true,2013-10-17 11:20:00.000,16.54177,-18.9398,"Halali-Agab",-9999.0,"gps","Loxodonta africana","Etosha1","Etosha1","African elephant - Namibia (Kilian)"
20661342136,true,2013-10-17 11:50:00.000,16.5418,-18.94043,"Halali-Agab",-9999.0,"gps","Loxodonta africana","Etosha1","Etosha1","African elephant - Namibia (Kilian)"
20661342147,true,2013-10-17 12:20:00.000,16.54177,-18.94147,"Halali-Agab",-9999.0,"gps","Loxodonta africana","Etosha1","Etosha1","African elephant - Namibia (Kilian)"
20661342156,true,2013-10-17 12:51:00.000,16.54077,-18.94263,"Halali-Agab",-9999.0,"gps","Loxodonta africana","Etosha1","Etosha1","African elephant - Namibia (Kilian)"
20661342168,true,2013-10-17 13:20:00.000,16.54045,-18.94327,"Halali-Agab",-9999.0,"gps","Loxodonta africana","Etosha1","Etosha1","African elephant - Namibia (Kilian)"
20661342176,true,2013-10-17 13:50:00.000,16.54743,-18.94405,"Halali-Agab",-9999.0,"gps","Loxodonta africana","Etosha1","Etosha1","African elephant - Namibia (Kilian)"
20661342186,true,2013-10-17 14:20:00.000,16.54988,-18.94232,"Halali-Agab",-9999.0,"gps","Loxodonta africana","Etosha1","Etosha1","African elephant - Namibia (Kilian)"
20661342195,true,2013-10-17 14:51:00.000,16.55335,-18.94342,"Halali-Agab",-9999.0,"gps","Loxodonta africana","Etosha1","Etosha1","African elephant - Namibia (Kilian)"
20661342205,true,2013-10-17 15:20:00.000,16.55597,-18.9444,"Halali-Agab",-9999.0,"gps","Loxodonta africana","Etosha1","Etosha1","African elephant - Namibia (Kilian)"
20661342215,true,2013-10-17 15:49:00.000,16.55593,-18.94408,"Halali-Agab",-9999.0,"gps","Loxodonta africana","Etosha1","Etosha1","African elephant - Namibia (Kilian)"
20661342227,true,2013-10-17 16:20:00.000,16.55822,-18.94428,"Halali-Agab",-9999.0,"gps","Loxodonta africana","Etosha1","Etosha1","African elephant - Namibia (Kilian)"
20661342236,true,2013-10-17 16:50:00.000,16.56008,-18.94588,"Halali-Agab",-9999.0,"gps","Loxodonta africana","Etosha1","Etosha1","African elephant - Namibia (Kilian)"
20661342248,true,2013-10-17 17:20:00.000,16.56005,-18.94633,"Halali-Agab",-9999.0,"gps","Loxodonta africana","Etosha1","Etosha1","African elephant - Namibia (Kilian)"
20661342256,true,2013-10-17 17:50:00.000,16.56027,-18.94742,"Halali-Agab",-9999.0,"gps","Loxodonta africana","Etosha1","Etosha1","African elephant - Namibia (Kilian)"
20661342266,true,2013-10-17 18:20:00.000,16.5591,-18.9491,"Halali-Agab",-9999.0,"gps","Loxodonta africana","Etosha1","Etosha1","African elephant - Namibia (Kilian)"
20661342275,true,2013-10-17 18:49:00.000,16.5595,-18.95125,"Halali-Agab",-9999.0,"gps","Loxodonta africana","Etosha1","Etosha1","African elephant - Namibia (Kilian)"
20661342285,true,2013-10-17 19:20:00.000,16.55752,-18.95273,"Halali-Agab",-9999.0,"gps","Loxodonta africana","Etosha1","Etosha1","African elephant - Namibia (Kilian)"
20661342294,true,2013-10-17 19:50:00.000,16.5565,-18.95327,"Halali-Agab",-9999.0,"gps","Loxodonta africana","Etosha1","Etosha1","African elephant - Namibia (Kilian)"
20661342305,true,2013-10-17 20:20:00.000,16.55775,-18.95218,"Halali-Agab",-9999.0,"gps","Loxodonta africana","Etosha1","Etosha1","African elephant - Namibia (Kilian)"
20661342314,true,2013-10-17 20:50:00.000,16.5575,-18.95028,"Halali-Agab",-9999.0,"gps","Loxodonta africana","Etosha1","Etosha1","African elephant - Namibia (Kilian)"
20661342326,true,2013-10-17 21:20:00.000,16.55762,-18.94975,"Halali-Agab",-9999.0,"gps","Loxodonta africana","Etosha1","Etosha1","African elephant - Namibia (Kilian)"
20661342334,true,2013-10-17 21:50:00.000,16.55967,-18.9481,"Halali-Agab",-9999.0,"gps","Loxodonta africana","Etosha1","Etosha1","African elephant - Namibia (Kilian)"
20661342344,true,2013-10-17 22:20:00.000,16.56073,-18.9473,"Halali-Agab",-9999.0,"gps","Loxodonta africana","Etosha1","Etosha1","African elephant - Namibia (Kilian)"
20661342355,true,2013-10-17 22:50:00.000,16.56085,-18.94673,"Halali-Agab",-9999.0,"gps","Loxodonta africana","Etosha1","Etosha1","African elephant - Namibia (Kilian)"
20661342365,true,2013-10-17 23:20:00.000,16.56038,-18.94592,"Halali-Agab",-9999.0,"gps","Loxodonta africana","Etosha1","Etosha1","African elephant - Namibia (Kilian)"
20661342375,true,2013-10-17 23:50:00.000,16.56113,-18.944,"Halali-Agab",-9999.0,"gps","Loxodonta africana","Etosha1","Etosha1","African elephant - Namibia (Kilian)"
20661342385,true,2013-10-18 00:20:00.000,16.56127,-18.9431,"Halali-Agab",-9999.0,"gps","Loxodonta africana","Etosha1","Etosha1","African elephant - Namibia (Kilian)"
20661342394,true,2013-10-18 00:50:00.000,16.56245,-18.94168,"Halali-Agab",-9999.0,"gps","Loxodonta africana","Etosha1","Etosha1","African elephant - Namibia (Kilian)"
20661342406,true,2013-10-18 01:20:00.000,16.56348,-18.93772,"Halali-Agab",-9999.0,"gps","Loxodonta africana","Etosha1","Etosha1","African elephant - Namibia (Kilian)"
20661342414,true,2013-10-18 01:50:00.000,16.56358,-18.93728,"Halali-Agab",-9999.0,"gps","Loxodonta africana","Etosha1","Etosha1","African elephant - Namibia (Kilian)"
20661342424,true,2013-10-18 02:21:00.000,16.56385,-18.93848,"Halali-Agab",-9999.0,"gps","Loxodonta africana","Etosha1","Etosha1","African elephant - Namibia (Kilian)"
20661342434,true,2013-10-18 02:50:00.000,16.56392,-18.93845,"Halali-Agab",-9999.0,"gps","Loxodonta africana","Etosha1","Etosha1","African elephant - Namibia (Kilian)"
20661342442,true,2013-10-18 03:22:00.000,16.5637,-18.93857,"Halali-Agab",-9999.0,"gps","Loxodonta africana","Etosha1","Etosha1","African elephant - Namibia (Kilian)"
20661342450,true,2013-10-18 03:50:00.000,16.5639,-18.9386,"Halali-Agab",-9999.0,"gps","Loxodonta africana","Etosha1","Etosha1","African elephant - Namibia (Kilian)"
20661342461,true,2013-10-18 04:20:00.000,16.56398,-18.93827,"Halali-Agab",-9999.0,"gps","Loxodonta africana","Etosha1","Etosha1","African elephant - Namibia (Kilian)"
20661342467,true,2013-10-18 04:50:00.000,16.5639,-18.93845,"Halali-Agab",-9999.0,"gps","Loxodonta africana","Etosha1","Etosha1","African elephant - Namibia (Kilian)"
20661342482,true,2013-10-18 05:50:00.000,16.56447,-18.93793,"Halali-Agab",-9999.0,"gps","Loxodonta africana","Etosha1","Etosha1","African elephant - Namibia (Kilian)"
20661342503,true,2013-10-18 07:02:00.000,16.56697,-18.93312,"Halali-Agab",-9999.0,"gps","Loxodonta africana","Etosha1","Etosha1","African elephant - Namibia (Kilian)"
20661342511,true,2013-10-18 07:31:00.000,16.56863,-18.9321,"Halali-Agab",-9999.0,"gps","Loxodonta africana","Etosha1","Etosha1","African elephant - Namibia (Kilian)"
20661342522,true,2013-10-18 08:01:00.000,16.56727,-18.93235,"Halali-Agab",-9999.0,"gps","Loxodonta africana","Etosha1","Etosha1","African elephant - Namibia (Kilian)"
20661342531,true,2013-10-18 08:31:00.000,16.56488,-18.93275,"Halali-Agab",-9999.0,"gps","Loxodonta africana","Etosha1","Etosha1","African elephant - Namibia (Kilian)"
20661342541,true,2013-10-18 09:01:00.000,16.56165,-18.93338,"Halali-Agab",-9999.0,"gps","Loxodonta africana","Etosha1","Etosha1","African elephant - Namibia (Kilian)"
20661342551,true,2013-10-18 09:31:00.000,16.5616,-18.93462,"Halali-Agab",-9999.0,"gps","Loxodonta africana","Etosha1","Etosha1","African elephant - Namibia (Kilian)"
20661342561,true,2013-10-18 10:02:00.000,16.56103,-18.93588,"Halali-Agab",-9999.0,"gps","Loxodonta africana","Etosha1","Etosha1","African elephant - Namibia (Kilian)"
20661342568,true,2013-10-18 10:31:00.000,16.5609,-18.93588,"Halali-Agab",-9999.0,"gps","Loxodonta africana","Etosha1","Etosha1","African elephant - Namibia (Kilian)"
20661342609,true,2013-10-18 13:19:00.000,16.55387,-18.93972,"Halali-Agab",-9999.0,"gps","Loxodonta africana","Etosha1","Etosha1","African elephant - Namibia (Kilian)"
20661342617,true,2013-10-18 13:48:00.000,16.54973,-18.94175,"Halali-Agab",-9999.0,"gps","Loxodonta africana","Etosha1","Etosha1","African elephant - Namibia (Kilian)"
20661342624,true,2013-10-18 14:18:00.000,16.5502,-18.9423,"Halali-Agab",-9999.0,"gps","Loxodonta africana","Etosha1","Etosha1","African elephant - Namibia (Kilian)"
20661342633,true,2013-10-18 14:49:00.000,16.54992,-18.94225,"Halali-Agab",-9999.0,"gps","Loxodonta africana","Etosha1","Etosha1","African elephant - Namibia (Kilian)"
20661342664,true,2013-10-18 16:53:00.000,16.54962,-18.94853,"Halali-Agab",-9999.0,"gps","Loxodonta africana","Etosha1","Etosha1","African elephant - Namibia (Kilian)"
20661342671,true,2013-10-18 17:22:00.000,16.54962,-18.94902,"Halali-Agab",-9999.0,"gps","Loxodonta africana","Etosha1","Etosha1","African elephant - Namibia (Kilian)"
20661342679,true,2013-10-18 17:52:00.000,16.54945,-18.9495,"Halali-Agab",-9999.0,"gps","Loxodonta africana","Etosha1","Etosha1","African elephant - Namibia (Kilian)"
20661342689,true,2013-10-18 18:24:00.000,16.54782,-18.951,"Halali-Agab",-9999.0,"gps","Loxodonta africana","Etosha1","Etosha1","African elephant - Namibia (Kilian)"
20661342698,true,2013-10-18 18:52:00.000,16.54652,-18.9543,"Halali-Agab",-9999.0,"gps","Loxodonta africana","Etosha1","Etosha1","African elephant - Namibia (Kilian)"
20661342708,true,2013-10-18 19:22:00.000,16.54198,-18.95593,"Halali-Agab",-9999.0,"gps","Loxodonta africana","Etosha1","Etosha1","African elephant - Namibia (Kilian)"
20661342718,true,2013-10-18 19:52:00.000,16.53462,-18.95538,"Halali-Agab",-9999.0,"gps","Loxodonta africana","Etosha1","Etosha1","African elephant - Namibia (Kilian)"
20661342730,true,2013-10-18 20:23:00.000,16.52818,-18.95835,"Halali-Agab",-9999.0,"gps","Loxodonta africana","Etosha1","Etosha1","African elephant - Namibia (Kilian)"
20661342738,true,2013-10-18 20:52:00.000,16.5209,-18.95928,"Halali-Agab",-9999.0,"gps","Loxodonta africana","Etosha1","Etosha1","African elephant - Namibia (Kilian)"
20661342748,true,2013-10-18 21:22:00.000,16.51273,-18.95723,"Halali-Agab",-9999.0,"gps","Loxodonta africana","Etosha1","Etosha1","African elephant - Namibia (Kilian)"
20661342755,true,2013-10-18 21:53:00.000,16.50615,-18.95602,"Halali-Agab",-9999.0,"gps","Loxodonta africana","Etosha1","Etosha1","African elephant - Namibia (Kilian)"
20661342764,true,2013-10-18 22:22:00.000,16.50608,-18.95603,"Halali-Agab",-9999.0,"gps","Loxodonta africana","Etosha1","Etosha1","African elephant - Namibia (Kilian)"
20661342776,true,2013-10-18 22:52:00.000,16.50597,-18.95602,"Halali-Agab",-9999.0,"gps","Loxodonta africana","Etosha1","Etosha1","African elephant - Namibia (Kilian)"
20661342786,true,2013-10-18 23:22:00.000,16.50592,-18.95597,"Halali-Agab",-9999.0,"gps","Loxodonta africana","Etosha1","Etosha1","African elephant - Namibia (Kilian)"
20661342797,true,2013-10-18 23:54:00.000,16.50595,-18.95597,"Halali-Agab",-9999.0,"gps","Loxodonta africana","Etosha1","Etosha1","African elephant - Namibia (Kilian)"
20661342806,true,2013-10-19 00:22:00.000,16.50802,-18.95328,"Halali-Agab",-9999.0,"gps","Loxodonta africana","Etosha1","Etosha1","African elephant - Namibia (Kilian)"
20661342815,true,2013-10-19 00:52:00.000,16.50928,-18.95132,"Halali-Agab",-9999.0,"gps","Loxodonta africana","Etosha1","Etosha1","African elephant - Namibia (Kilian)"
20661342827,true,2013-10-19 01:23:00.000,16.51063,-18.94885,"Halali-Agab",-9999.0,"gps","Loxodonta africana","Etosha1","Etosha1","African elephant - Namibia (Kilian)"
20661342834,true,2013-10-19 01:52:00.000,16.51193,-18.94722,"Halali-Agab",-9999.0,"gps","Loxodonta africana","Etosha1","Etosha1","African elephant - Namibia (Kilian)"
20661342844,true,2013-10-19 02:22:00.000,16.5133,-18.94528,"Halali-Agab",-9999.0,"gps","Loxodonta africana","Etosha1","Etosha1","African elephant - Namibia (Kilian)"
20661342856,true,2013-10-19 02:52:00.000,16.51437,-18.94328,"Halali-Agab",-9999.0,"gps","Loxodonta africana","Etosha1","Etosha1","African elephant - Namibia (Kilian)"
20661342888,true,2013-10-19 04:36:00.000,16.5255,-18.9358,"Halali-Agab",-9999.0,"gps","Loxodonta africana","Etosha1","Etosha1","African elephant - Namibia (Kilian)"
20661342898,true,2013-10-19 05:06:00.000,16.52207,-18.93955,"Halali-Agab",-9999.0,"gps","Loxodonta africana","Etosha1","Etosha1","African elephant - Namibia (Kilian)"
20661342906,true,2013-10-19 05:33:00.000,16.51675,-18.93997,"Halali-Agab",-9999.0,"gps","Loxodonta africana","Etosha1","Etosha1","African elephant - Namibia (Kilian)"
